<?xml version="1.0" encoding="utf-8"?>
<manifest identifier="_6JxaqcCmp5b_course_id" version="1.0" xmlns="http://www.imsproject.org/xsd/imscp_rootv1p1p2" xmlns:adlcp="http://www.adlnet.org/xsd/adlcp_rootv1p2" xmlns:xsi="http://www.w3.org/2001/XMLSchema-instance" xsi:schemaLocation="http://www.imsproject.org/xsd/imscp_rootv1p1p2 imscp_rootv1p1p2.xsd http://www.imsglobal.org/xsd/imsmd_rootv1p2p1 imsmd_rootv1p2p1.xsd http://www.adlnet.org/xsd/adlcp_rootv1p2 adlcp_rootv1p2.xsd">
  <metadata>
    <schema>ADL SCORM</schema>
    <schemaversion>1.2</schemaversion>
    <lom xmlns="http://www.imsglobal.org/xsd/imsmd_rootv1p2p1" xmlns:xsi="http://www.w3.org/2001/XMLSchema-instance" xsi:schemaLocation="http://www.imsglobal.org/xsd/imsmd_rootv1p2p1 imsmd_rootv1p2p1.xsd">
      <general>
        <title>
          <langstring xml:lang="x-none">HD05_B01_LED_NHANVATKYBI</langstring>
        </title>
      </general>
      <lifecycle>
        <version>
          <langstring xml:lang="x-none">1</langstring>
        </version>
        <status>
          <source>
            <langstring xml:lang="x-none">LOMv1.0</langstring>
          </source>
          <value>
            <langstring xml:lang="x-none">Final</langstring>
          </value>
        </status>
      </lifecycle>
      <metametadata>
        <metadatascheme>ADL SCORM 1.2</metadatascheme>
      </metametadata>
      <educational>
        <typicallearningtime>
          <datetime>PT0H0M0S</datetime>
        </typicallearningtime>
      </educational>
      <rights>
        <cost>
          <source>
            <langstring xml:lang="x-none">LOMv1.0</langstring>
          </source>
          <value>
            <langstring xml:lang="x-none">yes</langstring>
          </value>
        </cost>
        <copyrightandotherrestrictions>
          <source>
            <langstring xml:lang="x-none">LOMv1.0</langstring>
          </source>
          <value>
            <langstring xml:lang="x-none">yes</langstring>
          </value>
        </copyrightandotherrestrictions>
      </rights>
    </lom>
  </metadata>
  <organizations default="HD05_B01_LED_NHANVATKYBI_ORG">
    <organization identifier="HD05_B01_LED_NHANVATKYBI_ORG">
      <title>HD05_B01_LED_NHANVATKYBI</title>
      <item identifier="hd05_rv_SCO" isvisible="true" identifierref="__6JxaqcCmp5b_course_id_RES">
        <title>HD05_B01_LED_NHANVATKYBI</title>
      </item>
    </organization>
  </organizations>
  <resources>
    <resource identifier="__6JxaqcCmp5b_course_id_RES" type="webcontent" href="index_lms.html" adlcp:scormtype="sco">
      <file href="story_content/thumbnail.jpg" />
      <file href="story_content/video_6j6YgGaok7L_22_48_720x406.mp4" />
      <file href="mobile/video_6j6YgGaok7L_22_48_720x406.jpg" />
      <file href="story_content/5pfVGKCWHJM_22050_48_0.mp3" />
      <file href="story_content/Slide6lX0HHxbspK.swf" />
      <file href="story_content/5WwS9stELC8_22050_48_0.mp3" />
      <file href="story_content/6buHNp9QIEi_22050_48_0.mp3" />
      <file href="story_content/669ILf3E6Ja_22050_48_0.mp3" />
      <file href="story_content/Slide5qffG73tHD2.swf" />
      <file href="story_content/63xk7ls077C_80_DX608_DY608.swf" />
      <file href="mobile/63xk7ls077C_80_DX608_DY608_CX168_CY455.png" />
      <file href="story_content/6dfZjHM12pX_22050_48_0.mp3" />
      <file href="story_content/Slide5u2u4EfFXlw.swf" />
      <file href="story_content/6ElwrCctfeV_80_DX1300_DY1300.swf" />
      <file href="mobile/6ElwrCctfeV_80_DX1300_DY1300_CX650_CY356.png" />
      <file href="story_content/6IpM6uMjFFw_22050_48_0.mp3" />
      <file href="story_content/5xsjVOQSNvC_80_DX518_DY518.swf" />
      <file href="mobile/5xsjVOQSNvC_80_DX518_DY518_CX362_CY388.png" />
      <file href="story_content/Slide5kFypLEwNFZ.swf" />
      <file href="story_content/6qS32qyznB7_22050_48_0.mp3" />
      <file href="mobile/5xsjVOQSNvC_80_DX518_DY518_CX172_CY184.png" />
      <file href="story_content/Slide61ebSxHO8DE.swf" />
      <file href="story_content/Slide6pRpdIDJPt4.swf" />
      <file href="story_content/6qMsYjmbbbn_80_DX388_DY388.swf" />
      <file href="mobile/6qMsYjmbbbn_80_DX388_DY388_CX201_CY208.png" />
      <file href="story_content/5lHnazLoU7B_22050_48_0.mp3" />
      <file href="story_content/Slide5dMFhQPIrvi.swf" />
      <file href="story_content/6G1ZHs3AR8V_22050_48_0.mp3" />
      <file href="story_content/6Aq8hQEhChm_80_DX1244_DY1244.jpg" />
      <file href="mobile/6Aq8hQEhChm_80_DX1244_DY1244_CX371_CY196.jpg" />
      <file href="mobile/6Aq8hQEhChm_80_DX1244_DY1244_CX622_CY329.jpg" />
      <file href="story_content/Slide5zEO5m77peS.swf" />
      <file href="story_content/63xlQmFzkaF_22050_48_0.mp3" />
      <file href="mobile/6qMsYjmbbbn_80_DX388_DY388_CX278_CY288.png" />
      <file href="story_content/Slide6JTrPAf01Ck.swf" />
      <file href="story_content/5zc24Z8HLa4_22050_48_0.mp3" />
      <file href="story_content/5y47DEHZvel_80_DX576_DY576.swf" />
      <file href="mobile/5y47DEHZvel_80_DX576_DY576_CX427_CY427.png" />
      <file href="story_content/Slide6WAqFwEOOuj.swf" />
      <file href="story_content/6pD3l8R4JnQ_22050_48_0.mp3" />
      <file href="story_content/6Su1ciKqir0_80_DX320_DY320.swf" />
      <file href="mobile/6Su1ciKqir0_80_DX320_DY320_CX240_CY240.png" />
      <file href="story_content/6B6v61y0WeA_80_P_145_75_430_430_DX246_DY246.swf" />
      <file href="mobile/6B6v61y0WeA_80_P_145_75_430_430_DX246_DY246_CX111_CY111.png" />
      <file href="story_content/6Smy47K92u2_80_DX1400_DY1400.swf" />
      <file href="mobile/6Smy47K92u2_80_DX1400_DY1400_CX1050_CY590.png" />
      <file href="story_content/_glow.swf" />
      <file href="story_content/Slide5vZbPegzWAV.swf" />
      <file href="story_content/5vX8H6fFQri_22050_48_0.mp3" />
      <file href="story_content/6cEsWvT9iRP_80_P_0_0_596_438_DX912_DY912.swf" />
      <file href="mobile/6cEsWvT9iRP_80_P_0_0_596_438_DX912_DY912_CX596_CY439.png" />
      <file href="mobile/5xsjVOQSNvC_80_DX518_DY518_CX204_CY218.png" />
      <file href="story_content/6Pv8Jg9V42Z_80_DX1698_DY1698.swf" />
      <file href="mobile/6Pv8Jg9V42Z_80_DX1698_DY1698_CX830_CY444.png" />
      <file href="story_content/video_6nnQCPsQ1Bj_22_48_428x242.mp4" />
      <file href="mobile/video_6nnQCPsQ1Bj_22_48_428x242.jpg" />
      <file href="story_content/Slide5fnULWK4MNU.swf" />
      <file href="story_content/5dNPvX2lolm_22050_48_0.mp3" />
      <file href="story_content/5jxzQf3Lape_80_P_0_114_705_698_DX696_DY696.swf" />
      <file href="mobile/5jxzQf3Lape_80_P_0_114_705_698_DX696_DY696_CX453_CY449.png" />
      <file href="story_content/6pYzYc9Ev7F_80_P_0_0_487_119_DX856_DY856.swf" />
      <file href="mobile/6pYzYc9Ev7F_80_P_0_0_487_119_DX856_DY856_CX487_CY120.png" />
      <file href="story_content/video_6TwALnO1SVE_22_48_422x238.mp4" />
      <file href="mobile/video_6TwALnO1SVE_22_48_422x238.jpg" />
      <file href="mobile/6Pv8Jg9V42Z_80_DX1698_DY1698_CX1106_CY592.png" />
      <file href="story_content/video_5VsQXyoiLWM_22_48_596x336.mp4" />
      <file href="mobile/video_5VsQXyoiLWM_22_48_596x336.jpg" />
      <file href="story_content/Slide6WpMzgPaNA2.swf" />
      <file href="story_content/5gwRoPpyRMQ_22050_48_0.mp3" />
      <file href="story_content/Slide6aBDoyVSC6f.swf" />
      <file href="story_content/64QNu9oWNCu_22050_48_0.mp3" />
      <file href="mobile/5xsjVOQSNvC_80_DX518_DY518_CX194_CY208.png" />
      <file href="story_content/Slide6PRh7xsRABD.swf" />
      <file href="story_content/6X4b8kXKnJl_X_80_DX608_DY608.swf" />
      <file href="mobile/6X4b8kXKnJl_X_80_DX608_DY608_CX171_CY454.png" />
      <file href="story_content/6YnoricunB0_22050_48_0.mp3" />
      <file href="story_content/61FqJrynibr_22050_48_0.mp3" />
      <file href="meta.xml" />
      <file href="story_content/FontFactory.swf" />
      <file href="story_content/fonts.swf" />
      <file href="story_content/frame.xml" />
      <file href="story_content/frame.json" />
      <file href="story_content/user.js" />
      <file href="mobile/Slide6lX0HHxbspK.jpg" />
      <file href="mobile/Slide5qffG73tHD2.jpg" />
      <file href="mobile/Slide5u2u4EfFXlw.jpg" />
      <file href="mobile/Slide5kFypLEwNFZ.jpg" />
      <file href="mobile/Slide61ebSxHO8DE.jpg" />
      <file href="mobile/Slide6pRpdIDJPt4.jpg" />
      <file href="mobile/Slide5dMFhQPIrvi.jpg" />
      <file href="mobile/Slide5zEO5m77peS.jpg" />
      <file href="mobile/Slide6JTrPAf01Ck.jpg" />
      <file href="mobile/Slide6WAqFwEOOuj.jpg" />
      <file href="mobile/Slide5vZbPegzWAV.jpg" />
      <file href="mobile/Slide5fnULWK4MNU.jpg" />
      <file href="mobile/Slide6WpMzgPaNA2.jpg" />
      <file href="mobile/Slide6aBDoyVSC6f.jpg" />
      <file href="mobile/Slide6PRh7xsRABD.jpg" />
      <file href="story.swf" />
      <file href="story_content/frame.swf" />
      <file href="story_content/slides/5tD722DnJez.swf" />
      <file href="story_content/slides/5UhnG2OgGEY.swf" />
      <file href="story_content/slides/6V6vYlBKEsU.swf" />
      <file href="story_content/slides/6c49wbEzITG.swf" />
      <file href="story_content/slides/6rF18FUXmxl.swf" />
      <file href="story_content/slides/5nTDuGkbpg5.swf" />
      <file href="story_content/slides/6TK9thSdwVL.swf" />
      <file href="story_content/slides/6ijf0mJL83W.swf" />
      <file href="story_content/slides/5fjqANa9yqp.swf" />
      <file href="story_content/slides/6Rctbp2YLZj.swf" />
      <file href="story_content/slides/6SeV2DtqkRF.swf" />
      <file href="story_content/slides/5pvJ0zDBBkP.swf" />
      <file href="story_content/slides/5iR9UaRwO1g.swf" />
      <file href="story_content/slides/6XhKKlJCGgk.swf" />
      <file href="story_content/slides/5ZhGIM2hcz9.swf" />
      <file href="story_content/slides/6oqGvFpAIg1.swf" />
      <file href="story_content/data.swf" />
      <file href="html5/data/css/output.min.css" />
      <file href="html5/data/js/5fjqANa9yqp.js" />
      <file href="html5/data/js/5iR9UaRwO1g.js" />
      <file href="html5/data/js/5nTDuGkbpg5.js" />
      <file href="html5/data/js/5pvJ0zDBBkP.js" />
      <file href="html5/data/js/5tD722DnJez.js" />
      <file href="html5/data/js/5UhnG2OgGEY.js" />
      <file href="html5/data/js/5ZhGIM2hcz9.js" />
      <file href="html5/data/js/6c49wbEzITG.js" />
      <file href="html5/data/js/6ijf0mJL83W.js" />
      <file href="html5/data/js/6oqGvFpAIg1.js" />
      <file href="html5/data/js/6Rctbp2YLZj.js" />
      <file href="html5/data/js/6rF18FUXmxl.js" />
      <file href="html5/data/js/6SeV2DtqkRF.js" />
      <file href="html5/data/js/6TK9thSdwVL.js" />
      <file href="html5/data/js/6V6vYlBKEsU.js" />
      <file href="html5/data/js/6XhKKlJCGgk.js" />
      <file href="html5/data/js/data.js" />
      <file href="html5/data/js/frame.js" />
      <file href="html5/data/js/paths.js" />
      <file href="html5/lib/scripts/app.min.js" />
      <file href="html5/lib/stylesheets/main.min.css" />
      <file href="html5/lib/stylesheets/mobile-fonts/open-sans-bold.woff" />
      <file href="html5/lib/stylesheets/mobile-fonts/open-sans-light.woff" />
      <file href="html5/lib/stylesheets/mobile-fonts/open-sans-regular.woff" />
      <file href="story.html" />
      <file href="story_flash.html" />
      <file href="story_html5.html" />
      <file href="story_content/blank.html" />
      <file href="story_content/story.js" />
      <file href="index_lms.html" />
      <file href="index_lms_html5.html" />
      <file href="index_lms_flash.html" />
      <file href="lms/AICCComm.html" />
      <file href="lms/AICCFunctions.js" />
      <file href="lms/API.js" />
      <file href="lms/APIConstants.js" />
      <file href="lms/blank.html" />
      <file href="lms/browsersniff.js" />
      <file href="lms/Configuration.js" />
      <file href="lms/goodbye.html" />
      <file href="lms/lms.js" />
      <file href="lms/LMSAPI.js" />
      <file href="lms/NONEFunctions.js" />
      <file href="lms/SCORM2004Functions.js" />
      <file href="lms/SCORMFunctions.js" />
      <file href="lms/UtilityFunctions.js" />
    </resource>
  </resources>
</manifest>