<?xml version="1.0" encoding="utf-8"?>
<bwFrame xmlns:xsi="http://www.w3.org/2001/XMLSchema-instance" xmlns:xsd="http://www.w3.org/2001/XMLSchema" default_layout="pxabnsnfns00000000101" textdirection="ltr" device="false" fontscale="100" kbshortcuts="false" skip_nav_enabled="true" outputtype="undefined" theme="classic">
  <layouts>
    <layout name="npnxnanbsnfns00000000101" font="Open Sans" controllayout="npnxnanbsnfns00000000101" colorscheme="pxabnsnfns00000000101" string_table="pxabnsnfns00000000101" />
    <layout name="pxabnsnfns00000000101" font="Open Sans" controllayout="pxabnsnfns00000000101" colorscheme="pxabnsnfns00000000101" string_table="pxabnsnfns00000000101" />
    <layout name="npxnabnsnfns00000000101" font="Open Sans" controllayout="npxnabnsnfns00000000101" colorscheme="pxabnsnfns00000000101" string_table="pxabnsnfns00000000101" />
    <layout name="npnxnanbnsnfns00000000101" font="Open Sans" controllayout="npnxnanbnsnfns00000000101" colorscheme="pxabnsnfns00000000101" string_table="pxabnsnfns00000000101" />
    <layout name="pxabnsnfns00000000100" font="Open Sans" controllayout="pxabnsnfns00000000100" colorscheme="pxabnsnfns00000000101" string_table="pxabnsnfns00000000101" />
  </layouts>
  <control_options>
    <optiongroups>
      <optiongroup name="sidebaroptions">
        <options>
          <option name="title_enabled" value="true">
            <options>
              <option name="title_text" value="HD_05_MANGUONMATHUAT" />
            </options>
          </option>
          <option name="logo_enabled" value="false">
            <options />
          </option>
          <option name="sidebar_enabled" value="false">
            <options>
              <option name="sidebarpos" value="left" />
            </options>
          </option>
          <optionlist name="tabs">
            <listitems>
              <listitem name="resources" value="false" group="linkright" />
              <listitem name="outline" value="false" group="sidebar" />
              <listitem name="glossary" value="false" group="sidebar" />
              <listitem name="transcript" value="false" group="sidebar" />
            </listitems>
          </optionlist>
          <option name="time_enabled" value="false">
            <options>
              <option name="time_format" value="" />
            </options>
          </option>
          <option name="video_enabled" value="false">
            <options>
              <option name="height" value="135" />
            </options>
          </option>
        </options>
      </optiongroup>
      <optiongroup name="menuoptions">
        <options>
          <option name="flow" value="free" />
          <option name="wraplistitems" value="false" />
          <option name="tooltips" value="true" />
          <option name="autocollapse" value="true" />
          <option name="autonumber" value="false" />
          <option name="enableresultsicons" value="true" />
        </options>
      </optiongroup>
      <optiongroup name="controls">
        <options>
          <option name="volume" value="true" />
          <option name="seekbar" value="false">
            <options>
              <option name="readonly" value="false" />
            </options>
          </option>
          <option name="pauseplay" value="false" />
          <option name="replay" value="false" />
          <option name="search" value="false" />
          <option name="closed_captions" value="false">
            <options>
              <option name="font" value="Open Sans" />
            </options>
          </option>
        </options>
      </optiongroup>
      <optiongroup name="bottombaroptions">
        <options>
          <option name="bottombar_enabled" value="true" />
        </options>
      </optiongroup>
    </optiongroups>
  </control_options>
  <control_layouts>
    <control_layout name="npnxnanbsnfns00000000101">
      <control name="volume" enabled="true" />
      <control name="seekbar" enabled="false" />
      <control name="replay" enabled="false" />
      <control name="pauseplay" enabled="false" />
      <control name="logo" enabled="false" />
      <control name="previous" enabled="false" />
      <control name="next" enabled="false" />
      <control name="swipeleft" enabled="false" />
      <control name="swiperight" enabled="false" />
      <control name="submit" enabled="true" />
      <control name="finish" enabled="false" />
      <control name="submitall" enabled="false" />
      <control name="resources" enabled="false" />
      <control name="glossary" enabled="false" />
      <control name="transcript" enabled="false" />
      <control name="outline" enabled="false">
        <controls>
          <control name="search" enabled="false" />
        </controls>
      </control>
      <control name="close_btn" enabled="true" />
    </control_layout>
    <control_layout name="pxabnsnfns00000000101">
      <control name="volume" enabled="true" />
      <control name="seekbar" enabled="false" />
      <control name="replay" enabled="false" />
      <control name="pauseplay" enabled="false" />
      <control name="logo" enabled="false" />
      <control name="previous" enabled="true" />
      <control name="next" enabled="true" />
      <control name="swipeleft" enabled="true" />
      <control name="swiperight" enabled="true" />
      <control name="submit" enabled="false" />
      <control name="finish" enabled="false" />
      <control name="submitall" enabled="false" />
      <control name="resources" enabled="false" />
      <control name="glossary" enabled="false" />
      <control name="transcript" enabled="false" />
      <control name="outline" enabled="false">
        <controls>
          <control name="search" enabled="false" />
        </controls>
      </control>
      <control name="close_btn" enabled="true" />
    </control_layout>
    <control_layout name="npxnabnsnfns00000000101">
      <control name="volume" enabled="true" />
      <control name="seekbar" enabled="false" />
      <control name="replay" enabled="false" />
      <control name="pauseplay" enabled="false" />
      <control name="logo" enabled="false" />
      <control name="previous" enabled="false" />
      <control name="next" enabled="true" />
      <control name="swipeleft" enabled="false" />
      <control name="swiperight" enabled="true" />
      <control name="submit" enabled="false" />
      <control name="finish" enabled="false" />
      <control name="submitall" enabled="false" />
      <control name="resources" enabled="false" />
      <control name="glossary" enabled="false" />
      <control name="transcript" enabled="false" />
      <control name="outline" enabled="false">
        <controls>
          <control name="search" enabled="false" />
        </controls>
      </control>
      <control name="close_btn" enabled="true" />
    </control_layout>
    <control_layout name="npnxnanbnsnfns00000000101">
      <control name="volume" enabled="true" />
      <control name="seekbar" enabled="false" />
      <control name="replay" enabled="false" />
      <control name="pauseplay" enabled="false" />
      <control name="logo" enabled="false" />
      <control name="previous" enabled="false" />
      <control name="next" enabled="false" />
      <control name="swipeleft" enabled="false" />
      <control name="swiperight" enabled="false" />
      <control name="submit" enabled="false" />
      <control name="finish" enabled="false" />
      <control name="submitall" enabled="false" />
      <control name="resources" enabled="false" />
      <control name="glossary" enabled="false" />
      <control name="transcript" enabled="false" />
      <control name="outline" enabled="false">
        <controls>
          <control name="search" enabled="false" />
        </controls>
      </control>
      <control name="close_btn" enabled="true" />
    </control_layout>
    <control_layout name="pxabnsnfns00000000100">
      <control name="volume" enabled="true" />
      <control name="seekbar" enabled="false" />
      <control name="replay" enabled="false" />
      <control name="pauseplay" enabled="false" />
      <control name="logo" enabled="false" />
      <control name="previous" enabled="true" />
      <control name="next" enabled="true" />
      <control name="swipeleft" enabled="true" />
      <control name="swiperight" enabled="true" />
      <control name="submit" enabled="false" />
      <control name="finish" enabled="false" />
      <control name="submitall" enabled="false" />
      <control name="resources" enabled="false" />
      <control name="glossary" enabled="false" />
      <control name="transcript" enabled="false" />
      <control name="outline" enabled="false">
        <controls>
          <control name="search" enabled="false" />
        </controls>
      </control>
      <control name="close_btn" enabled="false" />
    </control_layout>
  </control_layouts>
  <colorschemes>
    <colorscheme name="pxabnsnfns00000000101">
      <color_group name="infopanel">
        <group_colors>
          <color name="link_text">
            <fill type="linear" rotation="90">
              <colors>
                <color rgb="0x7C2280" alpha="100" stop="0" />
              </colors>
            </fill>
          </color>
          <color name="link_hover">
            <fill type="linear" rotation="90">
              <colors>
                <color rgb="0x0000EE" alpha="100" stop="0" />
              </colors>
            </fill>
          </color>
          <color name="shadow">
            <fill type="linear" rotation="90">
              <colors>
                <color rgb="0x6DA1CE" alpha="100" stop="0" />
              </colors>
            </fill>
          </color>
          <color name="bg">
            <fill type="linear" rotation="90">
              <colors>
                <color rgb="0xFFFFFF" alpha="100" stop="0" />
              </colors>
            </fill>
          </color>
          <color name="name_text">
            <fill type="linear" rotation="90">
              <colors>
                <color rgb="0x444444" alpha="100" stop="0" />
              </colors>
            </fill>
          </color>
          <color name="title_text">
            <fill type="linear" rotation="90">
              <colors>
                <color rgb="0x999999" alpha="100" stop="0" />
              </colors>
            </fill>
          </color>
        </group_colors>
      </color_group>
      <color_group name="infopanelpopup">
        <group_colors>
          <color name="link_text">
            <fill type="linear" rotation="90">
              <colors>
                <color rgb="0x000295" alpha="100" stop="0" />
              </colors>
            </fill>
          </color>
          <color name="link_hover">
            <fill type="linear" rotation="90">
              <colors>
                <color rgb="0xE2EEF8" alpha="100" stop="0" />
              </colors>
            </fill>
          </color>
          <color name="bg">
            <fill type="linear" rotation="90">
              <colors>
                <color rgb="0xD1E3F2" alpha="100" stop="0" />
                <color rgb="0x9BC3E3" alpha="100" stop="255" />
              </colors>
            </fill>
          </color>
          <color name="shadow">
            <fill type="linear" rotation="90">
              <colors>
                <color rgb="0xB8B8B8" alpha="100" stop="0" />
              </colors>
            </fill>
          </color>
          <color name="name_text">
            <fill type="linear" rotation="90">
              <colors>
                <color rgb="0x125EAC" alpha="100" stop="0" />
              </colors>
            </fill>
          </color>
          <color name="bio_text">
            <fill type="linear" rotation="90">
              <colors>
                <color rgb="0x5189D8" alpha="100" stop="0" />
              </colors>
            </fill>
          </color>
        </group_colors>
      </color_group>
      <color_group name="timer">
        <group_colors>
          <color name="duration">
            <fill type="linear" rotation="90">
              <colors>
                <color rgb="0x00D7FF" alpha="100" stop="0" />
                <color rgb="0x00ABFF" alpha="100" stop="255" />
              </colors>
            </fill>
          </color>
          <color name="elapsed">
            <fill type="linear" rotation="90">
              <colors>
                <color rgb="0xFEE347" alpha="100" stop="0" />
                <color rgb="0xFCCC2A" alpha="100" stop="255" />
              </colors>
            </fill>
          </color>
          <color name="stroke">
            <fill type="linear" rotation="90">
              <colors>
                <color rgb="0xC7C7C7" alpha="100" stop="0" />
              </colors>
            </fill>
          </color>
          <color name="inner">
            <fill type="linear" rotation="90">
              <colors>
                <color rgb="0xFFFFFF" alpha="100" stop="0" />
              </colors>
            </fill>
          </color>
          <color name="text">
            <fill type="linear" rotation="90">
              <colors>
                <color rgb="0x0B5295" alpha="100" stop="0" />
              </colors>
            </fill>
          </color>
        </group_colors>
      </color_group>
      <color_group name="window">
        <group_colors>
          <color name="text">
            <fill type="linear" rotation="90">
              <colors>
                <color rgb="0x0B5295" alpha="100" stop="0" />
              </colors>
            </fill>
          </color>
          <color name="inner">
            <fill type="linear" rotation="90">
              <colors>
                <color rgb="0xD1E3F2" alpha="100" stop="0" />
                <color rgb="0x9BC3E3" alpha="100" stop="255" />
              </colors>
            </fill>
          </color>
          <color name="bg">
            <fill type="linear" rotation="90">
              <colors>
                <color rgb="0xD6E6F3" alpha="100" stop="0" />
              </colors>
            </fill>
          </color>
          <color name="diva">
            <fill type="linear" rotation="90">
              <colors>
                <color rgb="0xFFFFFF" alpha="100" stop="0" />
              </colors>
            </fill>
          </color>
          <color name="divb">
            <fill type="linear" rotation="90">
              <colors>
                <color rgb="0x79A9D2" alpha="100" stop="0" />
              </colors>
            </fill>
          </color>
          <color name="shadow">
            <fill type="linear" rotation="90">
              <colors>
                <color rgb="0x000000" alpha="20" stop="0" />
              </colors>
            </fill>
          </color>
        </group_colors>
      </color_group>
      <color_group name="editor">
        <group_colors>
          <color name="slide_text">
            <fill type="linear" rotation="90">
              <colors>
                <color rgb="0x0B5295" alpha="100" stop="0" />
              </colors>
            </fill>
          </color>
          <color name="html_text">
            <fill type="linear" rotation="90">
              <colors>
                <color rgb="0x0B5295" alpha="100" stop="0" />
              </colors>
            </fill>
          </color>
          <color name="btn_text_shadow">
            <fill type="linear" rotation="90">
              <colors>
                <color rgb="0xFFFFFF" alpha="100" stop="0" />
              </colors>
            </fill>
          </color>
          <color name="btn_text">
            <fill type="linear" rotation="90">
              <colors>
                <color rgb="0x336AA3" alpha="100" stop="0" />
              </colors>
            </fill>
          </color>
          <color name="btn_border">
            <fill type="linear" rotation="90">
              <colors>
                <color rgb="0x6DA1CE" alpha="100" stop="0" />
              </colors>
            </fill>
          </color>
          <color name="btn_hover">
            <fill type="linear" rotation="90">
              <colors>
                <color rgb="0xE2EEF8" alpha="100" stop="0" />
                <color rgb="0xABCCE7" alpha="100" stop="255" />
              </colors>
            </fill>
          </color>
          <color name="btn_down">
            <fill type="linear" rotation="90">
              <colors>
                <color rgb="0xB5D2EA" alpha="100" stop="0" />
                <color rgb="0xD8E8F5" alpha="100" stop="255" />
              </colors>
            </fill>
          </color>
          <color name="btn_bg">
            <fill type="linear" rotation="90">
              <colors>
                <color rgb="0xD8E8F5" alpha="100" stop="0" />
                <color rgb="0xB4D2EA" alpha="100" stop="255" />
              </colors>
            </fill>
          </color>
        </group_colors>
      </color_group>
      <color_group name="listitem">
        <group_colors>
          <color name="selected">
            <fill type="linear" rotation="90">
              <colors>
                <color rgb="0x8DBEE5" alpha="100" stop="0" />
              </colors>
            </fill>
          </color>
          <color name="selected_text">
            <fill type="linear" rotation="90">
              <colors>
                <color rgb="0xFFFFFF" alpha="100" stop="0" />
              </colors>
            </fill>
          </color>
          <color name="text">
            <fill type="linear" rotation="90">
              <colors>
                <color rgb="0x0B5295" alpha="100" stop="0" />
              </colors>
            </fill>
          </color>
          <color name="hover">
            <fill type="linear" rotation="90">
              <colors>
                <color rgb="0xB0D2ED" alpha="100" stop="0" />
              </colors>
            </fill>
          </color>
          <color name="viewed">
            <fill type="linear" rotation="90">
              <colors>
                <color rgb="0x74A4DE" alpha="100" stop="0" />
              </colors>
            </fill>
          </color>
          <color name="shadow">
            <fill type="linear" rotation="90">
              <colors>
                <color rgb="0x6DA1CE" alpha="100" stop="0" />
              </colors>
            </fill>
          </color>
          <color name="lines">
            <fill type="linear" rotation="90">
              <colors>
                <color rgb="0x8CBCE5" alpha="100" stop="0" />
              </colors>
            </fill>
          </color>
        </group_colors>
      </color_group>
      <color_group name="glossary">
        <group_colors>
          <color name="selected_text">
            <fill type="linear" rotation="90">
              <colors>
                <color rgb="0xFFFFFF" alpha="100" stop="0" />
              </colors>
            </fill>
          </color>
          <color name="selected">
            <fill type="linear" rotation="90">
              <colors>
                <color rgb="0x8DBEE5" alpha="100" stop="0" />
              </colors>
            </fill>
          </color>
          <color name="text">
            <fill type="linear" rotation="90">
              <colors>
                <color rgb="0x000295" alpha="100" stop="0" />
              </colors>
            </fill>
          </color>
          <color name="hover">
            <fill type="linear" rotation="90">
              <colors>
                <color rgb="0xB0D2ED" alpha="100" stop="0" />
              </colors>
            </fill>
          </color>
          <color name="heading_text">
            <fill type="linear" rotation="90">
              <colors>
                <color rgb="0x0B5295" alpha="100" stop="0" />
              </colors>
            </fill>
          </color>
          <color name="diva">
            <fill type="linear" rotation="90">
              <colors>
                <color rgb="0xACCFED" alpha="100" stop="0" />
              </colors>
            </fill>
          </color>
          <color name="divb">
            <fill type="linear" rotation="90">
              <colors>
                <color rgb="0xACCFED" alpha="100" stop="0" />
              </colors>
            </fill>
          </color>
          <color name="divc">
            <fill type="linear" rotation="90">
              <colors>
                <color rgb="0xE0EEF7" alpha="100" stop="0" />
              </colors>
            </fill>
          </color>
          <color name="bg">
            <fill type="linear" rotation="90">
              <colors>
                <color rgb="0xE0EDF6" alpha="100" stop="0" />
              </colors>
            </fill>
          </color>
        </group_colors>
      </color_group>
      <color_group name="resource">
        <group_colors>
          <color name="separator">
            <fill type="linear" rotation="90">
              <colors>
                <color rgb="0x92C0E6" alpha="100" stop="0" />
              </colors>
            </fill>
          </color>
        </group_colors>
      </color_group>
      <color_group name="outline">
        <group_colors>
          <color name="search_hover">
            <fill type="linear" rotation="90">
              <colors>
                <color rgb="0x125EAC" alpha="100" stop="0" />
              </colors>
            </fill>
          </color>
          <color name="search_text">
            <fill type="linear" rotation="90">
              <colors>
                <color rgb="0x5189D8" alpha="100" stop="0" />
              </colors>
            </fill>
          </color>
          <color name="divc">
            <fill type="linear" rotation="90">
              <colors>
                <color rgb="0xA0C8E9" alpha="100" stop="0" />
              </colors>
            </fill>
          </color>
          <color name="divb">
            <fill type="linear" rotation="90">
              <colors>
                <color rgb="0xD8E8F5" alpha="100" stop="0" />
              </colors>
            </fill>
          </color>
          <color name="diva">
            <fill type="linear" rotation="90">
              <colors>
                <color rgb="0xA0C8E9" alpha="100" stop="0" />
              </colors>
            </fill>
          </color>
        </group_colors>
      </color_group>
      <color_group name="transcript">
        <group_colors>
          <color name="heading_text">
            <fill type="linear" rotation="90">
              <colors>
                <color rgb="0x0B5295" alpha="100" stop="0" />
              </colors>
            </fill>
          </color>
          <color name="div">
            <fill type="linear" rotation="90">
              <colors>
                <color rgb="0x92C0E6" alpha="100" stop="0" />
              </colors>
            </fill>
          </color>
        </group_colors>
      </color_group>
      <color_group name="tabs">
        <group_colors>
          <color name="shadow">
            <fill type="linear" rotation="90">
              <colors>
                <color rgb="0xFCFDFE" alpha="100" stop="0" />
              </colors>
            </fill>
          </color>
          <color name="hover">
            <fill type="linear" rotation="90">
              <colors>
                <color rgb="0x0B5295" alpha="100" stop="0" />
              </colors>
            </fill>
          </color>
          <color name="selected">
            <fill type="linear" rotation="90">
              <colors>
                <color rgb="0x0B5295" alpha="100" stop="0" />
              </colors>
            </fill>
          </color>
          <color name="text">
            <fill type="linear" rotation="90">
              <colors>
                <color rgb="0x125EAC" alpha="100" stop="0" />
              </colors>
            </fill>
          </color>
          <color name="bg">
            <fill type="linear" rotation="90">
              <colors>
                <color rgb="0xCFE3F4" alpha="100" stop="0" />
              </colors>
            </fill>
          </color>
        </group_colors>
      </color_group>
      <color_group name="seekcontrol">
        <group_colors>
          <color name="btn_icon_hover">
            <fill type="linear" rotation="90">
              <colors>
                <color rgb="0x336AA3" alpha="100" stop="0" />
              </colors>
            </fill>
          </color>
          <color name="btn_icon_shadow">
            <fill type="linear" rotation="90">
              <colors>
                <color rgb="0xFFFFFF" alpha="100" stop="0" />
              </colors>
            </fill>
          </color>
          <color name="btn_icon_color">
            <fill type="linear" rotation="90">
              <colors>
                <color rgb="0x336AA3" alpha="100" stop="0" />
              </colors>
            </fill>
          </color>
          <color name="seek_position">
            <fill type="linear" rotation="90">
              <colors>
                <color rgb="0xFFFFFF" alpha="100" stop="0" />
              </colors>
            </fill>
          </color>
          <color name="seek_bg">
            <fill type="linear" rotation="90">
              <colors>
                <color rgb="0x8ABAE1" alpha="100" stop="0" />
              </colors>
            </fill>
          </color>
          <color name="seek_border">
            <fill type="linear" rotation="90">
              <colors>
                <color rgb="0x7AA9D2" alpha="100" stop="0" />
                <color rgb="0xE7F1FA" alpha="100" stop="255" />
              </colors>
            </fill>
          </color>
          <color name="border">
            <fill type="linear" rotation="90">
              <colors>
                <color rgb="0x6DA1CE" alpha="100" stop="0" />
              </colors>
            </fill>
          </color>
          <color name="bg">
            <fill type="linear" rotation="90">
              <colors>
                <color rgb="0xD9E8F5" alpha="100" stop="0" />
                <color rgb="0xB4D3EA" alpha="100" stop="255" />
              </colors>
            </fill>
          </color>
        </group_colors>
      </color_group>
      <color_group name="searchinput">
        <group_colors>
          <color name="text_active">
            <fill type="linear" rotation="90">
              <colors>
                <color rgb="0x2D2D2D" alpha="100" stop="0" />
              </colors>
            </fill>
          </color>
          <color name="bg_active">
            <fill type="linear" rotation="90">
              <colors>
                <color rgb="0xFFFFFF" alpha="100" stop="0" />
              </colors>
            </fill>
          </color>
          <color name="search_text">
            <fill type="linear" rotation="90">
              <colors>
                <color rgb="0x2D2D2D" alpha="100" stop="0" />
              </colors>
            </fill>
          </color>
          <color name="hover_glow">
            <fill type="linear" rotation="90">
              <colors>
                <color rgb="0xB1D1EA" alpha="0" stop="0" />
              </colors>
            </fill>
          </color>
          <color name="button_hover">
            <fill type="linear" rotation="90">
              <colors>
                <color rgb="0xD8E8F5" alpha="100" stop="0" />
                <color rgb="0xB4D2EA" alpha="100" stop="255" />
              </colors>
            </fill>
          </color>
          <color name="icon">
            <fill type="linear" rotation="90">
              <colors>
                <color rgb="0x336AA3" alpha="100" stop="0" />
              </colors>
            </fill>
          </color>
          <color name="border">
            <fill type="linear" rotation="90">
              <colors>
                <color rgb="0xC9DFF1" alpha="100" stop="0" />
                <color rgb="0x75A5D0" alpha="100" stop="255" />
              </colors>
            </fill>
          </color>
          <color name="bg">
            <fill type="linear" rotation="90">
              <colors>
                <color rgb="0xFFFFFF" alpha="100" stop="0" />
              </colors>
            </fill>
          </color>
        </group_colors>
      </color_group>
      <color_group name="scrollarea">
        <group_colors>
          <color name="detailb">
            <fill type="linear" rotation="90">
              <colors>
                <color rgb="0xD1E3F2" alpha="100" stop="0" />
              </colors>
            </fill>
          </color>
          <color name="detaila">
            <fill type="linear" rotation="90">
              <colors>
                <color rgb="0x5A8BB9" alpha="100" stop="0" />
              </colors>
            </fill>
          </color>
          <color name="shadow">
            <fill type="linear" rotation="90">
              <colors>
                <color rgb="0x6CA1CE" alpha="100" stop="0" />
              </colors>
            </fill>
          </color>
          <color name="icons">
            <fill type="linear" rotation="90">
              <colors>
                <color rgb="0xFFFFFF" alpha="100" stop="0" />
              </colors>
            </fill>
          </color>
          <color name="button_border">
            <fill type="linear" rotation="90">
              <colors>
                <color rgb="0x6CA1CE" alpha="100" stop="0" />
              </colors>
            </fill>
          </color>
          <color name="button_inner">
            <fill type="linear" rotation="90">
              <colors>
                <color rgb="0xB2D1E9" alpha="100" stop="0" />
                <color rgb="0x9AC3E3" alpha="100" stop="255" />
              </colors>
            </fill>
          </color>
          <color name="button_bg">
            <fill type="linear" rotation="90">
              <colors>
                <color rgb="0xA8CAE7" alpha="100" stop="0" />
                <color rgb="0x91BEE0" alpha="100" stop="255" />
              </colors>
            </fill>
          </color>
          <color name="border">
            <fill type="linear" rotation="90">
              <colors>
                <color rgb="0xE1EEF8" alpha="100" stop="0" />
                <color rgb="0xE1EEF8" alpha="100" stop="255" />
              </colors>
            </fill>
          </color>
          <color name="bg">
            <fill type="linear" rotation="0">
              <colors>
                <color rgb="0xB1D0E9" alpha="100" stop="0" />
                <color rgb="0xB8D4EB" alpha="100" stop="128" />
              </colors>
            </fill>
          </color>
        </group_colors>
      </color_group>
      <color_group name="menu">
        <group_colors>
          <color name="shadow">
            <fill type="linear" rotation="90">
              <colors>
                <color rgb="0x95C2E7" alpha="100" stop="0" />
              </colors>
            </fill>
          </color>
          <color name="bg">
            <fill type="linear" rotation="90">
              <colors>
                <color rgb="0xCFE3F4" alpha="100" stop="0" />
              </colors>
            </fill>
          </color>
        </group_colors>
      </color_group>
      <color_group name="logo">
        <group_colors>
          <color name="shadow">
            <fill type="linear" rotation="90">
              <colors>
                <color rgb="0x6DA1CE" alpha="100" stop="0" />
              </colors>
            </fill>
          </color>
          <color name="bg">
            <fill type="linear" rotation="90">
              <colors>
                <color rgb="0xFFFFFF" alpha="100" stop="0" />
              </colors>
            </fill>
          </color>
        </group_colors>
      </color_group>
      <color_group name="checkbox">
        <group_colors>
          <color name="hover">
            <fill type="linear" rotation="90">
              <colors>
                <color rgb="0xB1D1EA" alpha="100" stop="0" />
              </colors>
            </fill>
          </color>
          <color name="text">
            <fill type="linear" rotation="90">
              <colors>
                <color rgb="0xFFFFFF" alpha="100" stop="0" />
              </colors>
            </fill>
          </color>
          <color name="check">
            <fill type="linear" rotation="90">
              <colors>
                <color rgb="0x2BC400" alpha="100" stop="0" />
              </colors>
            </fill>
          </color>
          <color name="bg">
            <fill type="linear" rotation="90">
              <colors>
                <color rgb="0xFFFFFF" alpha="100" stop="0" />
              </colors>
            </fill>
          </color>
          <color name="border">
            <fill type="linear" rotation="90">
              <colors>
                <color rgb="0x6CA1CE" alpha="100" stop="0" />
              </colors>
            </fill>
          </color>
        </group_colors>
      </color_group>
      <color_group name="button">
        <group_colors>
          <color name="btn_icon_color">
            <fill type="linear" rotation="90">
              <colors>
                <color rgb="0x336AA3" alpha="100" stop="0" />
              </colors>
            </fill>
          </color>
          <color name="btn_text_shadow">
            <fill type="linear" rotation="90">
              <colors>
                <color rgb="0xFFFFFF" alpha="100" stop="0" />
              </colors>
            </fill>
          </color>
          <color name="btn_text">
            <fill type="linear" rotation="90">
              <colors>
                <color rgb="0x336AA3" alpha="100" stop="0" />
              </colors>
            </fill>
          </color>
          <color name="btn_border">
            <fill type="linear" rotation="90">
              <colors>
                <color rgb="0x6DA1CE" alpha="100" stop="0" />
              </colors>
            </fill>
          </color>
          <color name="btn_hover">
            <fill type="linear" rotation="90">
              <colors>
                <color rgb="0xE2EEF8" alpha="100" stop="0" />
                <color rgb="0xABCCE7" alpha="100" stop="255" />
              </colors>
            </fill>
          </color>
          <color name="btn_down">
            <fill type="linear" rotation="90">
              <colors>
                <color rgb="0xB5D2EA" alpha="100" stop="0" />
                <color rgb="0xD8E8F5" alpha="100" stop="255" />
              </colors>
            </fill>
          </color>
          <color name="btn_bg">
            <fill type="linear" rotation="90">
              <colors>
                <color rgb="0xD8E8F5" alpha="100" stop="0" />
                <color rgb="0xB4D2EA" alpha="100" stop="255" />
              </colors>
            </fill>
          </color>
          <color name="btn_glow">
            <fill type="linear" rotation="90">
              <colors>
                <color rgb="0xA5C9E7" alpha="10" stop="0" />
              </colors>
            </fill>
          </color>
        </group_colors>
      </color_group>
      <color_group name="base">
        <group_colors>
          <color name="text">
            <fill type="linear" rotation="90">
              <colors>
                <color rgb="0x0B5295" alpha="100" stop="0" />
              </colors>
            </fill>
          </color>
          <color name="diva">
            <fill type="linear" rotation="90">
              <colors>
                <color rgb="0x79A9D2" alpha="100" stop="0" />
              </colors>
            </fill>
          </color>
          <color name="divb">
            <fill type="linear" rotation="90">
              <colors>
                <color rgb="0xFFFFFF" alpha="100" stop="0" />
              </colors>
            </fill>
          </color>
          <color name="menu_shade">
            <fill type="linear" rotation="90">
              <colors>
                <color rgb="0xA7CCEB" alpha="100" stop="0" />
                <color rgb="0x8CBCE5" alpha="100" stop="255" />
              </colors>
            </fill>
          </color>
          <color name="border">
            <fill type="linear" rotation="90">
              <colors>
                <color rgb="0xD6E9F8" alpha="100" stop="0" />
                <color rgb="0xD6E9F8" alpha="100" stop="255" />
              </colors>
            </fill>
          </color>
          <color name="bg">
            <fill type="linear" rotation="90">
              <colors>
                <color rgb="0xD1E3F2" alpha="100" stop="0" />
                <color rgb="0x9BC3E3" alpha="100" stop="255" />
              </colors>
            </fill>
          </color>
          <color name="slide_bg">
            <fill type="linear" rotation="90">
              <colors>
                <color rgb="0xD1E3F2" alpha="100" stop="0" />
                <color rgb="0x9BC3E3" alpha="100" stop="255" />
              </colors>
            </fill>
          </color>
        </group_colors>
      </color_group>
      <color_group name="volume">
        <group_colors>
          <color name="thumb_border">
            <fill type="linear" rotation="90">
              <colors>
                <color rgb="0x6CA1CE" alpha="100" stop="0" />
              </colors>
            </fill>
          </color>
          <color name="thumb_inner">
            <fill type="linear" rotation="90">
              <colors>
                <color rgb="0xB0D0E9" alpha="100" stop="0" />
              </colors>
            </fill>
          </color>
          <color name="thumb_bg">
            <fill type="linear" rotation="90">
              <colors>
                <color rgb="0xA3C8E6" alpha="100" stop="0" />
              </colors>
            </fill>
          </color>
          <color name="slider_border">
            <fill type="linear" rotation="90">
              <colors>
                <color rgb="0xDEEBF7" alpha="100" stop="0" />
              </colors>
            </fill>
          </color>
          <color name="slider_bg">
            <fill type="linear" rotation="90">
              <colors>
                <color rgb="0x9EC6E5" alpha="100" stop="0" />
                <color rgb="0xA8CAE7" alpha="100" stop="128" />
                <color rgb="0x9EC6E5" alpha="100" stop="255" />
              </colors>
            </fill>
          </color>
        </group_colors>
      </color_group>
      <color_group name="HTML">
        <group_colors>
          <color name="htmlpage_bg_color">
            <fill type="linear" rotation="90">
              <colors>
                <color rgb="0x002060" alpha="100" stop="0" />
              </colors>
            </fill>
          </color>
        </group_colors>
      </color_group>
    </colorscheme>
  </colorschemes>
  <string_tables>
    <string_table name="pxabnsnfns00000000101">
      <string id="check_include">Check to include</string>
      <string id="clear">Clear and return to menu</string>
      <string id="close">Close</string>
      <string id="acc_closed_captions">Closed captions. Press the spacebar to toggle captions on and off.</string>
      <string id="continue">Continue</string>
      <string id="continueresponsive">Continue</string>
      <string id="exit">Exit</string>
      <string id="filter">Filter</string>
      <string id="finish">FINISH</string>
      <string id="acc_finish">finish</string>
      <string id="definition">Definition</string>
      <string id="acc_definition">definition</string>
      <string id="glossary">Glossary</string>
      <string id="terms">Terms</string>
      <string id="outline">Menu</string>
      <string id="disabled_orientation">Please rotate your device</string>
      <string id="next">NEXT</string>
      <string id="acc_next">next</string>
      <string id="transcript_chk">Notes</string>
      <string id="transcript">Notes</string>
      <string id="bio">Bio</string>
      <string id="more_info">More info</string>
      <string id="closed_captions">Captions</string>
      <string id="acc_pause">pause</string>
      <string id="acc_play">play</string>
      <string id="send_an_email">Send an email</string>
      <string id="prev">PREV</string>
      <string id="acc_previous">previous</string>
      <string id="question_list">Question List</string>
      <string id="acc_replay">replay</string>
      <string id="resources">Resources</string>
      <string id="acc_resources">resources</string>
      <string id="restart">Restart</string>
      <string id="search">Search...</string>
      <string id="acc_search_input">search</string>
      <string id="search_in">Search in:</string>
      <string id="search_results">Search Results</string>
      <string id="acc_skipnavigation">Skip navigation. Press enter to return to the slide.</string>
      <string id="slide_text_chk">Slide Text</string>
      <string id="submitall">SUBMIT ALL</string>
      <string id="acc_submitall">submit all</string>
      <string id="submit">SUBMIT</string>
      <string id="acc_submit">submit</string>
      <string id="acc_volume">volume</string>
    </string_table>
  </string_tables>
  <fonts>
    <font name="Open Sans">
      <files>
        <file bold="true" italic="false" />
        <file bold="false" italic="false" />
      </files>
    </font>
  </fonts>
  <sounds enabled="true" />
  <nav_data>
    <outline>
      <links>
        <slidelink slideid="_player.67nQ1KItPKF" displaytext="Untitled Scene" expand="true" type="slide">
          <links>
            <slidelink slideid="_player.67nQ1KItPKF.5YLFyw6HSkQ" displaytext="Untitled Slide" expand="false" type="slide" />
            <slidelink slideid="_player.67nQ1KItPKF.5wnfAVjehN1" displaytext="Untitled Slide" expand="false" type="slide" />
            <slidelink slideid="_player.67nQ1KItPKF.6VLs4h1zUfe" displaytext="Untitled Slide" expand="false" type="slide" />
            <slidelink slideid="_player.67nQ1KItPKF.6rTRJJJjwrz" displaytext="Untitled Slide" expand="false" type="slide" />
            <slidelink slideid="_player.67nQ1KItPKF.5u6vgnV29LJ" displaytext="Untitled Slide" expand="false" type="slide" />
            <slidelink slideid="_player.67nQ1KItPKF.6n7YBDA8hXM" displaytext="Essay" expand="false" type="slide" />
            <slidelink slideid="_player.67nQ1KItPKF.6HNLwVgcE3y" displaytext="Untitled Slide" expand="false" type="slide" />
            <slidelink slideid="_player.67nQ1KItPKF.5tk3LK8jUTR" displaytext="Essay" expand="false" type="slide" />
            <slidelink slideid="_player.67nQ1KItPKF.6V007mYdnq2" displaytext="Untitled Slide" expand="false" type="slide" />
            <slidelink slideid="_player.67nQ1KItPKF.5xS4Mx6pzMv" displaytext="Untitled Slide" expand="false" type="slide" />
            <slidelink slideid="_player.67nQ1KItPKF.6SD85snBjIg" displaytext="Untitled Slide" expand="false" type="slide" />
            <slidelink slideid="_player.67nQ1KItPKF.6M3MC76T567" displaytext="Untitled Slide" expand="false" type="slide" />
            <slidelink slideid="_player.67nQ1KItPKF.6nS3iPR0cF8" displaytext="Untitled Slide" expand="false" type="slide" />
            <slidelink slideid="_player.67nQ1KItPKF.65UahBHAu3p" displaytext="Untitled Slide" expand="false" type="slide" />
            <slidelink slideid="_player.67nQ1KItPKF.61WiVqw5C3N" displaytext="Untitled Slide" expand="false" type="slide" />
            <slidelink slideid="_player.67nQ1KItPKF.6MSgoTfxMVQ" displaytext="Untitled Slide" expand="false" type="slide" />
            <slidelink slideid="_player.67nQ1KItPKF.5hZi0KjamW1" displaytext="Short Answer" expand="false" type="slide" />
            <slidelink slideid="_player.67nQ1KItPKF.6ePD9meupvJ" displaytext="Untitled Slide" expand="false" type="slide" />
            <slidelink slideid="_player.67nQ1KItPKF.5v8e4PSROWM" displaytext="Untitled Slide" expand="false" type="slide" />
            <slidelink slideid="_player.67nQ1KItPKF.5fPsdOtoaLB" displaytext="Untitled Slide" expand="false" type="slide" />
          </links>
        </slidelink>
      </links>
    </outline>
  </nav_data>
  <resource_data description="" />
  <transcript_data />
  <glossary_data />
</bwFrame>