﻿<?xml version="1.0" encoding="utf-8"?>
<manifest identifier="_69DGZ00c0fk_course_id" version="1.0" xmlns="http://www.imsproject.org/xsd/imscp_rootv1p1p2" xmlns:adlcp="http://www.adlnet.org/xsd/adlcp_rootv1p2" xmlns:xsi="http://www.w3.org/2001/XMLSchema-instance" xsi:schemaLocation="http://www.imsproject.org/xsd/imscp_rootv1p1p2 imscp_rootv1p1p2.xsd http://www.imsglobal.org/xsd/imsmd_rootv1p2p1 imsmd_rootv1p2p1.xsd http://www.adlnet.org/xsd/adlcp_rootv1p2 adlcp_rootv1p2.xsd">
  <metadata>
    <schema>ADL SCORM</schema>
    <schemaversion>1.2</schemaversion>
    <lom xmlns="http://www.imsglobal.org/xsd/imsmd_rootv1p2p1" xmlns:xsi="http://www.w3.org/2001/XMLSchema-instance" xsi:schemaLocation="http://www.imsglobal.org/xsd/imsmd_rootv1p2p1 imsmd_rootv1p2p1.xsd">
      <general>
        <title>
          <langstring xml:lang="x-none">muadongbanggia</langstring>
        </title>
      </general>
      <lifecycle>
        <version>
          <langstring xml:lang="x-none">1</langstring>
        </version>
        <status>
          <source>
            <langstring xml:lang="x-none">LOMv1.0</langstring>
          </source>
          <value>
            <langstring xml:lang="x-none">Final</langstring>
          </value>
        </status>
      </lifecycle>
      <metametadata>
        <metadatascheme>ADL SCORM 1.2</metadatascheme>
      </metametadata>
      <educational>
        <typicallearningtime>
          <datetime>PT0H0M0S</datetime>
        </typicallearningtime>
      </educational>
      <rights>
        <cost>
          <source>
            <langstring xml:lang="x-none">LOMv1.0</langstring>
          </source>
          <value>
            <langstring xml:lang="x-none">yes</langstring>
          </value>
        </cost>
        <copyrightandotherrestrictions>
          <source>
            <langstring xml:lang="x-none">LOMv1.0</langstring>
          </source>
          <value>
            <langstring xml:lang="x-none">yes</langstring>
          </value>
        </copyrightandotherrestrictions>
      </rights>
    </lom>
  </metadata>
  <organizations default="muadongbanggia_ORG">
    <organization identifier="muadongbanggia_ORG">
      <title>muadongbanggia</title>
      <item identifier="_1_SCO" isvisible="true" identifierref="__69DGZ00c0fk_course_id_RES">
        <title>muadongbanggia</title>
        <adlcp:masteryscore>80</adlcp:masteryscore>
      </item>
    </organization>
  </organizations>
  <resources>
    <resource identifier="__69DGZ00c0fk_course_id_RES" type="webcontent" href="index_lms.html" adlcp:scormtype="sco">
      <file href="story_content/thumbnail.jpg" />
      <file href="story_content/video_5c8Zo5hmRp2_22_48_898x510.mp4" />
      <file href="mobile/video_5c8Zo5hmRp2_22_48_898x510.jpg" />
      <file href="story_content/video_5vKWHO4YX2D_22_48_900x506.mp4" />
      <file href="mobile/video_5vKWHO4YX2D_22_48_900x506.jpg" />
      <file href="story_content/66DBZGecReh_22050_48_0.mp3" />
      <file href="story_content/6A9HZ3wuaM4_80_DX640_DY640.swf" />
      <file href="mobile/6A9HZ3wuaM4_80_DX640_DY640_CX443_CY476.png" />
      <file href="story_content/5pOR8NLodAX_22050_48_0.mp3" />
      <file href="story_content/5oz9P9gDZKf_80_DX306_DY306.swf" />
      <file href="mobile/5oz9P9gDZKf_80_DX306_DY306_CX229_CY93.png" />
      <file href="story_content/6jmvli4eMIu_22050_48_0.mp3" />
      <file href="story_content/6FjKl4tB3ds_80_P_0_0_657_380_DX746_DY746.swf" />
      <file href="mobile/6FjKl4tB3ds_80_P_0_0_657_380_DX746_DY746_CX456_CY264.png" />
      <file href="story_content/6GZvt6ZVPVA_80_DX666_DY666.swf" />
      <file href="mobile/6GZvt6ZVPVA_80_DX666_DY666_CX499_CY199.png" />
      <file href="story_content/5WG7Y0T3jHB_80_DX284_DY284.swf" />
      <file href="mobile/5WG7Y0T3jHB_80_DX284_DY284_CX213_CY126.png" />
      <file href="story_content/6PhhaUzyKSZ_80_DX882_DY882.swf" />
      <file href="mobile/6PhhaUzyKSZ_80_DX882_DY882_CX176_CY661.png" />
      <file href="story_content/6rAtG2vndav_80_DX882_DY882.swf" />
      <file href="mobile/6rAtG2vndav_80_DX882_DY882_CX223_CY660.png" />
      <file href="story_content/61TM6XHsQYW_80_DX882_DY882.swf" />
      <file href="mobile/61TM6XHsQYW_80_DX882_DY882_CX159_CY660.png" />
      <file href="story_content/6lUZQiyAy8U_80_DX156_DY156.swf" />
      <file href="mobile/6lUZQiyAy8U_80_DX156_DY156_CX117_CY117.png" />
      <file href="story_content/6VGsNAjRrxj_80_DX156_DY156.swf" />
      <file href="mobile/6VGsNAjRrxj_80_DX156_DY156_CX117_CY117.png" />
      <file href="story_content/5oz9P9gDZKf_80_DX304_DY304.swf" />
      <file href="mobile/5oz9P9gDZKf_80_DX304_DY304_CX199_CY81.png" />
      <file href="story_content/5eRrUao87sM_22050_48_0.mp3" />
      <file href="story_content/5xeKzp3sKBO_22050_48_0.mp3" />
      <file href="story_content/6lbFHANbeKy_22050_48_0.mp3" />
      <file href="mobile/6lUZQiyAy8U_80_DX156_DY156_CX55_CY55.png" />
      <file href="mobile/6VGsNAjRrxj_80_DX156_DY156_CX51_CY51.png" />
      <file href="story_content/5svgLFMPf5w_22050_48_0.mp3" />
      <file href="story_content/6eLKkOgxYcq_22050_48_0.mp3" />
      <file href="story_content/6MlBbInHDNu_22050_48_0.mp3" />
      <file href="story_content/5XrzHbJmuuP_22050_48_0.mp3" />
      <file href="story_content/5ZGCxbuvJ6f_22050_48_0.mp3" />
      <file href="story_content/6qyAGtgcG8b_22050_48_0.mp3" />
      <file href="story_content/6P54cXJtovD_22050_48_0.mp3" />
      <file href="story_content/6GtNdV5HJMu_22050_48_0.mp3" />
      <file href="story_content/6dPlSkVgYpD_22050_48_0.mp3" />
      <file href="story_content/6XySzzojsL2_22050_48_0.mp3" />
      <file href="story_content/6RVQFAAPp3L_22050_48_0.mp3" />
      <file href="story_content/5rVZmxQjHzU_22050_48_0.mp3" />
      <file href="story_content/6TJg3uWimCT_22050_48_0.mp3" />
      <file href="story_content/6YBkIrDDgvU_80_DX882_DY882.swf" />
      <file href="mobile/6YBkIrDDgvU_80_DX882_DY882_CX279_CY661.png" />
      <file href="story_content/63M7EmBNTNl_22050_48_0.mp3" />
      <file href="story_content/6XjqG3XgTVx_80_DX882_DY882.swf" />
      <file href="mobile/6XjqG3XgTVx_80_DX882_DY882_CX271_CY661.png" />
      <file href="story_content/6i2J8CMNsPn_22050_48_0.mp3" />
      <file href="story_content/video_62F9lw5lWWf_22_48_898x510.mp4" />
      <file href="mobile/video_62F9lw5lWWf_22_48_898x510.jpg" />
      <file href="meta.xml" />
      <file href="story_content/FontFactory.swf" />
      <file href="story_content/fonts.swf" />
      <file href="story_content/frame.xml" />
      <file href="story_content/frame.json" />
      <file href="story_content/user.js" />
      <file href="story.swf" />
      <file href="story_content/frame.swf" />
      <file href="story_content/slides/5YUuexgdvKI.swf" />
      <file href="story_content/slides/6BJAoI1W4SF.swf" />
      <file href="story_content/slides/6UqaFbZnCwN.swf" />
      <file href="story_content/slides/6jL3yNTHVNb.swf" />
      <file href="story_content/slides/5Vvnz5ty487.swf" />
      <file href="story_content/slides/6K0nsqgjCPY.swf" />
      <file href="story_content/slides/5UrnOiolbaM.swf" />
      <file href="story_content/slides/5YEGE71qUJ5.swf" />
      <file href="story_content/slides/6aH4VXtJri3.swf" />
      <file href="story_content/slides/5rNyRwZ50xQ.swf" />
      <file href="story_content/data.swf" />
      <file href="html5/data/css/output.min.css" />
      <file href="html5/data/js/5rNyRwZ50xQ.js" />
      <file href="html5/data/js/5UrnOiolbaM.js" />
      <file href="html5/data/js/5Vvnz5ty487.js" />
      <file href="html5/data/js/5YEGE71qUJ5.js" />
      <file href="html5/data/js/5YUuexgdvKI.js" />
      <file href="html5/data/js/6aH4VXtJri3.js" />
      <file href="html5/data/js/6BJAoI1W4SF.js" />
      <file href="html5/data/js/6jL3yNTHVNb.js" />
      <file href="html5/data/js/6K0nsqgjCPY.js" />
      <file href="html5/data/js/6UqaFbZnCwN.js" />
      <file href="html5/data/js/data.js" />
      <file href="html5/data/js/frame.js" />
      <file href="html5/data/js/paths.js" />
      <file href="html5/lib/scripts/app.min.js" />
      <file href="html5/lib/stylesheets/main.min.css" />
      <file href="html5/lib/stylesheets/mobile-fonts/open-sans-bold.woff" />
      <file href="html5/lib/stylesheets/mobile-fonts/open-sans-light.woff" />
      <file href="html5/lib/stylesheets/mobile-fonts/open-sans-regular.woff" />
      <file href="story.html" />
      <file href="story_flash.html" />
      <file href="story_html5.html" />
      <file href="story_content/blank.html" />
      <file href="story_content/story.js" />
      <file href="index_lms.html" />
      <file href="index_lms_html5.html" />
      <file href="index_lms_flash.html" />
      <file href="lms/AICCComm.html" />
      <file href="lms/AICCFunctions.js" />
      <file href="lms/API.js" />
      <file href="lms/APIConstants.js" />
      <file href="lms/blank.html" />
      <file href="lms/browsersniff.js" />
      <file href="lms/Configuration.js" />
      <file href="lms/goodbye.html" />
      <file href="lms/lms.js" />
      <file href="lms/LMSAPI.js" />
      <file href="lms/NONEFunctions.js" />
      <file href="lms/SCORM2004Functions.js" />
      <file href="lms/SCORMFunctions.js" />
      <file href="lms/UtilityFunctions.js" />
    </resource>
  </resources>
</manifest>