<?xml version="1.0" encoding="utf-8"?>
<manifest identifier="_5XXN30NeTQp_course_id" version="1.0" xmlns="http://www.imsproject.org/xsd/imscp_rootv1p1p2" xmlns:adlcp="http://www.adlnet.org/xsd/adlcp_rootv1p2" xmlns:xsi="http://www.w3.org/2001/XMLSchema-instance" xsi:schemaLocation="http://www.imsproject.org/xsd/imscp_rootv1p1p2 imscp_rootv1p1p2.xsd http://www.imsglobal.org/xsd/imsmd_rootv1p2p1 imsmd_rootv1p2p1.xsd http://www.adlnet.org/xsd/adlcp_rootv1p2 adlcp_rootv1p2.xsd">
  <metadata>
    <schema>ADL SCORM</schema>
    <schemaversion>1.2</schemaversion>
    <lom xmlns="http://www.imsglobal.org/xsd/imsmd_rootv1p2p1" xmlns:xsi="http://www.w3.org/2001/XMLSchema-instance" xsi:schemaLocation="http://www.imsglobal.org/xsd/imsmd_rootv1p2p1 imsmd_rootv1p2p1.xsd">
      <general>
        <title>
          <langstring xml:lang="x-none">phi_vu_khong_gian</langstring>
        </title>
      </general>
      <lifecycle>
        <version>
          <langstring xml:lang="x-none">1</langstring>
        </version>
        <status>
          <source>
            <langstring xml:lang="x-none">LOMv1.0</langstring>
          </source>
          <value>
            <langstring xml:lang="x-none">Final</langstring>
          </value>
        </status>
      </lifecycle>
      <metametadata>
        <metadatascheme>ADL SCORM 1.2</metadatascheme>
      </metametadata>
      <educational>
        <typicallearningtime>
          <datetime>PT0H0M0S</datetime>
        </typicallearningtime>
      </educational>
      <rights>
        <cost>
          <source>
            <langstring xml:lang="x-none">LOMv1.0</langstring>
          </source>
          <value>
            <langstring xml:lang="x-none">yes</langstring>
          </value>
        </cost>
        <copyrightandotherrestrictions>
          <source>
            <langstring xml:lang="x-none">LOMv1.0</langstring>
          </source>
          <value>
            <langstring xml:lang="x-none">yes</langstring>
          </value>
        </copyrightandotherrestrictions>
      </rights>
    </lom>
  </metadata>
  <organizations default="phi_vu_khong_gian_ORG">
    <organization identifier="phi_vu_khong_gian_ORG">
      <title>phi_vu_khong_gian</title>
      <item identifier="BoardGameWithRandomDice-DMyers_SCO" isvisible="true" identifierref="__5XXN30NeTQp_course_id_RES">
        <title>phi_vu_khong_gian</title>
      </item>
    </organization>
  </organizations>
  <resources>
    <resource identifier="__5XXN30NeTQp_course_id_RES" type="webcontent" href="index_lms.html" adlcp:scormtype="sco">
      <file href="story_content/thumbnail.jpg" />
      <file href="story_content/Slide5jHkTNDBQnS.swf" />
      <file href="story_content/video_6b7nu5zEfqL_18_48_720x406.mp4" />
      <file href="mobile/video_6b7nu5zEfqL_18_48_720x406.jpg" />
      <file href="story_content/5qNgPBIM7rC_22050_48_0.mp3" />
      <file href="story_content/6nxUueshvmF_DX1080_DY1080.swf" />
      <file href="mobile/6nxUueshvmF_DX1080_DY1080_CX711_CY810.png" />
      <file href="mobile/6nxUueshvmF_DX1080_DY1080_CX711_CY810.swf" />
      <file href="story_content/6N3s43GStWg_DX1322_DY1322.swf" />
      <file href="mobile/6N3s43GStWg_DX1322_DY1322_CX991_CY132.png" />
      <file href="mobile/6N3s43GStWg_DX1322_DY1322_CX991_CY132.swf" />
      <file href="story_content/6qeEsYVTNOK_22050_48_0.mp3" />
      <file href="story_content/6jF7CPsqBsc_P_0_151_563_873_DX1080_DY1080.swf" />
      <file href="mobile/6jF7CPsqBsc_P_0_151_563_873_DX1080_DY1080_CX445_CY690.png" />
      <file href="mobile/6jF7CPsqBsc_P_0_151_563_873_DX1080_DY1080_CX445_CY690.swf" />
      <file href="story_content/5lzJ222RKhs_22050_48_0.mp3" />
      <file href="story_content/5a9XDtBNdP0_P_0_151_563_873_DX1080_DY1080.swf" />
      <file href="mobile/5a9XDtBNdP0_P_0_151_563_873_DX1080_DY1080_CX445_CY690.png" />
      <file href="mobile/5a9XDtBNdP0_P_0_151_563_873_DX1080_DY1080_CX445_CY690.swf" />
      <file href="story_content/6VNTepDJodC_22050_48_0.mp3" />
      <file href="story_content/6Zjr6s0G3UN_P_0_80_562_945_DX2050_DY2050.swf" />
      <file href="mobile/6Zjr6s0G3UN_P_0_80_562_945_DX2050_DY2050_CX410_CY690.png" />
      <file href="mobile/6Zjr6s0G3UN_P_0_80_562_945_DX2050_DY2050_CX410_CY690.swf" />
      <file href="story_content/6kr4Cd8BbIv_22050_48_0.mp3" />
      <file href="story_content/6qPGoP7nr2r_22050_48_0.mp3" />
      <file href="story_content/5st4pcilNTv_DX1050_DY1050.swf" />
      <file href="mobile/5st4pcilNTv_DX1050_DY1050_CX787_CY787.png" />
      <file href="mobile/5st4pcilNTv_DX1050_DY1050_CX787_CY787.swf" />
      <file href="mobile/6N3s43GStWg_DX1322_DY1322_CX279_CY37.png" />
      <file href="mobile/6N3s43GStWg_DX1322_DY1322_CX279_CY37.swf" />
      <file href="story_content/68wvIOTb1Z0_DX120_DY120.swf" />
      <file href="mobile/68wvIOTb1Z0_DX120_DY120_CX54_CY90.png" />
      <file href="mobile/68wvIOTb1Z0_DX120_DY120_CX54_CY90.swf" />
      <file href="story_content/68wvIOTb1Z0_RBDD0D0_DX120_DY120.swf" />
      <file href="mobile/68wvIOTb1Z0_RBDD0D0_DX120_DY120_CX54_CY90.png" />
      <file href="mobile/68wvIOTb1Z0_RBDD0D0_DX120_DY120_CX54_CY90.swf" />
      <file href="story_content/6cOwyKnCIDG_DX218_DY218.swf" />
      <file href="mobile/6cOwyKnCIDG_DX218_DY218_CX161_CY37.png" />
      <file href="mobile/6cOwyKnCIDG_DX218_DY218_CX161_CY37.swf" />
      <file href="story_content/5YSEcR95nlP_DX134_DY134.swf" />
      <file href="mobile/5YSEcR95nlP_DX134_DY134_CX72_CY100.png" />
      <file href="mobile/5YSEcR95nlP_DX134_DY134_CX72_CY100.swf" />
      <file href="mobile/5YSEcR95nlP_DX134_DY134_CX60_CY83.png" />
      <file href="mobile/5YSEcR95nlP_DX134_DY134_CX60_CY83.swf" />
      <file href="mobile/5YSEcR95nlP_DX134_DY134_CX39_CY54.png" />
      <file href="mobile/5YSEcR95nlP_DX134_DY134_CX39_CY54.swf" />
      <file href="story_content/6gSCPOgcc6D_DX164_DY164.swf" />
      <file href="mobile/6gSCPOgcc6D_DX164_DY164_CX123_CY123.png" />
      <file href="mobile/6gSCPOgcc6D_DX164_DY164_CX123_CY123.swf" />
      <file href="story_content/5cRXTf5Rk9i_DX164_DY164.swf" />
      <file href="mobile/5cRXTf5Rk9i_DX164_DY164_CX123_CY123.png" />
      <file href="mobile/5cRXTf5Rk9i_DX164_DY164_CX123_CY123.swf" />
      <file href="story_content/5hYX2W8SDPL_DX164_DY164.swf" />
      <file href="mobile/5hYX2W8SDPL_DX164_DY164_CX123_CY123.png" />
      <file href="mobile/5hYX2W8SDPL_DX164_DY164_CX123_CY123.swf" />
      <file href="story_content/6WOhcSr0Lzg_DX164_DY164.swf" />
      <file href="mobile/6WOhcSr0Lzg_DX164_DY164_CX123_CY123.png" />
      <file href="mobile/6WOhcSr0Lzg_DX164_DY164_CX123_CY123.swf" />
      <file href="story_content/5xk8epOqbxT_DX164_DY164.swf" />
      <file href="mobile/5xk8epOqbxT_DX164_DY164_CX123_CY123.png" />
      <file href="mobile/5xk8epOqbxT_DX164_DY164_CX123_CY123.swf" />
      <file href="story_content/5y5xQW3wIUV_DX164_DY164.swf" />
      <file href="mobile/5y5xQW3wIUV_DX164_DY164_CX123_CY123.png" />
      <file href="mobile/5y5xQW3wIUV_DX164_DY164_CX123_CY123.swf" />
      <file href="story_content/6W0qKc639z9_22050_48_0.mp3" />
      <file href="story_content/5W3mDyhwZMx_DX164_DY164.swf" />
      <file href="mobile/5W3mDyhwZMx_DX164_DY164_CX123_CY123.png" />
      <file href="mobile/5W3mDyhwZMx_DX164_DY164_CX123_CY123.swf" />
      <file href="story_content/66XjBE8ZFxw_DX164_DY164.swf" />
      <file href="mobile/66XjBE8ZFxw_DX164_DY164_CX123_CY123.png" />
      <file href="mobile/66XjBE8ZFxw_DX164_DY164_CX123_CY123.swf" />
      <file href="story_content/6o0wvRdLF4v_DX164_DY164.swf" />
      <file href="mobile/6o0wvRdLF4v_DX164_DY164_CX123_CY123.png" />
      <file href="mobile/6o0wvRdLF4v_DX164_DY164_CX123_CY123.swf" />
      <file href="story_content/5YNn2WZjMQk_DX164_DY164.swf" />
      <file href="mobile/5YNn2WZjMQk_DX164_DY164_CX123_CY123.png" />
      <file href="mobile/5YNn2WZjMQk_DX164_DY164_CX123_CY123.swf" />
      <file href="story_content/5kvkXZCxvvU_DX164_DY164.swf" />
      <file href="mobile/5kvkXZCxvvU_DX164_DY164_CX123_CY123.png" />
      <file href="mobile/5kvkXZCxvvU_DX164_DY164_CX123_CY123.swf" />
      <file href="story_content/6c4b7EJt6dB_DX164_DY164.swf" />
      <file href="mobile/6c4b7EJt6dB_DX164_DY164_CX123_CY123.png" />
      <file href="mobile/6c4b7EJt6dB_DX164_DY164_CX123_CY123.swf" />
      <file href="story_content/5WMpoKMUf4p_DX164_DY164.swf" />
      <file href="mobile/5WMpoKMUf4p_DX164_DY164_CX123_CY123.png" />
      <file href="mobile/5WMpoKMUf4p_DX164_DY164_CX123_CY123.swf" />
      <file href="story_content/5iVqXEF0z7N_DX164_DY164.swf" />
      <file href="mobile/5iVqXEF0z7N_DX164_DY164_CX123_CY123.png" />
      <file href="mobile/5iVqXEF0z7N_DX164_DY164_CX123_CY123.swf" />
      <file href="story_content/5zvvu3MOvyY_DX164_DY164.swf" />
      <file href="mobile/5zvvu3MOvyY_DX164_DY164_CX123_CY123.png" />
      <file href="mobile/5zvvu3MOvyY_DX164_DY164_CX123_CY123.swf" />
      <file href="story_content/6k1CBUz5bKN_22050_48_0.mp3" />
      <file href="story_content/6fdzN8sSsz4_DX1080_DY1080.swf" />
      <file href="mobile/6fdzN8sSsz4_DX1080_DY1080_CX711_CY810.png" />
      <file href="mobile/6fdzN8sSsz4_DX1080_DY1080_CX711_CY810.swf" />
      <file href="story_content/6fo4x62EqCJ_DX1114_DY1114.swf" />
      <file href="mobile/6fo4x62EqCJ_DX1114_DY1114_CX835_CY135.png" />
      <file href="mobile/6fo4x62EqCJ_DX1114_DY1114_CX835_CY135.swf" />
      <file href="story_content/Slide5oKf7xF59MQ.swf" />
      <file href="story_content/6RK8PzYj6Z2_22050_48_0.mp3" />
      <file href="story_content/5lkKd27yETw_22050_48_0.mp3" />
      <file href="story_content/6YovBX6VJ1j_DX696_DY696.jpg" />
      <file href="mobile/6YovBX6VJ1j_DX696_DY696_CX348_CY321.jpg" />
      <file href="story_content/6DolzNXVWW9_22050_48_0.mp3" />
      <file href="story_content/5tkf9evHp2K_22050_48_0.mp3" />
      <file href="story_content/5rXGj5ASuZ9_22050_48_0.mp3" />
      <file href="story_content/615nQ5UYHFw_22050_48_0.mp3" />
      <file href="story_content/6R0NRDb8yi2_DX630_DY630.jpg" />
      <file href="mobile/6R0NRDb8yi2_DX630_DY630_CX418_CY317.jpg" />
      <file href="story_content/5fwidkQxPhK_22050_48_0.mp3" />
      <file href="meta.xml" />
      <file href="story_content/FontFactory.swf" />
      <file href="story_content/fonts.swf" />
      <file href="story_content/fonts.xml" />
      <file href="story_content/url.png" />
      <file href="story_content/frame.xml" />
      <file href="story_content/frame.json" />
      <file href="story_content/user.js" />
      <file href="mobile/app_store.png" />
      <file href="mobile/mobile_icon.png" />
      <file href="mobile/linen_background.jpg" />
      <file href="mobile/Slide5jHkTNDBQnS.png" />
      <file href="mobile/Slide5oKf7xF59MQ.png" />
      <file href="story.swf" />
      <file href="story_content/frame.swf" />
      <file href="story_content/slides/6i1f6aNU0AN.swf" />
      <file href="mobile/slides/6i1f6aNU0AN.gz" />
      <file href="story_content/slides/5qq6iMJzBVT.swf" />
      <file href="mobile/slides/5qq6iMJzBVT.gz" />
      <file href="story_content/slides/6cFBbe1YNbK.swf" />
      <file href="mobile/slides/6cFBbe1YNbK.gz" />
      <file href="story_content/slides/6dPRPOayjt7.swf" />
      <file href="mobile/slides/6dPRPOayjt7.gz" />
      <file href="story_content/slides/6mlU135Zjsh.swf" />
      <file href="mobile/slides/6mlU135Zjsh.gz" />
      <file href="story_content/slides/6jqb1TffM9e.swf" />
      <file href="mobile/slides/6jqb1TffM9e.gz" />
      <file href="story_content/slides/6bomCSnO9jz.swf" />
      <file href="mobile/slides/6bomCSnO9jz.gz" />
      <file href="story_content/slides/5vXB3sPpWUZ.swf" />
      <file href="mobile/slides/5vXB3sPpWUZ.gz" />
      <file href="story_content/slides/6gwi4IsWy2u.swf" />
      <file href="mobile/slides/6gwi4IsWy2u.gz" />
      <file href="story_content/slides/5Yl6l46zKwX.swf" />
      <file href="mobile/slides/5Yl6l46zKwX.gz" />
      <file href="story_content/slides/5gmvKr2iBty.swf" />
      <file href="mobile/slides/5gmvKr2iBty.gz" />
      <file href="story_content/data.swf" />
      <file href="mobile/data.gz" />
      <file href="html5/data/css/output.min.css" />
      <file href="html5/data/js/5gmvKr2iBty.js" />
      <file href="html5/data/js/5qq6iMJzBVT.js" />
      <file href="html5/data/js/5vXB3sPpWUZ.js" />
      <file href="html5/data/js/5Yl6l46zKwX.js" />
      <file href="html5/data/js/6bomCSnO9jz.js" />
      <file href="html5/data/js/6cFBbe1YNbK.js" />
      <file href="html5/data/js/6dPRPOayjt7.js" />
      <file href="html5/data/js/6gwi4IsWy2u.js" />
      <file href="html5/data/js/6i1f6aNU0AN.js" />
      <file href="html5/data/js/6jqb1TffM9e.js" />
      <file href="html5/data/js/6mlU135Zjsh.js" />
      <file href="html5/data/js/data.js" />
      <file href="html5/data/js/frame.js" />
      <file href="html5/data/js/paths.js" />
      <file href="html5/lib/scripts/app.min.js" />
      <file href="html5/lib/stylesheets/main.min.css" />
      <file href="html5/lib/stylesheets/mobile-fonts/open-sans-bold.woff" />
      <file href="html5/lib/stylesheets/mobile-fonts/open-sans-light.woff" />
      <file href="html5/lib/stylesheets/mobile-fonts/open-sans-regular.woff" />
      <file href="story.html" />
      <file href="story_flash.html" />
      <file href="story_html5.html" />
      <file href="story_content/blank.html" />
      <file href="story_content/story.js" />
      <file href="amplaunch.html" />
      <file href="mobile/mobileinstall.html" />
      <file href="index_lms.html" />
      <file href="index_lms_html5.html" />
      <file href="index_lms_flash.html" />
      <file href="lms/AICCComm.html" />
      <file href="lms/AICCFunctions.js" />
      <file href="lms/API.js" />
      <file href="lms/APIConstants.js" />
      <file href="lms/blank.html" />
      <file href="lms/browsersniff.js" />
      <file href="lms/Configuration.js" />
      <file href="lms/goodbye.html" />
      <file href="lms/lms.js" />
      <file href="lms/LMSAPI.js" />
      <file href="lms/NONEFunctions.js" />
      <file href="lms/SCORM2004Functions.js" />
      <file href="lms/SCORMFunctions.js" />
      <file href="lms/UtilityFunctions.js" />
    </resource>
  </resources>
</manifest>