﻿<?xml version="1.0" encoding="utf-8"?>
<manifest identifier="_6fEmGewbZIM_course_id" version="1.0" xmlns="http://www.imsproject.org/xsd/imscp_rootv1p1p2" xmlns:adlcp="http://www.adlnet.org/xsd/adlcp_rootv1p2" xmlns:xsi="http://www.w3.org/2001/XMLSchema-instance" xsi:schemaLocation="http://www.imsproject.org/xsd/imscp_rootv1p1p2 imscp_rootv1p1p2.xsd http://www.imsglobal.org/xsd/imsmd_rootv1p2p1 imsmd_rootv1p2p1.xsd http://www.adlnet.org/xsd/adlcp_rootv1p2 adlcp_rootv1p2.xsd">
  <metadata>
    <schema>ADL SCORM</schema>
    <schemaversion>1.2</schemaversion>
    <lom xmlns="http://www.imsglobal.org/xsd/imsmd_rootv1p2p1" xmlns:xsi="http://www.w3.org/2001/XMLSchema-instance" xsi:schemaLocation="http://www.imsglobal.org/xsd/imsmd_rootv1p2p1 imsmd_rootv1p2p1.xsd">
      <general>
        <title>
          <langstring xml:lang="x-none">tynkerbanmoi</langstring>
        </title>
      </general>
      <lifecycle>
        <version>
          <langstring xml:lang="x-none">1</langstring>
        </version>
        <status>
          <source>
            <langstring xml:lang="x-none">LOMv1.0</langstring>
          </source>
          <value>
            <langstring xml:lang="x-none">Final</langstring>
          </value>
        </status>
      </lifecycle>
      <metametadata>
        <metadatascheme>ADL SCORM 1.2</metadatascheme>
      </metametadata>
      <educational>
        <typicallearningtime>
          <datetime>PT0H0M0S</datetime>
        </typicallearningtime>
      </educational>
      <rights>
        <cost>
          <source>
            <langstring xml:lang="x-none">LOMv1.0</langstring>
          </source>
          <value>
            <langstring xml:lang="x-none">yes</langstring>
          </value>
        </cost>
        <copyrightandotherrestrictions>
          <source>
            <langstring xml:lang="x-none">LOMv1.0</langstring>
          </source>
          <value>
            <langstring xml:lang="x-none">yes</langstring>
          </value>
        </copyrightandotherrestrictions>
      </rights>
    </lom>
  </metadata>
  <organizations default="tynkerbanmoi_ORG">
    <organization identifier="tynkerbanmoi_ORG">
      <title>tynkerbanmoi</title>
      <item identifier="Match_the_Following_-_Demo_SCO" isvisible="true" identifierref="__6fEmGewbZIM_course_id_RES">
        <title>Match the Following - Demo</title>
      </item>
    </organization>
  </organizations>
  <resources>
    <resource identifier="__6fEmGewbZIM_course_id_RES" type="webcontent" href="index_lms.html" adlcp:scormtype="sco">
      <file href="story_content/thumbnail.jpg" />
      <file href="story_content/video_6Plq8E52PHc_20_128_976x550.mp4" />
      <file href="mobile/video_6Plq8E52PHc_20_128_976x550.jpg" />
      <file href="story_content/6o9z0v98iZg_97_DX306_DY306.swf" />
      <file href="mobile/6o9z0v98iZg_97_DX306_DY306_CX229_CY93.png" />
      <file href="story_content/video_6CUezYjdGZT_20_128_976x550.mp4" />
      <file href="mobile/video_6CUezYjdGZT_20_128_976x550.jpg" />
      <file href="story_content/5V4E0sMuU0n_22050_128_0.mp3" />
      <file href="story_content/6ou6W57siME_22050_128_0.mp3" />
      <file href="story_content/5a4rssoKlna_22050_128_0.mp3" />
      <file href="story_content/6A9HZ3wuaM4_97_DX768_DY768.swf" />
      <file href="mobile/6A9HZ3wuaM4_97_DX768_DY768_CX443_CY476.png" />
      <file href="story_content/6RNZVWR6Bxu_97_DX780_DY780.swf" />
      <file href="mobile/6RNZVWR6Bxu_97_DX780_DY780_CX437_CY518.png" />
      <file href="story_content/video_5rk0dmtHLrC_20_128_976x550.mp4" />
      <file href="mobile/video_5rk0dmtHLrC_20_128_976x550.jpg" />
      <file href="story_content/6IHWHNwNqjw_97_DX144_DY144.swf" />
      <file href="mobile/6IHWHNwNqjw_97_DX144_DY144_CX108_CY108.png" />
      <file href="story_content/Slide5lav5WBI7z9.swf" />
      <file href="story_content/6YOAqphJx9y_97_DX140_DY140.swf" />
      <file href="mobile/6YOAqphJx9y_97_DX140_DY140_CX105_CY94.png" />
      <file href="story_content/6cgakEjiGjo_97_DX140_DY140.swf" />
      <file href="mobile/6cgakEjiGjo_97_DX140_DY140_CX105_CY94.png" />
      <file href="story_content/66H6yhM3pbM_97_DX140_DY140.swf" />
      <file href="mobile/66H6yhM3pbM_97_DX140_DY140_CX105_CY94.png" />
      <file href="story_content/5vFfg0M1YjJ_97_P_0_43_434_322_DX162_DY162.swf" />
      <file href="mobile/5vFfg0M1YjJ_97_P_0_43_434_322_DX162_DY162_CX121_CY90.png" />
      <file href="story_content/5umORgqNGul_97_P_0_49_434_316_DX158_DY158.swf" />
      <file href="mobile/5umORgqNGul_97_P_0_49_434_316_DX158_DY158_CX118_CY86.png" />
      <file href="story_content/5sG5Gs4TH32_97_P_0_43_434_322_DX158_DY158.swf" />
      <file href="mobile/5sG5Gs4TH32_97_P_0_43_434_322_DX158_DY158_CX118_CY88.png" />
      <file href="story_content/6h7GgDcxbqr_22050_128_0.mp3" />
      <file href="story_content/5jccMcsoMUL_22050_128_0.mp3" />
      <file href="story_content/6ZwHzJDodx9_22050_128_0.mp3" />
      <file href="story_content/6bk8xuvox5S_97_DX412_DY412.swf" />
      <file href="mobile/6bk8xuvox5S_97_DX412_DY412_CX309_CY204.png" />
      <file href="story_content/5lHe8xdk4WH_22050_128_0.mp3" />
      <file href="story_content/video_6nCKhqdMDwj_20_128_976x550.mp4" />
      <file href="mobile/video_6nCKhqdMDwj_20_128_976x550.jpg" />
      <file href="meta.xml" />
      <file href="story_content/FontFactory.swf" />
      <file href="story_content/fonts.swf" />
      <file href="story_content/frame.xml" />
      <file href="story_content/frame.json" />
      <file href="story_content/user.js" />
      <file href="mobile/Slide5lav5WBI7z9.jpg" />
      <file href="story.swf" />
      <file href="story_content/frame.swf" />
      <file href="story_content/slides/5t6tvkLY6Up.swf" />
      <file href="story_content/slides/5sNwXxmhfeq.swf" />
      <file href="story_content/slides/6elKVHcdHDV.swf" />
      <file href="story_content/slides/6PCaxlqO8tU.swf" />
      <file href="story_content/slides/6FjO1qO0Xys.swf" />
      <file href="story_content/slides/5hbyXLBWHh2.swf" />
      <file href="story_content/slides/5cPNH1rxryH.swf" />
      <file href="story_content/slides/5sr3QwJCxXA.swf" />
      <file href="story_content/data.swf" />
      <file href="html5/data/css/output.min.css" />
      <file href="html5/data/js/5cPNH1rxryH.js" />
      <file href="html5/data/js/5hbyXLBWHh2.js" />
      <file href="html5/data/js/5sNwXxmhfeq.js" />
      <file href="html5/data/js/5sr3QwJCxXA.js" />
      <file href="html5/data/js/5t6tvkLY6Up.js" />
      <file href="html5/data/js/6elKVHcdHDV.js" />
      <file href="html5/data/js/6FjO1qO0Xys.js" />
      <file href="html5/data/js/6PCaxlqO8tU.js" />
      <file href="html5/data/js/data.js" />
      <file href="html5/data/js/frame.js" />
      <file href="html5/data/js/paths.js" />
      <file href="html5/lib/scripts/app.min.js" />
      <file href="html5/lib/stylesheets/main.min.css" />
      <file href="html5/lib/stylesheets/mobile-fonts/open-sans-bold.woff" />
      <file href="html5/lib/stylesheets/mobile-fonts/open-sans-light.woff" />
      <file href="html5/lib/stylesheets/mobile-fonts/open-sans-regular.woff" />
      <file href="story.html" />
      <file href="story_flash.html" />
      <file href="story_html5.html" />
      <file href="story_content/blank.html" />
      <file href="story_content/story.js" />
      <file href="index_lms.html" />
      <file href="index_lms_html5.html" />
      <file href="index_lms_flash.html" />
      <file href="lms/AICCComm.html" />
      <file href="lms/AICCFunctions.js" />
      <file href="lms/API.js" />
      <file href="lms/APIConstants.js" />
      <file href="lms/blank.html" />
      <file href="lms/browsersniff.js" />
      <file href="lms/Configuration.js" />
      <file href="lms/goodbye.html" />
      <file href="lms/lms.js" />
      <file href="lms/LMSAPI.js" />
      <file href="lms/NONEFunctions.js" />
      <file href="lms/SCORM2004Functions.js" />
      <file href="lms/SCORMFunctions.js" />
      <file href="lms/UtilityFunctions.js" />
    </resource>
  </resources>
</manifest>