﻿<?xml version="1.0" encoding="utf-8"?>
<manifest identifier="_6GChrp7Y29X_course_id" version="1.0" xmlns="http://www.imsproject.org/xsd/imscp_rootv1p1p2" xmlns:adlcp="http://www.adlnet.org/xsd/adlcp_rootv1p2" xmlns:xsi="http://www.w3.org/2001/XMLSchema-instance" xsi:schemaLocation="http://www.imsproject.org/xsd/imscp_rootv1p1p2 imscp_rootv1p1p2.xsd http://www.imsglobal.org/xsd/imsmd_rootv1p2p1 imsmd_rootv1p2p1.xsd http://www.adlnet.org/xsd/adlcp_rootv1p2 adlcp_rootv1p2.xsd">
  <metadata>
    <schema>ADL SCORM</schema>
    <schemaversion>1.2</schemaversion>
    <lom xmlns="http://www.imsglobal.org/xsd/imsmd_rootv1p2p1" xmlns:xsi="http://www.w3.org/2001/XMLSchema-instance" xsi:schemaLocation="http://www.imsglobal.org/xsd/imsmd_rootv1p2p1 imsmd_rootv1p2p1.xsd">
      <general>
        <title>
          <langstring xml:lang="x-none">nhanhchanghidanh</langstring>
        </title>
      </general>
      <lifecycle>
        <version>
          <langstring xml:lang="x-none">1</langstring>
        </version>
        <status>
          <source>
            <langstring xml:lang="x-none">LOMv1.0</langstring>
          </source>
          <value>
            <langstring xml:lang="x-none">Final</langstring>
          </value>
        </status>
      </lifecycle>
      <metametadata>
        <metadatascheme>ADL SCORM 1.2</metadatascheme>
      </metametadata>
      <educational>
        <typicallearningtime>
          <datetime>PT0H0M0S</datetime>
        </typicallearningtime>
      </educational>
      <rights>
        <cost>
          <source>
            <langstring xml:lang="x-none">LOMv1.0</langstring>
          </source>
          <value>
            <langstring xml:lang="x-none">yes</langstring>
          </value>
        </cost>
        <copyrightandotherrestrictions>
          <source>
            <langstring xml:lang="x-none">LOMv1.0</langstring>
          </source>
          <value>
            <langstring xml:lang="x-none">yes</langstring>
          </value>
        </copyrightandotherrestrictions>
      </rights>
    </lom>
  </metadata>
  <organizations default="nhanhchanghidanh_ORG">
    <organization identifier="nhanhchanghidanh_ORG">
      <title>nhanhchanghidanh</title>
      <item identifier="Matching-Drag-DRop_SCO" isvisible="true" identifierref="__6GChrp7Y29X_course_id_RES">
        <title>nhanhchanghidanh</title>
      </item>
    </organization>
  </organizations>
  <resources>
    <resource identifier="__6GChrp7Y29X_course_id_RES" type="webcontent" href="index_lms.html" adlcp:scormtype="sco">
      <file href="story_content/thumbnail.jpg" />
      <file href="story_content/6o9z0v98iZg_80_DX236_DY236.swf" />
      <file href="mobile/6o9z0v98iZg_80_DX236_DY236_CX177_CY72.png" />
      <file href="story_content/video_6R6Ds0pp3lO_22_48_720x406.mp4" />
      <file href="mobile/video_6R6Ds0pp3lO_22_48_720x406.jpg" />
      <file href="story_content/video_5qgMzAT63Kp_22_48_720x406.mp4" />
      <file href="mobile/video_5qgMzAT63Kp_22_48_720x406.jpg" />
      <file href="story_content/5bVSFSzgLa2_22050_48_0.mp3" />
      <file href="story_content/6hlgqG5Izq3_22050_48_0.mp3" />
      <file href="story_content/6A9HZ3wuaM4_80_DX768_DY768.swf" />
      <file href="mobile/6A9HZ3wuaM4_80_DX768_DY768_CX443_CY476.png" />
      <file href="story_content/5c6iZRwF594_22050_48_0.mp3" />
      <file href="story_content/6RNZVWR6Bxu_80_DX636_DY636.swf" />
      <file href="mobile/6RNZVWR6Bxu_80_DX636_DY636_CX402_CY477.png" />
      <file href="story_content/5dFy3FchoPe_22050_48_0.mp3" />
      <file href="story_content/video_5wPABalSfpb_22_48_720x406.mp4" />
      <file href="mobile/video_5wPABalSfpb_22_48_720x406.jpg" />
      <file href="story_content/60q3brMwn8H_80_DX142_DY142.swf" />
      <file href="mobile/60q3brMwn8H_80_DX142_DY142_CX106_CY80.png" />
      <file href="story_content/Slide6VHRfk5MzVs.swf" />
      <file href="story_content/txt__default_6oqAHN8j9FY.swf" />
      <file href="story_content/txt__default_6GstUFTqOyc.swf" />
      <file href="story_content/txt__default_6h8mQ6aHxc3.swf" />
      <file href="story_content/txt__default_6bqEqiioENK.swf" />
      <file href="story_content/txt__default_5g6aW1enltD.swf" />
      <file href="story_content/txt__default_5xc6lgcqOYQ.swf" />
      <file href="story_content/txt__default_6pFgKEXpwn2.swf" />
      <file href="story_content/video_6nBavn1nlif_22_48_720x406.mp4" />
      <file href="mobile/video_6nBavn1nlif_22_48_720x406.jpg" />
      <file href="meta.xml" />
      <file href="story_content/FontFactory.swf" />
      <file href="story_content/fonts.swf" />
      <file href="story_content/frame.xml" />
      <file href="story_content/frame.json" />
      <file href="story_content/user.js" />
      <file href="mobile/Slide6VHRfk5MzVs.jpg" />
      <file href="mobile/txt__default_6oqAHN8j9FY.png" />
      <file href="mobile/txt__default_6GstUFTqOyc.png" />
      <file href="mobile/txt__default_6h8mQ6aHxc3.png" />
      <file href="mobile/txt__default_6bqEqiioENK.png" />
      <file href="mobile/txt__default_5g6aW1enltD.png" />
      <file href="mobile/txt__default_5xc6lgcqOYQ.png" />
      <file href="mobile/txt__default_6pFgKEXpwn2.png" />
      <file href="story.swf" />
      <file href="story_content/frame.swf" />
      <file href="story_content/slides/6ioWPGZbQy7.swf" />
      <file href="story_content/slides/6RyX57H1uJh.swf" />
      <file href="story_content/slides/6dkHjJTYWMH.swf" />
      <file href="story_content/slides/6Sj4anRtYEi.swf" />
      <file href="story_content/slides/5vM9mcCKGav.swf" />
      <file href="story_content/slides/5iWk8gnxmBq.swf" />
      <file href="story_content/slides/5d7oPfFVJae.swf" />
      <file href="story_content/data.swf" />
      <file href="html5/data/css/output.min.css" />
      <file href="html5/data/js/5d7oPfFVJae.js" />
      <file href="html5/data/js/5iWk8gnxmBq.js" />
      <file href="html5/data/js/5vM9mcCKGav.js" />
      <file href="html5/data/js/6dkHjJTYWMH.js" />
      <file href="html5/data/js/6ioWPGZbQy7.js" />
      <file href="html5/data/js/6RyX57H1uJh.js" />
      <file href="html5/data/js/6Sj4anRtYEi.js" />
      <file href="html5/data/js/data.js" />
      <file href="html5/data/js/frame.js" />
      <file href="html5/data/js/paths.js" />
      <file href="html5/lib/scripts/app.min.js" />
      <file href="html5/lib/stylesheets/main.min.css" />
      <file href="html5/lib/stylesheets/mobile-fonts/open-sans-bold.woff" />
      <file href="html5/lib/stylesheets/mobile-fonts/open-sans-light.woff" />
      <file href="html5/lib/stylesheets/mobile-fonts/open-sans-regular.woff" />
      <file href="story.html" />
      <file href="story_flash.html" />
      <file href="story_html5.html" />
      <file href="story_content/blank.html" />
      <file href="story_content/story.js" />
      <file href="index_lms.html" />
      <file href="index_lms_html5.html" />
      <file href="index_lms_flash.html" />
      <file href="lms/AICCComm.html" />
      <file href="lms/AICCFunctions.js" />
      <file href="lms/API.js" />
      <file href="lms/APIConstants.js" />
      <file href="lms/blank.html" />
      <file href="lms/browsersniff.js" />
      <file href="lms/Configuration.js" />
      <file href="lms/goodbye.html" />
      <file href="lms/lms.js" />
      <file href="lms/LMSAPI.js" />
      <file href="lms/NONEFunctions.js" />
      <file href="lms/SCORM2004Functions.js" />
      <file href="lms/SCORMFunctions.js" />
      <file href="lms/UtilityFunctions.js" />
    </resource>
  </resources>
</manifest>