﻿<?xml version="1.0" encoding="utf-8"?>
<manifest identifier="_6qpkbSrRDJL_course_id" version="1.0" xmlns="http://www.imsproject.org/xsd/imscp_rootv1p1p2" xmlns:adlcp="http://www.adlnet.org/xsd/adlcp_rootv1p2" xmlns:xsi="http://www.w3.org/2001/XMLSchema-instance" xsi:schemaLocation="http://www.imsproject.org/xsd/imscp_rootv1p1p2 imscp_rootv1p1p2.xsd http://www.imsglobal.org/xsd/imsmd_rootv1p2p1 imsmd_rootv1p2p1.xsd http://www.adlnet.org/xsd/adlcp_rootv1p2 adlcp_rootv1p2.xsd">
  <metadata>
    <schema>ADL SCORM</schema>
    <schemaversion>1.2</schemaversion>
    <lom xmlns="http://www.imsglobal.org/xsd/imsmd_rootv1p2p1" xmlns:xsi="http://www.w3.org/2001/XMLSchema-instance" xsi:schemaLocation="http://www.imsglobal.org/xsd/imsmd_rootv1p2p1 imsmd_rootv1p2p1.xsd">
      <general>
        <title>
          <langstring xml:lang="x-none">NhinLaiChangDuong</langstring>
        </title>
        <description>
          <langstring xml:lang="x-none">Progress Quiz by Montse</langstring>
        </description>
      </general>
      <lifecycle>
        <version>
          <langstring xml:lang="x-none">1</langstring>
        </version>
        <status>
          <source>
            <langstring xml:lang="x-none">LOMv1.0</langstring>
          </source>
          <value>
            <langstring xml:lang="x-none">Final</langstring>
          </value>
        </status>
      </lifecycle>
      <metametadata>
        <metadatascheme>ADL SCORM 1.2</metadatascheme>
      </metametadata>
      <educational>
        <typicallearningtime>
          <datetime>PT0H0M0S</datetime>
        </typicallearningtime>
      </educational>
      <rights>
        <cost>
          <source>
            <langstring xml:lang="x-none">LOMv1.0</langstring>
          </source>
          <value>
            <langstring xml:lang="x-none">yes</langstring>
          </value>
        </cost>
        <copyrightandotherrestrictions>
          <source>
            <langstring xml:lang="x-none">LOMv1.0</langstring>
          </source>
          <value>
            <langstring xml:lang="x-none">yes</langstring>
          </value>
        </copyrightandotherrestrictions>
      </rights>
    </lom>
  </metadata>
  <organizations default="NhinLaiChangDuong_ORG">
    <organization identifier="NhinLaiChangDuong_ORG">
      <title>NhinLaiChangDuong</title>
      <item identifier="Quiz_by_Montse_SCO" isvisible="true" identifierref="__6qpkbSrRDJL_course_id_RES">
        <title>NhinLaiChangDuong</title>
        <adlcp:masteryscore>80</adlcp:masteryscore>
      </item>
    </organization>
  </organizations>
  <resources>
    <resource identifier="__6qpkbSrRDJL_course_id_RES" type="webcontent" href="index_lms.html" adlcp:scormtype="sco">
      <file href="story_content/thumbnail.jpg" />
      <file href="story_content/video_5h51YyncgiM_26_56_720x406.mp4" />
      <file href="mobile/video_5h51YyncgiM_26_56_720x406.jpg" />
      <file href="story_content/video_6Uj3TsEWgVT_26_56_720x406.mp4" />
      <file href="mobile/video_6Uj3TsEWgVT_26_56_720x406.jpg" />
      <file href="story_content/5UwIAY5nLwp_22050_56_0.mp3" />
      <file href="story_content/6WzQ4J7RO2Q_80_P_0_13_1998_1098_DX684_DY684.swf" />
      <file href="mobile/6WzQ4J7RO2Q_80_P_0_13_1998_1098_DX684_DY684_CX513_CY282.png" />
      <file href="story_content/6UmTzQL1Iu6_80_DX246_DY246.swf" />
      <file href="mobile/6UmTzQL1Iu6_80_DX246_DY246_CX184_CY75.png" />
      <file href="story_content/5bDpyKnxvdb_22050_56_0.mp3" />
      <file href="story_content/6N1ABqHLRY8_80_P_0_35_1650_907_DX684_DY684.swf" />
      <file href="mobile/6N1ABqHLRY8_80_P_0_35_1650_907_DX684_DY684_CX513_CY282.png" />
      <file href="story_content/5v25lb144Ih_22050_56_0.mp3" />
      <file href="story_content/6B5tcJoHuXY_80_P_0_50_1286_706_DX684_DY684.swf" />
      <file href="mobile/6B5tcJoHuXY_80_P_0_50_1286_706_DX684_DY684_CX513_CY282.png" />
      <file href="story_content/5tq0J2Gg0Zh_22050_56_0.mp3" />
      <file href="story_content/6QKllxn8BQn_22050_56_0.mp3" />
      <file href="story_content/report.html" />
      <file href="story_content/6EaAcbhDtVs_80_P_42_0_252_223_DX676_DY676.swf" />
      <file href="mobile/6EaAcbhDtVs_80_P_42_0_252_223_DX676_DY676_CX253_CY223.png" />
      <file href="story_content/61HlFSQgKtc_22050_56_0.mp3" />
      <file href="story_content/6qxWJSJAkbd_22050_56_0.mp3" />
      <file href="story_content/6LGlm0QzfAi_22050_56_0.mp3" />
      <file href="meta.xml" />
      <file href="story_content/FontFactory.swf" />
      <file href="story_content/fonts.swf" />
      <file href="story_content/frame.xml" />
      <file href="story_content/frame.json" />
      <file href="story_content/user.js" />
      <file href="story.swf" />
      <file href="story_content/frame.swf" />
      <file href="story_content/slides/6EcevQCcwb1.swf" />
      <file href="story_content/slides/6Ozrwa5ksvI.swf" />
      <file href="story_content/slides/6KyETMelzpX.swf" />
      <file href="story_content/slides/6aGlpX4u8T0.swf" />
      <file href="story_content/slides/5Z7GYw7PeFP.swf" />
      <file href="story_content/slides/6ewZIzZPhhE.swf" />
      <file href="story_content/slides/5h0dBHc00IP.swf" />
      <file href="story_content/data.swf" />
      <file href="html5/data/css/output.min.css" />
      <file href="html5/data/js/5h0dBHc00IP.js" />
      <file href="html5/data/js/5Z7GYw7PeFP.js" />
      <file href="html5/data/js/6aGlpX4u8T0.js" />
      <file href="html5/data/js/6EcevQCcwb1.js" />
      <file href="html5/data/js/6ewZIzZPhhE.js" />
      <file href="html5/data/js/6KyETMelzpX.js" />
      <file href="html5/data/js/6Ozrwa5ksvI.js" />
      <file href="html5/data/js/data.js" />
      <file href="html5/data/js/frame.js" />
      <file href="html5/data/js/paths.js" />
      <file href="html5/lib/scripts/app.min.js" />
      <file href="html5/lib/stylesheets/main.min.css" />
      <file href="html5/lib/stylesheets/mobile-fonts/open-sans-bold.woff" />
      <file href="html5/lib/stylesheets/mobile-fonts/open-sans-light.woff" />
      <file href="html5/lib/stylesheets/mobile-fonts/open-sans-regular.woff" />
      <file href="story.html" />
      <file href="story_flash.html" />
      <file href="story_html5.html" />
      <file href="story_content/blank.html" />
      <file href="story_content/story.js" />
      <file href="index_lms.html" />
      <file href="index_lms_html5.html" />
      <file href="index_lms_flash.html" />
      <file href="lms/AICCComm.html" />
      <file href="lms/AICCFunctions.js" />
      <file href="lms/API.js" />
      <file href="lms/APIConstants.js" />
      <file href="lms/blank.html" />
      <file href="lms/browsersniff.js" />
      <file href="lms/Configuration.js" />
      <file href="lms/goodbye.html" />
      <file href="lms/lms.js" />
      <file href="lms/LMSAPI.js" />
      <file href="lms/NONEFunctions.js" />
      <file href="lms/SCORM2004Functions.js" />
      <file href="lms/SCORMFunctions.js" />
      <file href="lms/UtilityFunctions.js" />
    </resource>
  </resources>
</manifest>