﻿<?xml version="1.0" encoding="utf-8"?><meta xmlns:xsi="http://www.w3.org/2001/XMLSchema-instance" xmlns:xsd="http://www.w3.org/2001/XMLSchema"><project id="6cPbG89OiYT" courseid="6qpkbSrRDJL_course_id" thumburl="story_content/thumbnail.jpg" title="NhinLaiChangDuong" datepublished="2019-04-10T08:29:10" version="1.0.0.0" flashdata="story_content/data.swf" html5data="mobile/data.json" mobiledata="mobile/data.gz" enabledownload="false" duration="About 1 minute" totalaudio="35575" totalvideo="18877"><description>Progress Quiz by Montse</description><keywords /><slidemeta moniker="slide" monikerplural="slides" viewslides="7" slidecountdescription="7 slides" /><author name="Montse Anderson" email="montse@elearningdesigner.com" website="http://elearningdesigner.com" /><application name="Articulate Storyline" version="3.5.16548.0" xmlversion="4.0" /></project></meta>