﻿<?xml version="1.0" encoding="utf-8"?><meta xmlns:xsi="http://www.w3.org/2001/XMLSchema-instance" xmlns:xsd="http://www.w3.org/2001/XMLSchema"><project id="5tUigXPc1Zp" courseid="5fI6dIuPfaR_course_id" thumburl="story_content/thumbnail.jpg" title="nhinlaichangduong" datepublished="2019-04-10T20:28:02" version="1.0.0.0" flashdata="story_content/data.swf" html5data="mobile/data.json" mobiledata="mobile/data.gz" enabledownload="true" duration="About 9 minutes" totalaudio="0" totalvideo="18877"><description>Created by FasterCourse</description><keywords /><slidemeta moniker="slide" monikerplural="slides" viewslides="17" slidecountdescription="17 slides" /><author name="Ieva Novitus" email="" website="" /><application name="Articulate Storyline" version="3.5.16548.0" xmlversion="4.0" /></project></meta>