<?xml version="1.0" encoding="utf-8"?>
<manifest identifier="_5jpIe0weJlA_course_id" version="1.0" xmlns="http://www.imsproject.org/xsd/imscp_rootv1p1p2" xmlns:adlcp="http://www.adlnet.org/xsd/adlcp_rootv1p2" xmlns:xsi="http://www.w3.org/2001/XMLSchema-instance" xsi:schemaLocation="http://www.imsproject.org/xsd/imscp_rootv1p1p2 imscp_rootv1p1p2.xsd http://www.imsglobal.org/xsd/imsmd_rootv1p2p1 imsmd_rootv1p2p1.xsd http://www.adlnet.org/xsd/adlcp_rootv1p2 adlcp_rootv1p2.xsd">
  <metadata>
    <schema>ADL SCORM</schema>
    <schemaversion>1.2</schemaversion>
    <lom xmlns="http://www.imsglobal.org/xsd/imsmd_rootv1p2p1" xmlns:xsi="http://www.w3.org/2001/XMLSchema-instance" xsi:schemaLocation="http://www.imsglobal.org/xsd/imsmd_rootv1p2p1 imsmd_rootv1p2p1.xsd">
      <general>
        <title>
          <langstring xml:lang="x-none">hd_02_b01_nguoibanmoi</langstring>
        </title>
      </general>
      <lifecycle>
        <version>
          <langstring xml:lang="x-none">1</langstring>
        </version>
        <status>
          <source>
            <langstring xml:lang="x-none">LOMv1.0</langstring>
          </source>
          <value>
            <langstring xml:lang="x-none">Final</langstring>
          </value>
        </status>
      </lifecycle>
      <metametadata>
        <metadatascheme>ADL SCORM 1.2</metadatascheme>
      </metametadata>
      <educational>
        <typicallearningtime>
          <datetime>PT0H0M0S</datetime>
        </typicallearningtime>
      </educational>
      <rights>
        <cost>
          <source>
            <langstring xml:lang="x-none">LOMv1.0</langstring>
          </source>
          <value>
            <langstring xml:lang="x-none">yes</langstring>
          </value>
        </cost>
        <copyrightandotherrestrictions>
          <source>
            <langstring xml:lang="x-none">LOMv1.0</langstring>
          </source>
          <value>
            <langstring xml:lang="x-none">yes</langstring>
          </value>
        </copyrightandotherrestrictions>
      </rights>
    </lom>
  </metadata>
  <organizations default="hd_02_b01_nguoibanmoi_ORG">
    <organization identifier="hd_02_b01_nguoibanmoi_ORG">
      <title>hd_02_b01_nguoibanmoi</title>
      <item identifier="hd2_rv_SCO" isvisible="true" identifierref="__5jpIe0weJlA_course_id_RES">
        <title>hd_02_b01_nguoibanmoi</title>
      </item>
    </organization>
  </organizations>
  <resources>
    <resource identifier="__5jpIe0weJlA_course_id_RES" type="webcontent" href="index_lms.html" adlcp:scormtype="sco">
      <file href="story_content/thumbnail.jpg" />
      <file href="story_content/video_6XrvBD6KZKc_22_48_720x406.mp4" />
      <file href="mobile/video_6XrvBD6KZKc_22_48_720x406.jpg" />
      <file href="story_content/6mKbe1oB7fv_22050_48_0.mp3" />
      <file href="story_content/6ZddsptJfin_80_P_133_0_1022_917_DX1802_DY1802.swf" />
      <file href="mobile/6ZddsptJfin_80_P_133_0_1022_917_DX1802_DY1802_CX677_CY607.png" />
      <file href="story_content/5pyZIEnRv9F_22050_48_0.mp3" />
      <file href="story_content/5Z4jlbPvsz3_22050_48_0.mp3" />
      <file href="story_content/Slide6MliPMZRUau.swf" />
      <file href="story_content/video_6OMDZKRGIvZ_22_48_440x328.mp4" />
      <file href="mobile/video_6OMDZKRGIvZ_22_48_440x328.jpg" />
      <file href="story_content/6acng4W242o_80_DX608_DY608.swf" />
      <file href="mobile/6acng4W242o_80_DX608_DY608_CX241_CY453.png" />
      <file href="story_content/Slide6KbaQhGNUDA.swf" />
      <file href="story_content/Slide6d1czjK28nJ.swf" />
      <file href="story_content/6ShLx8gNqx2_80_DX608_DY608.swf" />
      <file href="mobile/6ShLx8gNqx2_80_DX608_DY608_CX250_CY456.png" />
      <file href="story_content/6LIDm3KCJFa_22050_48_0.mp3" />
      <file href="story_content/5rSEuOCRKFI_22050_48_0.mp3" />
      <file href="story_content/Slide66WmkfXHR65.swf" />
      <file href="story_content/6QaXjn13iA0_80_DX1126_DY1126.swf" />
      <file href="mobile/6QaXjn13iA0_80_DX1126_DY1126_CX686_CY400.png" />
      <file href="story_content/6W3PJa0X4Fk_80_DX608_DY608.swf" />
      <file href="mobile/6W3PJa0X4Fk_80_DX608_DY608_CX184_CY456.png" />
      <file href="story_content/Slide5eo2tdzDHjl.swf" />
      <file href="story_content/Slide66cFm4XXFhj.swf" />
      <file href="story_content/Slide6VheXusPGrb.swf" />
      <file href="story_content/5c4QOeytckH_80_DX586_DY586.jpg" />
      <file href="mobile/5c4QOeytckH_80_DX586_DY586_CX439_CY300.jpg" />
      <file href="story_content/_glow.swf" />
      <file href="story_content/Slide6FOc0eAwMud.swf" />
      <file href="story_content/5gbwKMcVkg7_80_DX554_DY554.jpg" />
      <file href="mobile/5gbwKMcVkg7_80_DX554_DY554_CX415_CY292.jpg" />
      <file href="story_content/Slide6dY9BwIFRHV.swf" />
      <file href="story_content/5uHe6ISOy5z_80_DX514_DY514.jpg" />
      <file href="mobile/5uHe6ISOy5z_80_DX514_DY514_CX385_CY244.jpg" />
      <file href="story_content/Slide6ZBx1qyt5bY.swf" />
      <file href="story_content/6X4b8kXKnJl_X_80_DX608_DY608.swf" />
      <file href="mobile/6X4b8kXKnJl_X_80_DX608_DY608_CX171_CY454.png" />
      <file href="story_content/5tjFMoVpGSA_22050_48_0.mp3" />
      <file href="meta.xml" />
      <file href="story_content/FontFactory.swf" />
      <file href="story_content/fonts.swf" />
      <file href="story_content/frame.xml" />
      <file href="story_content/frame.json" />
      <file href="story_content/user.js" />
      <file href="mobile/Slide6MliPMZRUau.jpg" />
      <file href="mobile/Slide6KbaQhGNUDA.jpg" />
      <file href="mobile/Slide6d1czjK28nJ.jpg" />
      <file href="mobile/Slide66WmkfXHR65.jpg" />
      <file href="mobile/Slide5eo2tdzDHjl.jpg" />
      <file href="mobile/Slide66cFm4XXFhj.jpg" />
      <file href="mobile/Slide6VheXusPGrb.jpg" />
      <file href="mobile/Slide6FOc0eAwMud.jpg" />
      <file href="mobile/Slide6dY9BwIFRHV.jpg" />
      <file href="mobile/Slide6ZBx1qyt5bY.jpg" />
      <file href="story.swf" />
      <file href="story_content/frame.swf" />
      <file href="story_content/slides/5r0aOYfYjxK.swf" />
      <file href="story_content/slides/6Pk7M6WQdmE.swf" />
      <file href="story_content/slides/5akhhjIuFGf.swf" />
      <file href="story_content/slides/6fOXIyOs1OV.swf" />
      <file href="story_content/slides/670BzOMWKi3.swf" />
      <file href="story_content/slides/6li3LYfAtD9.swf" />
      <file href="story_content/slides/6VEYi3c151N.swf" />
      <file href="story_content/slides/6E3zRXaUgMz.swf" />
      <file href="story_content/slides/5mkBeAQDncx.swf" />
      <file href="story_content/slides/5rInSoJOLXq.swf" />
      <file href="story_content/slides/698VgCcAFUv.swf" />
      <file href="story_content/slides/6oJdv7YG1VN.swf" />
      <file href="story_content/data.swf" />
      <file href="html5/data/css/output.min.css" />
      <file href="html5/data/js/5akhhjIuFGf.js" />
      <file href="html5/data/js/5mkBeAQDncx.js" />
      <file href="html5/data/js/5r0aOYfYjxK.js" />
      <file href="html5/data/js/5rInSoJOLXq.js" />
      <file href="html5/data/js/670BzOMWKi3.js" />
      <file href="html5/data/js/698VgCcAFUv.js" />
      <file href="html5/data/js/6E3zRXaUgMz.js" />
      <file href="html5/data/js/6fOXIyOs1OV.js" />
      <file href="html5/data/js/6li3LYfAtD9.js" />
      <file href="html5/data/js/6oJdv7YG1VN.js" />
      <file href="html5/data/js/6Pk7M6WQdmE.js" />
      <file href="html5/data/js/6VEYi3c151N.js" />
      <file href="html5/data/js/data.js" />
      <file href="html5/data/js/frame.js" />
      <file href="html5/data/js/paths.js" />
      <file href="html5/lib/scripts/app.min.js" />
      <file href="html5/lib/stylesheets/main.min.css" />
      <file href="html5/lib/stylesheets/mobile-fonts/open-sans-bold.woff" />
      <file href="html5/lib/stylesheets/mobile-fonts/open-sans-light.woff" />
      <file href="html5/lib/stylesheets/mobile-fonts/open-sans-regular.woff" />
      <file href="story.html" />
      <file href="story_flash.html" />
      <file href="story_html5.html" />
      <file href="story_content/blank.html" />
      <file href="story_content/story.js" />
      <file href="index_lms.html" />
      <file href="index_lms_html5.html" />
      <file href="index_lms_flash.html" />
      <file href="lms/AICCComm.html" />
      <file href="lms/AICCFunctions.js" />
      <file href="lms/API.js" />
      <file href="lms/APIConstants.js" />
      <file href="lms/blank.html" />
      <file href="lms/browsersniff.js" />
      <file href="lms/Configuration.js" />
      <file href="lms/goodbye.html" />
      <file href="lms/lms.js" />
      <file href="lms/LMSAPI.js" />
      <file href="lms/NONEFunctions.js" />
      <file href="lms/SCORM2004Functions.js" />
      <file href="lms/SCORMFunctions.js" />
      <file href="lms/UtilityFunctions.js" />
    </resource>
  </resources>
</manifest>