﻿<?xml version="1.0" encoding="utf-8"?>
<manifest identifier="_5fI6dIuPfaR_course_id" version="1.0" xmlns="http://www.imsproject.org/xsd/imscp_rootv1p1p2" xmlns:adlcp="http://www.adlnet.org/xsd/adlcp_rootv1p2" xmlns:xsi="http://www.w3.org/2001/XMLSchema-instance" xsi:schemaLocation="http://www.imsproject.org/xsd/imscp_rootv1p1p2 imscp_rootv1p1p2.xsd http://www.imsglobal.org/xsd/imsmd_rootv1p2p1 imsmd_rootv1p2p1.xsd http://www.adlnet.org/xsd/adlcp_rootv1p2 adlcp_rootv1p2.xsd">
  <metadata>
    <schema>ADL SCORM</schema>
    <schemaversion>1.2</schemaversion>
    <lom xmlns="http://www.imsglobal.org/xsd/imsmd_rootv1p2p1" xmlns:xsi="http://www.w3.org/2001/XMLSchema-instance" xsi:schemaLocation="http://www.imsglobal.org/xsd/imsmd_rootv1p2p1 imsmd_rootv1p2p1.xsd">
      <general>
        <title>
          <langstring xml:lang="x-none">nhinlaichangduong</langstring>
        </title>
        <description>
          <langstring xml:lang="x-none">Created by FasterCourse</langstring>
        </description>
      </general>
      <lifecycle>
        <version>
          <langstring xml:lang="x-none">1</langstring>
        </version>
        <status>
          <source>
            <langstring xml:lang="x-none">LOMv1.0</langstring>
          </source>
          <value>
            <langstring xml:lang="x-none">Final</langstring>
          </value>
        </status>
      </lifecycle>
      <metametadata>
        <metadatascheme>ADL SCORM 1.2</metadatascheme>
      </metametadata>
      <educational>
        <typicallearningtime>
          <datetime>PT0H0M0S</datetime>
        </typicallearningtime>
      </educational>
      <rights>
        <cost>
          <source>
            <langstring xml:lang="x-none">LOMv1.0</langstring>
          </source>
          <value>
            <langstring xml:lang="x-none">yes</langstring>
          </value>
        </cost>
        <copyrightandotherrestrictions>
          <source>
            <langstring xml:lang="x-none">LOMv1.0</langstring>
          </source>
          <value>
            <langstring xml:lang="x-none">yes</langstring>
          </value>
        </copyrightandotherrestrictions>
      </rights>
    </lom>
  </metadata>
  <organizations default="nhinlaichangduong_ORG">
    <organization identifier="nhinlaichangduong_ORG">
      <title>nhinlaichangduong</title>
      <item identifier="challenge_achievements_SCO" isvisible="true" identifierref="__5fI6dIuPfaR_course_id_RES">
        <title>nhinlaichangduong</title>
        <adlcp:masteryscore>10</adlcp:masteryscore>
      </item>
    </organization>
  </organizations>
  <resources>
    <resource identifier="__5fI6dIuPfaR_course_id_RES" type="webcontent" href="index_lms.html" adlcp:scormtype="sco">
      <file href="story_content/thumbnail.jpg" />
      <file href="story_content/video_6mMPmKMMsCy_18_96_1000x564.mp4" />
      <file href="mobile/video_6mMPmKMMsCy_18_96_1000x564.jpg" />
      <file href="story_content/video_6bvgahM0FHw_18_96_1000x560.mp4" />
      <file href="mobile/video_6bvgahM0FHw_18_96_1000x560.jpg" />
      <file href="story_content/65ajiN2NuKz_22050_96_0.mp3" />
      <file href="story_content/6jkWLMge6ED_DX1996_DY1996.jpg" />
      <file href="mobile/6jkWLMge6ED_DX1996_DY1996_CX1024_CY586.jpg" />
      <file href="story_content/5dQIXTqki8T_DX676_DY676.swf" />
      <file href="mobile/5dQIXTqki8T_DX676_DY676_CX338_CY223.png" />
      <file href="mobile/5dQIXTqki8T_DX676_DY676_CX338_CY223.swf" />
      <file href="story_content/5ZcwpIDTWRu_22050_96_0.mp3" />
      <file href="story_content/6b1EgxNFsNm_DX242_DY242.swf" />
      <file href="mobile/6b1EgxNFsNm_DX242_DY242_CX180_CY73.png" />
      <file href="mobile/6b1EgxNFsNm_DX242_DY242_CX180_CY73.swf" />
      <file href="story_content/6ozk17kV7Ft_DX1440_DY1440.jpg" />
      <file href="mobile/6ozk17kV7Ft_DX1440_DY1440_CX720_CY480.jpg" />
      <file href="story_content/6cNzRMLPrKo_DX200_DY200.swf" />
      <file href="mobile/6cNzRMLPrKo_DX200_DY200_CX75_CY100.png" />
      <file href="mobile/6cNzRMLPrKo_DX200_DY200_CX75_CY100.swf" />
      <file href="story_content/6oKhX4pm2kl_DX380_DY380.swf" />
      <file href="mobile/6oKhX4pm2kl_DX380_DY380_CX73_CY190.png" />
      <file href="mobile/6oKhX4pm2kl_DX380_DY380_CX73_CY190.swf" />
      <file href="story_content/6ma0roWgxWp_DX168_DY168.swf" />
      <file href="mobile/6ma0roWgxWp_DX168_DY168_CX112_CY126.png" />
      <file href="mobile/6ma0roWgxWp_DX168_DY168_CX112_CY126.swf" />
      <file href="story_content/6ZGwWgCI1Wl_DX168_DY168.swf" />
      <file href="mobile/6ZGwWgCI1Wl_DX168_DY168_CX112_CY126.png" />
      <file href="mobile/6ZGwWgCI1Wl_DX168_DY168_CX112_CY126.swf" />
      <file href="story_content/6BVHrBCRQVj_DX168_DY168.swf" />
      <file href="mobile/6BVHrBCRQVj_DX168_DY168_CX112_CY126.png" />
      <file href="mobile/6BVHrBCRQVj_DX168_DY168_CX112_CY126.swf" />
      <file href="story_content/6iC5Fm1C6Rn_DX724_DY724.swf" />
      <file href="mobile/6iC5Fm1C6Rn_DX724_DY724_CX139_CY362.png" />
      <file href="mobile/6iC5Fm1C6Rn_DX724_DY724_CX139_CY362.swf" />
      <file href="story_content/5eGdlDQyhZH_DX808_DY808.swf" />
      <file href="mobile/5eGdlDQyhZH_DX808_DY808_CX208_CY404.png" />
      <file href="mobile/5eGdlDQyhZH_DX808_DY808_CX208_CY404.swf" />
      <file href="story_content/6Cg5OsLesho_22050_96_0.mp3" />
      <file href="story_content/6Ydk03mDenO_DX48_DY48.swf" />
      <file href="mobile/6Ydk03mDenO_DX48_DY48_CX24_CY24.png" />
      <file href="mobile/6Ydk03mDenO_DX48_DY48_CX24_CY24.swf" />
      <file href="story_content/5nzLE7YZiwN_DX48_DY48.swf" />
      <file href="mobile/5nzLE7YZiwN_DX48_DY48_CX24_CY24.png" />
      <file href="mobile/5nzLE7YZiwN_DX48_DY48_CX24_CY24.swf" />
      <file href="story_content/5Zvw2xeG3pu_P_5_4_86_38_DX194_DY194.swf" />
      <file href="mobile/5Zvw2xeG3pu_P_5_4_86_38_DX194_DY194_CX86_CY38.png" />
      <file href="mobile/5Zvw2xeG3pu_P_5_4_86_38_DX194_DY194_CX86_CY38.swf" />
      <file href="story_content/6fSNOwQsuGO_22050_96_0.mp3" />
      <file href="story_content/61RqzJf4dUK_DX876_DY876.swf" />
      <file href="mobile/61RqzJf4dUK_DX876_DY876_CX207_CY438.png" />
      <file href="mobile/61RqzJf4dUK_DX876_DY876_CX207_CY438.swf" />
      <file href="story_content/6Cl3ZwHTt3T_22050_96_0.mp3" />
      <file href="story_content/6h6xMtl9wIq_DX876_DY876.swf" />
      <file href="mobile/6h6xMtl9wIq_DX876_DY876_CX207_CY438.png" />
      <file href="mobile/6h6xMtl9wIq_DX876_DY876_CX207_CY438.swf" />
      <file href="story_content/6duBHvRM4oM_P_3_4_88_41_DX192_DY192.swf" />
      <file href="mobile/6duBHvRM4oM_P_3_4_88_41_DX192_DY192_CX88_CY41.png" />
      <file href="mobile/6duBHvRM4oM_P_3_4_88_41_DX192_DY192_CX88_CY41.swf" />
      <file href="story_content/5r2KehO4Luv_22050_96_0.mp3" />
      <file href="story_content/6MBQ8ts21JX_22050_96_0.mp3" />
      <file href="story_content/6NppTlSERqJ_22050_96_0.mp3" />
      <file href="story_content/6TQDHYzl1TZ_22050_96_0.mp3" />
      <file href="story_content/6h02gyq8ojY_22050_96_0.mp3" />
      <file href="story_content/6NHLPT1QYwr_22050_96_0.mp3" />
      <file href="story_content/5ub6IVSNRrz_22050_96_0.mp3" />
      <file href="story_content/6m6hcpjWXWi_22050_96_0.mp3" />
      <file href="story_content/5Zvw2xeG3pu_P_3_4_88_38_DX194_DY194.swf" />
      <file href="mobile/5Zvw2xeG3pu_P_3_4_88_38_DX194_DY194_CX88_CY38.png" />
      <file href="mobile/5Zvw2xeG3pu_P_3_4_88_38_DX194_DY194_CX88_CY38.swf" />
      <file href="story_content/6KEvAHXEW4w_22050_96_0.mp3" />
      <file href="story_content/5z2rST95top_22050_96_0.mp3" />
      <file href="story_content/6pvAdLPrxsp_22050_96_0.mp3" />
      <file href="story_content/5vM3Cn7lEki_22050_96_0.mp3" />
      <file href="story_content/65J5N8swthV_22050_96_0.mp3" />
      <file href="story_content/6EyOp0brncM_22050_96_0.mp3" />
      <file href="story_content/6duBHvRM4oM_P_5_4_86_38_DX192_DY192.swf" />
      <file href="mobile/6duBHvRM4oM_P_5_4_86_38_DX192_DY192_CX86_CY38.png" />
      <file href="mobile/6duBHvRM4oM_P_5_4_86_38_DX192_DY192_CX86_CY38.swf" />
      <file href="story_content/6qolp0Qp7p0_22050_96_0.mp3" />
      <file href="story_content/6cFlMN6Esr7_22050_96_0.mp3" />
      <file href="story_content/5p3W4A5fVx8_22050_96_0.mp3" />
      <file href="story_content/6hHEDTUQdQ6_22050_96_0.mp3" />
      <file href="story_content/5nAJoMvuoYO_DX710_DY710.swf" />
      <file href="mobile/5nAJoMvuoYO_DX710_DY710_CX142_CY363.png" />
      <file href="mobile/5nAJoMvuoYO_DX710_DY710_CX142_CY363.swf" />
      <file href="story_content/5Z4SqpYuRhq_DX710_DY710.swf" />
      <file href="mobile/5Z4SqpYuRhq_DX710_DY710_CX142_CY363.png" />
      <file href="mobile/5Z4SqpYuRhq_DX710_DY710_CX142_CY363.swf" />
      <file href="story_content/6Bp89dKuWtZ_DX710_DY710.swf" />
      <file href="mobile/6Bp89dKuWtZ_DX710_DY710_CX142_CY363.png" />
      <file href="mobile/6Bp89dKuWtZ_DX710_DY710_CX142_CY363.swf" />
      <file href="story_content/5WHqOLkcGfb_DX324_DY324.swf" />
      <file href="mobile/5WHqOLkcGfb_DX324_DY324_CX122_CY162.png" />
      <file href="mobile/5WHqOLkcGfb_DX324_DY324_CX122_CY162.swf" />
      <file href="story_content/61FkIQNAn5v_22050_96_0.mp3" />
      <file href="meta.xml" />
      <file href="story_content/FontFactory.swf" />
      <file href="story_content/fonts.swf" />
      <file href="story_content/fonts.xml" />
      <file href="story_content/frame.xml" />
      <file href="story_content/frame.json" />
      <file href="story_content/user.js" />
      <file href="mobile/app_store.png" />
      <file href="mobile/mobile_icon.png" />
      <file href="mobile/linen_background.jpg" />
      <file href="story.swf" />
      <file href="story_content/frame.swf" />
      <file href="story_content/slides/6RWRHxSY1Kn.swf" />
      <file href="mobile/slides/6RWRHxSY1Kn.gz" />
      <file href="story_content/slides/60rjdB9rgEW.swf" />
      <file href="mobile/slides/60rjdB9rgEW.gz" />
      <file href="story_content/slides/6XdU13K4SzG.swf" />
      <file href="mobile/slides/6XdU13K4SzG.gz" />
      <file href="story_content/slides/5ZKmqbGhBFK.swf" />
      <file href="mobile/slides/5ZKmqbGhBFK.gz" />
      <file href="story_content/slides/6ngcuttp8RO.swf" />
      <file href="mobile/slides/6ngcuttp8RO.gz" />
      <file href="story_content/slides/5mlAlwnywE1.swf" />
      <file href="mobile/slides/5mlAlwnywE1.gz" />
      <file href="story_content/slides/6Rpfx8pW5Hw.swf" />
      <file href="mobile/slides/6Rpfx8pW5Hw.gz" />
      <file href="story_content/slides/5zeNRWLaAPX.swf" />
      <file href="mobile/slides/5zeNRWLaAPX.gz" />
      <file href="story_content/slides/5aRsE3fSRx3.swf" />
      <file href="mobile/slides/5aRsE3fSRx3.gz" />
      <file href="story_content/slides/5nVrrR70wr8.swf" />
      <file href="mobile/slides/5nVrrR70wr8.gz" />
      <file href="story_content/slides/65FessIN2VY.swf" />
      <file href="mobile/slides/65FessIN2VY.gz" />
      <file href="story_content/slides/6CYyuabl7o1.swf" />
      <file href="mobile/slides/6CYyuabl7o1.gz" />
      <file href="story_content/slides/6JeRudhXA64.swf" />
      <file href="mobile/slides/6JeRudhXA64.gz" />
      <file href="story_content/slides/5yq3ndinlyY.swf" />
      <file href="mobile/slides/5yq3ndinlyY.gz" />
      <file href="story_content/slides/5wG3Hh9pH9m.swf" />
      <file href="mobile/slides/5wG3Hh9pH9m.gz" />
      <file href="story_content/slides/6TM6ewBNGhJ.swf" />
      <file href="mobile/slides/6TM6ewBNGhJ.gz" />
      <file href="story_content/slides/6g3hJcJ12Za.swf" />
      <file href="mobile/slides/6g3hJcJ12Za.gz" />
      <file href="story_content/data.swf" />
      <file href="mobile/data.gz" />
      <file href="html5/data/css/output.min.css" />
      <file href="html5/data/js/5aRsE3fSRx3.js" />
      <file href="html5/data/js/5mlAlwnywE1.js" />
      <file href="html5/data/js/5nVrrR70wr8.js" />
      <file href="html5/data/js/5wG3Hh9pH9m.js" />
      <file href="html5/data/js/5yq3ndinlyY.js" />
      <file href="html5/data/js/5zeNRWLaAPX.js" />
      <file href="html5/data/js/5ZKmqbGhBFK.js" />
      <file href="html5/data/js/60rjdB9rgEW.js" />
      <file href="html5/data/js/65FessIN2VY.js" />
      <file href="html5/data/js/6CYyuabl7o1.js" />
      <file href="html5/data/js/6g3hJcJ12Za.js" />
      <file href="html5/data/js/6JeRudhXA64.js" />
      <file href="html5/data/js/6ngcuttp8RO.js" />
      <file href="html5/data/js/6Rpfx8pW5Hw.js" />
      <file href="html5/data/js/6RWRHxSY1Kn.js" />
      <file href="html5/data/js/6TM6ewBNGhJ.js" />
      <file href="html5/data/js/6XdU13K4SzG.js" />
      <file href="html5/data/js/data.js" />
      <file href="html5/data/js/frame.js" />
      <file href="html5/data/js/paths.js" />
      <file href="html5/lib/scripts/app.min.js" />
      <file href="html5/lib/stylesheets/main.min.css" />
      <file href="html5/lib/stylesheets/mobile-fonts/open-sans-bold.woff" />
      <file href="html5/lib/stylesheets/mobile-fonts/open-sans-light.woff" />
      <file href="html5/lib/stylesheets/mobile-fonts/open-sans-regular.woff" />
      <file href="story.html" />
      <file href="story_flash.html" />
      <file href="story_html5.html" />
      <file href="story_content/blank.html" />
      <file href="story_content/story.js" />
      <file href="amplaunch.html" />
      <file href="mobile/mobileinstall.html" />
      <file href="index_lms.html" />
      <file href="index_lms_html5.html" />
      <file href="index_lms_flash.html" />
      <file href="lms/AICCComm.html" />
      <file href="lms/AICCFunctions.js" />
      <file href="lms/API.js" />
      <file href="lms/APIConstants.js" />
      <file href="lms/blank.html" />
      <file href="lms/browsersniff.js" />
      <file href="lms/Configuration.js" />
      <file href="lms/goodbye.html" />
      <file href="lms/lms.js" />
      <file href="lms/LMSAPI.js" />
      <file href="lms/NONEFunctions.js" />
      <file href="lms/SCORM2004Functions.js" />
      <file href="lms/SCORMFunctions.js" />
      <file href="lms/UtilityFunctions.js" />
    </resource>
  </resources>
</manifest>