﻿<?xml version="1.0" encoding="utf-8"?>
<manifest identifier="_6n6QRVyBUmP_course_id" version="1.0" xmlns="http://www.imsproject.org/xsd/imscp_rootv1p1p2" xmlns:adlcp="http://www.adlnet.org/xsd/adlcp_rootv1p2" xmlns:xsi="http://www.w3.org/2001/XMLSchema-instance" xsi:schemaLocation="http://www.imsproject.org/xsd/imscp_rootv1p1p2 imscp_rootv1p1p2.xsd http://www.imsglobal.org/xsd/imsmd_rootv1p2p1 imsmd_rootv1p2p1.xsd http://www.adlnet.org/xsd/adlcp_rootv1p2 adlcp_rootv1p2.xsd">
  <metadata>
    <schema>ADL SCORM</schema>
    <schemaversion>1.2</schemaversion>
    <lom xmlns="http://www.imsglobal.org/xsd/imsmd_rootv1p2p1" xmlns:xsi="http://www.w3.org/2001/XMLSchema-instance" xsi:schemaLocation="http://www.imsglobal.org/xsd/imsmd_rootv1p2p1 imsmd_rootv1p2p1.xsd">
      <general>
        <title>
          <langstring xml:lang="x-none">CUNG NHAU ON TAP</langstring>
        </title>
      </general>
      <lifecycle>
        <version>
          <langstring xml:lang="x-none">1</langstring>
        </version>
        <status>
          <source>
            <langstring xml:lang="x-none">LOMv1.0</langstring>
          </source>
          <value>
            <langstring xml:lang="x-none">Final</langstring>
          </value>
        </status>
      </lifecycle>
      <metametadata>
        <metadatascheme>ADL SCORM 1.2</metadatascheme>
      </metametadata>
      <educational>
        <typicallearningtime>
          <datetime>PT0H0M0S</datetime>
        </typicallearningtime>
      </educational>
      <rights>
        <cost>
          <source>
            <langstring xml:lang="x-none">LOMv1.0</langstring>
          </source>
          <value>
            <langstring xml:lang="x-none">yes</langstring>
          </value>
        </cost>
        <copyrightandotherrestrictions>
          <source>
            <langstring xml:lang="x-none">LOMv1.0</langstring>
          </source>
          <value>
            <langstring xml:lang="x-none">yes</langstring>
          </value>
        </copyrightandotherrestrictions>
      </rights>
    </lom>
  </metadata>
  <organizations default="CUNG_NHAU_ON_TAP_ORG">
    <organization identifier="CUNG_NHAU_ON_TAP_ORG">
      <title>CUNG NHAU ON TAP</title>
      <item identifier="test-2_SCO" isvisible="true" identifierref="__6n6QRVyBUmP_course_id_RES">
        <title>CUNG NHAU ON TAP</title>
      </item>
    </organization>
  </organizations>
  <resources>
    <resource identifier="__6n6QRVyBUmP_course_id_RES" type="webcontent" href="index_lms.html" adlcp:scormtype="sco">
      <file href="story_content/thumbnail.jpg" />
      <file href="story_content/video_668ebRecSar_22_48_720x406.mp4" />
      <file href="mobile/video_668ebRecSar_22_48_720x406.jpg" />
      <file href="story_content/5Z4L3CQ9a79_80_DX198_DY198.swf" />
      <file href="mobile/5Z4L3CQ9a79_80_DX198_DY198_CX148_CY60.png" />
      <file href="story_content/video_6jOKTeqSHPk_22_48_720x406.mp4" />
      <file href="mobile/video_6jOKTeqSHPk_22_48_720x406.jpg" />
      <file href="story_content/6MtBCJBnWkb_22050_48_0.mp3" />
      <file href="story_content/6QrvMLGgYU4_22050_48_0.mp3" />
      <file href="story_content/5nFp7vtJc6a_80_DX458_DY458.swf" />
      <file href="mobile/5nFp7vtJc6a_80_DX458_DY458_CX115_CY343.png" />
      <file href="story_content/6NIYM2jZP7A_22050_48_0.mp3" />
      <file href="story_content/6DeFqndxLvH_22050_48_0.mp3" />
      <file href="story_content/6f1X9ddNNPB_22050_48_0.mp3" />
      <file href="story_content/video_5YpS9V5FPcY_22_48_720x406.mp4" />
      <file href="mobile/video_5YpS9V5FPcY_22_48_720x406.jpg" />
      <file href="story_content/5zG1tKfEFj2_22050_48_0.mp3" />
      <file href="story_content/6althu1aDqH_22050_48_0.mp3" />
      <file href="story_content/64p2Bfa4asu_22050_48_0.mp3" />
      <file href="story_content/5f1nheuOYsE_22050_48_0.mp3" />
      <file href="story_content/6r7KckBQO0V_22050_48_0.mp3" />
      <file href="story_content/5oBeY5rGnnY_22050_48_0.mp3" />
      <file href="story_content/6hO0hdW6DPh_22050_48_0.mp3" />
      <file href="story_content/6oeNOnwFeI1_22050_48_0.mp3" />
      <file href="story_content/5fcN4fci83z_22050_48_0.mp3" />
      <file href="story_content/video_5WYG0Cnhv1q_22_48_720x406.mp4" />
      <file href="mobile/video_5WYG0Cnhv1q_22_48_720x406.jpg" />
      <file href="story_content/6LVS2Yq0FI0_22050_48_0.mp3" />
      <file href="story_content/5akZZwitcuG_22050_48_0.mp3" />
      <file href="story_content/5yDDAVjo2zw_22050_48_0.mp3" />
      <file href="story_content/5c9Vx6zCP1Z_22050_48_0.mp3" />
      <file href="story_content/6et96rMAn8E_22050_48_0.mp3" />
      <file href="story_content/5rvv5BYfEuY_22050_48_0.mp3" />
      <file href="story_content/video_5nN9WPFv1nr_22_48_720x406.mp4" />
      <file href="mobile/video_5nN9WPFv1nr_22_48_720x406.jpg" />
      <file href="meta.xml" />
      <file href="story_content/FontFactory.swf" />
      <file href="story_content/fonts.swf" />
      <file href="story_content/frame.xml" />
      <file href="story_content/frame.json" />
      <file href="story_content/user.js" />
      <file href="story.swf" />
      <file href="story_content/frame.swf" />
      <file href="story_content/slides/5wdZbwKNkwV.swf" />
      <file href="story_content/slides/6MR1uLXuVNA.swf" />
      <file href="story_content/slides/6hUbidHnTXd.swf" />
      <file href="story_content/slides/68hJ3buL1VK.swf" />
      <file href="story_content/slides/6Ju57ePGQv9.swf" />
      <file href="story_content/slides/6LesaXuNDTi.swf" />
      <file href="story_content/slides/5xHcDzusVLG.swf" />
      <file href="story_content/slides/6MDLZTjfak5.swf" />
      <file href="story_content/slides/68HSCLmdQYm.swf" />
      <file href="story_content/slides/5uAvtd39JNy.swf" />
      <file href="story_content/data.swf" />
      <file href="html5/data/css/output.min.css" />
      <file href="html5/data/js/5uAvtd39JNy.js" />
      <file href="html5/data/js/5wdZbwKNkwV.js" />
      <file href="html5/data/js/5xHcDzusVLG.js" />
      <file href="html5/data/js/68hJ3buL1VK.js" />
      <file href="html5/data/js/68HSCLmdQYm.js" />
      <file href="html5/data/js/6hUbidHnTXd.js" />
      <file href="html5/data/js/6Ju57ePGQv9.js" />
      <file href="html5/data/js/6LesaXuNDTi.js" />
      <file href="html5/data/js/6MDLZTjfak5.js" />
      <file href="html5/data/js/6MR1uLXuVNA.js" />
      <file href="html5/data/js/data.js" />
      <file href="html5/data/js/frame.js" />
      <file href="html5/data/js/paths.js" />
      <file href="html5/lib/scripts/app.min.js" />
      <file href="html5/lib/stylesheets/main.min.css" />
      <file href="html5/lib/stylesheets/mobile-fonts/open-sans-bold.woff" />
      <file href="html5/lib/stylesheets/mobile-fonts/open-sans-light.woff" />
      <file href="html5/lib/stylesheets/mobile-fonts/open-sans-regular.woff" />
      <file href="story.html" />
      <file href="story_flash.html" />
      <file href="story_html5.html" />
      <file href="story_content/blank.html" />
      <file href="story_content/story.js" />
      <file href="index_lms.html" />
      <file href="index_lms_html5.html" />
      <file href="index_lms_flash.html" />
      <file href="lms/AICCComm.html" />
      <file href="lms/AICCFunctions.js" />
      <file href="lms/API.js" />
      <file href="lms/APIConstants.js" />
      <file href="lms/blank.html" />
      <file href="lms/browsersniff.js" />
      <file href="lms/Configuration.js" />
      <file href="lms/goodbye.html" />
      <file href="lms/lms.js" />
      <file href="lms/LMSAPI.js" />
      <file href="lms/NONEFunctions.js" />
      <file href="lms/SCORM2004Functions.js" />
      <file href="lms/SCORMFunctions.js" />
      <file href="lms/UtilityFunctions.js" />
    </resource>
  </resources>
</manifest>