﻿<?xml version="1.0" encoding="utf-8"?><meta xmlns:xsi="http://www.w3.org/2001/XMLSchema-instance" xmlns:xsd="http://www.w3.org/2001/XMLSchema"><project id="5tEocuRwTTw" courseid="6ob2ztf3eWK_course_id" thumburl="story_content/thumbnail.jpg" title="thuthachtrinho" datepublished="2019-04-10T17:58:24" version="1.0.0.0" flashdata="story_content/data.swf" html5data="mobile/data.json" mobiledata="mobile/data.gz" enabledownload="true" duration="About 3 minutes" totalaudio="0" totalvideo="18877"><description>Learn more: https://community.articulate.com/series/65/articles/5-minutes-to-fantastic-design-a-drag-and-drop-with-storyline-in-under-5-minutes</description><keywords /><slidemeta moniker="slide" monikerplural="slides" viewslides="5" slidecountdescription="5 slides" /><author name="Drag-and-Drop Sorting Interaction" email="david@articulate.com" website="http://twitter.com/elearning" /><application name="Articulate Storyline" version="3.5.16548.0" xmlversion="4.0" /></project></meta>