﻿<?xml version="1.0" encoding="utf-8"?><bwFonts xmlns:xsi="http://www.w3.org/2001/XMLSchema-instance" xmlns:xsd="http://www.w3.org/2001/XMLSchema" fontfactoryurl="story_content/FontFactory.swf"><font id="00" name="ArticulateBold Charset1_ 610G9FKhHNQ"><glyphs><g i="0" c="256" charCode="89" p="%^9G5p9G$vFC$vFC5phwxenAxevESlIIxepMxe" /><g i="1" c="257" charCode="111" p="#^UGipUGzoIGTnwGan6GEmJF5m5FMluEqlEDqlQCqldCLlCB4mcBCmPA8nCAQnpAwopAfppAgrbBus_BHtEDHtuEHt6FmtKF0t7GrswGRrIG2rUGeqUGip^oKDpoKbrSJrslJHtqIyuwHovhGRv3FiwFDiw9CiwVAQvFzlvMytuTxBtoxnsVw8rVwEpVw2oqxNmXxwlRyEkMzMj_AijcCPiEDPi1FPigGhjwHKjqICklJtlSJLmoK0ooKDp" /><g i="2" c="258" charCode="117" p="#^nG$v%nGfu%kGfuDF5vAEIvxDiw4CiwYAiw7AWvizyvMyTufybu_xftJxjsJxbr%Jx6j%4B6j%4BZp4BHq7BmraB1soBysDB3t3CntvCHtfDHt2EHtCEltaF_swFosTFNr1G_qcGbqcGjp%cG6j%zJ6j%zJ$v" /><g i="3" c="259" charCode="32" p="#" /><g i="4" c="260" charCode="109" p="#^eN$v%eN4oeNBnaN7n6NEmWMgmKMUllMFlYLqlkLqlCKql7KMlEJ5mlJHm3JgnXI2oPIQoPIIp%PI$v%sF$v%sF5osFAnoF6nkFDm7FfmWETlxEFl9EqlxDqlLCqlgCPlNBcmvBOmeBon7B8o1BUo1BDp%1B$v%Gx$v%Gx6j%OA6j%OAVk%RAVk4BxkrB9kOBNjhCujNCbjnD$i_DPiKEPizFPiaG$iNGbjeHwjHHRj_HfkhIEkuI5lYI8k_Juj1LPiuMPieNPiZN$iJObjiPKjUPhkeQflBQdmBQMn%BQ$v" /><g i="5" c="261" charCode="115" p="#^eG3seG7tPFWtpFIuGEevYDMvXC1wXBiwKAiwKziwJy7wIxYv1xLv%ex$s3yotQyDtCzRtxARtpBRt3CstKC3tKCgsKCEriCkrSB$qdBNqAAyqPzlq3z8qqyLpNxlplxGoVw_nVwPmVwMlkx$kLxektyLjbzgj5A2j$APiYBPiVCPiQDYiME5jCFhj%oFPlzEwlTDolcDglpCglmBglTAHlpA5mpAHmpAbnRAunhBMnWB_nzCbojDro4EGoJE5pmFwpOFdqeGWqeG3s" /><g i="6" c="262" charCode="116" p="#^oF$vUE8weEdwBDiwXCiwYAiwUzcvQy5uQy3s%Qyzl%lwzl%lw6j%Qy6j%Qyxg%bCsf%bC6j%aF6j%aFzl%bCzl%bCBrbCHsBCbt0DHtPDHt8EHtxECtXExtiFmt%oF$v" /><g i="7" c="263" charCode="99" p="#^CGTvQF7w_Ecw8EiwgDiwLBiwAAQvpzlvAysuLxztkxjsVw2rVwtpVw2okxQmLxClxyKkkzRjtAkjDBPi6DPijEPi7FYiXF5joGej%4GUlFFIl6FzlAEqlQDqlYCqljCLlHB4mfBEmQAbnCAXnpAHopAwppAlqCA6rPASreBrsFB0tiCmtYCHtUDHtsEHtaFxtUFmtsG5t%CGTv" /><g i="8" c="264" charCode="112" p="#^UGwpUGHoJGXnzGbncGEmSF4mkFLlPEql6EqloDqlPCMlfC5mSBGmuBfnhB_n4BJo4Bwp4BaqdBVqnBErJBgs3CUsDCitcDHt4EHtVEHtrFit_FUsiGgsCGErLGVqUGaqUGwp^oKvpoKMsYIxuwHiwYEiwcEiwEDaw4D2wECPvcCAvRBfvuBWu7Bwu%4Bwu%4BfB%JxfB%Jx6j%WA6j%WAXk%ZAXkIBMjJCijLDPi_EPimGPinHijoINj3JGkKJzl3KOmoK0ooKvp" /><g i="9" c="265" charCode="108" p="%^Ox$vOxed9Bed9B$v" /><g i="10" c="266" charCode="101" p="#^PFioJFWm2F5moEgl6DglHBglYA6meAXm6Aio%PFio^6ABqbAtrvA4sQAHskB4tQBttsCFt5DRtMDRtZERt1Gtt6H5t3Iys%3Igv0HTvSF4wJEiwBDiwoCiwcBZv0AEv2zTu4y5uuxPsVwwrVwBpVweogx0nDxOlmySk6zVjeAmjmBPiUCPizEPiJFljUGSjDHSkmIRlHIin0JLo0JBq" /><g i="11" c="267" charCode="104" p="#^cG$v%cG2pcGso9GPn6GanVFEmIF5mfFMlOEql1Eql9DqlBCRl1CfmHBTmmBvndBeo4BZo4BDp%4B$v%Jx$v%Jxed%4Bed%4BSk%7BSkFB3kHCrjKDPi9FPijGPi8Hcj_HBjwIgk3JXkjJTlzJPmzJUn%zJ$v" /><g i="12" c="268" charCode="113" p="#^cGvpcGLo0G1oQFinrFJm2F7muENlWDqlbDqlrCqlUBNlmB8m1BJmIAinyA1opAMopAwppAbqyAXqHAGr$AhskBUsSBitpCHteDHt4EHtFEhteFSsAFesWFBr3GTqcG8qcGvp^cGfB%cGwu%9GwuvFkvEEPvODiwqCiwYAiwVzNvTyfvcyluxxqtdxasVwWqVwvpVw2oexQmzxBleyIkVyPjWzjjYAPioCPi1FPijGXk%mGXk%mG6j%zJ6j%zJfB" /><g i="13" c="269" charCode="105" p="%^Ox$vOx6j9B6j9B$v^OxMgOxzd9Bzd9BMg" /><g i="14" c="270" charCode="110" p="#^cG$v%cG$ocGdo7Gzn2GUmOFqmyFYl6FHlGEql_Dql4DqlwCSlYBimEBYmkBBncBlo4B4p4BEp%4B$v%Jx$v%Jx6j%VA6j%VASk%YASkdBskBB5kZBKjtCsj_C9jDD_ihEPi7FPipHPiuIdkzJClzJZn%zJ$v" /><g i="15" c="271" charCode="98" p="#^UGwpUGWoMGdoEGvnkGTm1GfmvFRlZEql8EqlfDqlGCRl6CgmKBUmnBwndBdo4BWo4Btp4BmqhB8ruBWrSBuseC1tOCmtmDHt4EHtNEHtjFmtRF0tbGssyGUrJG7rUGmqUGwp^oKvpoKPsWIzusHiw3FiwODiwNCTvNBsv1Bqu%ZAqu%ZA$v%Jx$v%Jxed%4Bed%4BMk%7BMkpBokLB2k6CHjzCqj1D8jDD_ieEPi_EPioGPioHjjpIPj3JJkKJCl3KRmoK3ooKvp" /><g i="16" c="272" charCode="102" p="#^eF$fSEMfxEFfdEyfPDyf8DyfJC1gjCvgjCyh%jC6j%eF6j%eFzl%jCzl%jC$v%Yy$v%Yyzl%twzl%tw6j%Yy6j%YymhYyeggzpfAzze8A1eIAudsBdddCXc6DXcJDXcmE0d0F5dwFdd" /><g i="17" c="273" charCode="114" p="#^oFgmYE6mCE3mhE0mSD0mrC0mOBen9Bro9BEq%9B$v%Ox$v%Ox6j%NA6j%NA1m%QA1mVAuldBVkxBkk_BTjsCpj3D6jHDPimEPi3FPioFVi%oFgm" /><g i="18" c="274" charCode="103" p="#^cGnpcGyo1GQnSF5nwFAmaF2mEEKl6EqlpDqlVBql9BzmpAHnpArppAbqBAUqNABr8B9svBJs1C3tzCotfDotDEotpFmscGjrcGnp^zJMuzJawdJpxUIEy5IzzjHvA$F0BIEyBLCyBtByBoAjBkz5BiyGA%AyPxWy0yozcyTzoyoAzyVAKypBQyWBXylCXy$CXyMDMyxEBy6F0yIFqxYFvwcGBvcGYt%9GYtAFWutEtvnD$v9C$vKA$vKzuvLyYu6y3uuxatbx_rVwOqVwtpVwjodx7nxxXlby_kSy0kUzqjXAPioCPicDPiQD_isE9jWEsjoFKjJF6k3GukjGSk%mGSk%mG6j%zJ6j%zJMu" /><g i="19" c="275" charCode="46" p="%^Kx$vKxvseBvseB$v" /><g i="20" c="276" charCode="69" p="%^1y$v1yxekIxekIhhxBhhxBBlMHBlMHloxBloxBftoIftoI$v" /><g i="21" c="277" charCode="121" p="#^sERw6EOxJDEykDvzMC8AcCOAoBaBAAyBnzyBOyyBayrByxlB4xcB%ixJyVxXy2zXyFzXy3AJyuAwyKAay_ARx5BqxcB0xcBEw%hw6j%_z6j%4Dws%7Dws%eG6j%EJ6j" /><g i="22" c="278" charCode="97" p="#^LD2qbC2q8Byq6A2r6Ads6AWsBAot4BRtcCRtNCRtjDFtSDtthE2tNEys1FSrhFarhF2q^AF$vxFBvuF9vsFJuqF4u%nF4ucFsuRERuuEdvYDyvqDTvNC4w9CiwsBiwzAiwKz1wVyMvhyhvFxOuhx5uVwntVwtsVw4ruxdq3ylp_ySoVzno4BdofC2orD2o%hF2ohFvmyEUlQDglqCglyBglxAzlxzRlpyGm%iyNjczojlA6jvBPiSCPiLFPi1H6kkIolkIaokIbpkIUpkIzqlI5rmIDrmI2snItsnIYspIEtqIhusIWuxI$v" /><g i="23" c="279" charCode="100" p="#^cGtpcGWo2GdoVFwnyFUmcFgmCERl1Eql9DqlkCqlOBRlhBfmZASmFAtnxAcopAWopAyppAiqyA1rIAMr1BmsnBXsVBjtsCHteDHt_DHtxEmt4F0tsFrsQFSr0G6rcGlqcGtp^jG$v%jGyu%gGyuxFtvwEUvwDiwhCiwUAiwSzNvQyfvaykuxxotdx9sVwWqVwvpVwaobxYmuxKl7yQkNyVjOzmjQAPiiCPiKDPiDEkjxFRjaGFk%cGFk%cGed%zJed%zJ$v" /><g i="24" c="280" charCode="119" p="%^0O$v3K$vfHamcHamsE$vDA$vhw6jQz6jGCEsKCEskF6jeJ6j1MEs4MEsMO6jZR6j" /><g i="25" c="281" charCode="58" p="%^Kx$vKxvseBvseB$v^KxCmKx6jeB6jeBCm" /><g i="26" c="282" charCode="87" p="%^dQ$vIL$vzI2ivI2ipF$vTA$vfwxeWzxeaDuseDuscGxeYKxe1Ous5OusmRxeMUxe" /><g i="27" c="283" charCode="107" p="%^wF$vcBLp9BLp9B$vOx$vOxed9Bed9BgocBgocF6j9J6jmESoMJ$v" /><g i="28" c="284" charCode="63" p="#^nA$v%nAvs%TDvs%TD$v^VHJiVHtjEH7knHMkZGklAGUl5GqmCFYm9FtnzE8o6EUoFDDpFDqq%FDVq%AAVqAAtp2BgoxB2nICTlxD2lUDqkfEOjfE8jfEvi_D2iJDBhjDkhVC3hpCYgVBRgoBRglARglz8hlyrhwxRh%fx3fcyNeuzweMAeecCeeqDeesExevFPegGnf1HXftHNgVHDhVHJi" /></glyphs></font><font id="10" name="Articulate Charset1_ 5VMbQ9ZoN6D"><glyphs><g i="0" c="256" charCode="79" p="#^uLdnuLambLZkVKMjeKMizJMhsI6hmHrgKFrggErgbD0h6CBhoBziHAwjkAKk_zXl_zdn_ztoiAIpCAXqiBWr_BUs4DvtbE5uKF5ukH5uqIttxJRscKSrUKTqbLFpuLqouLdn^8Ogn8OnpxN2rXMJsQLUtJK2v9JGvCHiwIFiwVDiwmCIvQA5vIzYtAyOsYx6rkxqpkxenkxjlUxGjsy0ixzPgDACfaCWeKDeeKFeeFHeedJVeNKzfTLLgZMXhyNCj8Ogl8Ogn" /><g i="1" c="257" charCode="75" p="%^EI$vSArnSA$vmy$vmyxeSAxeSAdmjIxeELxerDOmiM$v" /><g i="2" c="258" charCode="89" p="%^CFHoCF$v6D$v6DHohwxeczxepEmmuJxepMxe" /><g i="3" c="259" charCode="101" p="#^fGoofGKn3G6nTFtmtFZl4FtluE9lVDRk4DRk2CRkoBglLAHlnAhm$zSmRztnHz3oFzoo%fGoo^Fz8qFz5r_zTrkAEsVActuBMtfC4u0DouUDouuEou3FguFF8uaGXtIGKt6HxtxHjtNH6t%NHrv1HOv2G2w4FiwKDiweCiw0BTvPzsvXyCu4yLtCxss9x8r9xqp9xXnBxLm1yylQyIkDzSjJApjQBXiaDXiKEXiNFujRG0kvH_kaIXlsIgnLIBoLI8q" /><g i="4" c="260" charCode="115" p="#^TEksTEntuE7u5ETutDmvRCRv1C3wdBiwnAiwqziwCy9wOx0wWwBv%2xutAxPtoy6uczou$zou1BouIBXtnCttnCBsnCeseCZr5CHrOBrrvBar$AUqvACqMzgqfz0qJyJpbyqpNx0pnxCo6x4oRwxnRwPmRw0l2y_jfzXirBXi5CXiRC5jBDejgErj%4EvlODllsDel7D7lMC1lqCXk6CUkOBRkzBRkDARk_zfllzEllznmlzanXzEnyA5oGBBosCXo1DipDDEp1E4qsEvqFE2rTEBrTEks" /><g i="5" c="261" charCode="78" p="%^FI$vLAEhIAEhIA$vcy$vcyxeCBxejJBsmJBsmJxeSLxeSL$v" /><g i="6" c="262" charCode="111" p="#^EHBpEHHomHQn5HZmBGjm5GEllFflBERkFDRkICRkZBfleBElJAjmcAZmWzQnFzHoFzBpFzrqUzjr7AasCASs6BytSBZtCCouFDouHEourFZtbGytGGSsaHaspHkrEHtqEHBp^8KDp8K0rFJesbJrtkIlutHfvhGNv5FiwFDiwbCiw$AMvPzdvXyju4yotCxas9xXq9xzp9xaoCxYm4yKlWySkNzZj_AsjbCXiFDXi8FXikGsjxHZjnISkdJKlGJZm8Kbo8KDp" /></glyphs></font><font id="20" name="RobotoBold Charset1_ 6UoSSiQYkLD"><glyphs><g i="0" c="384" charCode="67" p="#^yL4qkLYsqJCuwHfwoEfwZAfw$yYt2xEr2xDn%2xym2x_jYx1iSy4gxA1fdC_drE_dwH_doJEfgLhhzLgk%VHgkMHxiXGMh7G_grE_gCC_gHBiiNACjMAnm%MAJnMABqDBXrvCgtoEgt4GgtVGvsLHJrTH4q" /><g i="1" c="385" charCode="108" p="%^4B$vxx$vxxfd4Bfd" /><g i="2" c="386" charCode="105" p="#^4B$v%xx$v%xxOi%4BOi^kxnfkxAeSx3eoyydjzydcAydKA3ehBAehBnfhBagKAHgcAchjzchqychTxHgkxagkxnf" /><g i="3" c="387" charCode="99" p="#^RCptQDptrETs2Fks3Frr%nIrrmINsEHVtWG0vGFEvqEfwVCfw4AfwrysuOwEsOwtp%OwepOwbmqynk2AyiTCyimFyiRGZjlInlnIJn%3FJn2FHmrE2mQDolQColBBolYAimkAbnkAcp%kAApkADrYAwsABptRCpt" /><g i="4" c="388" charCode="107" p="%^9CIqTAZrTA$vmx$vmxfdTAfdTAEnzBMmYEOibJOipEioBJ$vyF$v" /><g i="5" c="389" charCode="32" p="#" /><g i="6" c="390" charCode="118" p="%^iCHrLEOirIOi_D$vDA$v9wOiRzOi" /><g i="7" c="391" charCode="224" p="#^0F$vMExvFEQunDfwkBfwnzfw5y7vQw$tQwisQwcqny4pXzYnUCXn%wEXn%wEanwEgm1EJlzD9lzC9lFB9l9BBlFA0mFAMm%7xMm7xClQxEkxyFjQz6j7ByiKCyibFyiCGNj2I$k2Idn%2IYs3IQuAIOv%AI$v^5CytTCytxDctbESswEgs%wE$p%bD$pyA$pnAQr%mA1smAHsPA7thByt5Cyt^uE1h%BB1h%eyfd%4Cfd" /><g i="8" c="392" charCode="111" p="#^PwhpPwjnzxNlkyekLzojaByi2DyiJFyipHbk5JPliJDo%jJxpjJAsCHquWFfw3DfwdAfwwyquPwBsPwrp^lAxplApr2BpsLBpt3DptmEpt4FqsOFrrOFgpOFqn4FpmmEol2DolLBol2BpmlApnlAxp" /><g i="9" c="393" charCode="110" p="#^BAOi%JAkk7CyivEyiCGyiDHNjFI0lHItn%HI$v%9F$v%9Fxn9FpmFEVlaEol2DolyBolPAFm%PA$v%hx$v%hxOi" /><g i="10" c="394" charCode="120" p="%^oCKmCEOinIOiDEgpxI$vLE$voCRr2A$vfw$vaAgpqwOidAOi" /><g i="11" c="395" charCode="250" p="#^gFFuYDfwFBfwxzfwpy1vixPtgxsr%gxOi%OAOi%OAlrOAptGCpttEpt8F9s%8FOi%HIOi%HI$v%mF$v^HDfd%xHfd%9E1h%hB1h" /><g i="12" c="396" charCode="7855" p="#^0F$vMExvFEQunDfwkBfwnzfw5y7vQw$tQwisQwcqny4pXzYnUCXn%wEXn%wEanwEgm1EJlzD9lzC9lFB9l9BBlFA0mFAMm%7xMm7xClQxEkxyFjQz6j7ByiKCyibFyiCGNj2I$k2Idn%2IYs3IQuAIOv%AI$v^5CytTCytxDctbESswEgs%wE$p%bD$pyA$pnAQr%mA1smAHsPA7thByt5Cyt^WGceWGtfMFggDE3hHC3hMA3hCzhgtyuftyce%OAceOARehBcfNByfHCyfCDyf5EbfAEQeAEce^dDUb%IFUb%zDae%JBae" /><g i="13" c="397" charCode="273" p="#^DK7h%II7h%II$v%wF$v%lFBu1EfwYBfwDzfwdyquPwAsPwipPwcmbynkAzyi_ByiVDyiaF_j%aF7h%5C7h%5CUe%aFUe%aFfd%IIfd%IIUe%DKUe^kAypkAqrZAqsDBptSCptvEptaF0s%aFNmwEolUColkAolkAyp" /><g i="14" c="398" charCode="7875" p="#^rDfwxAfwIytuTwHsTwJp%TwnpTwonExQlqyfkQzpjeByi2DyiLFyijHgkTIZlTI6p%TIyq%sAyqDARruBDslCptGDptIFptSGWr%BITtOH$urGDv4FfwrDfw^1Dol_BolkB6mGAPmvA8o%pF8o%pFSnnFHmME2m9Eol1Dol^5H5h%zE6h%DCtf%GA6h%8y5h%zBie%HDie^YFzf%OFaeyG8eTG_ddHQddHwddHNcLFNc%QFpbBHpbuIXbnJtcnJpdnJ_dZIpezIPeQHUe%QHzf" /><g i="15" c="400" charCode="104" p="#^OAekcCyikEyiDIyiHIyn%HI$v%9F$v%9FDn9FumFEXlaEol2DoluBolOABm%OA$v%gx$v%gxfd%OAfd" /><g i="16" c="401" charCode="7885" p="#^PwhpPwjnzxNlkyekLzojaByi2DyiJFyipHbk5JPliJDo%jJxpjJAsCHquWFfw3DfwdAfwwyquPwBsPwrp^lAxplApr2BpsLBpt3DptmEpt4FqsOFrrOFgpOFqn4FpmmEol2DolLBol2BpmlApnlAxp^4BSy4B7yDBExbCax2DaxXDaxuEEx1F7y1FSy1FAzuE3AXDyA2DyA9CyACB3A4BAz4BSy" /><g i="17" c="403" charCode="98" p="#^gJwpgJIsVHuuyGfw7EfwZBfwHABu%xA$v%mx$v%mxfd%UAfd%UAZj6Cyi5EyiwGyiUHkkgJ5mgJkp^KFfpKFen5FjmtEolcDolwBolUANm%UA0sxBpteDptXEpttFJrKFVqKFfp" /><g i="18" c="404" charCode="432" p="#^iMEhiMSjqLXkyK$lHIcm%HI$v%mF$v%gFFuYDfwFBfwxzfwpy1vixPtgxsr%gxOi%OAOi%OAlrOAptGCpttEpt8F9s%8FOi%HIOi%HIvkwJjkRJLjbKajbKEh" /><g i="19" c="405" charCode="7899" p="#^NwhpNwinyxMljydkKzojaByi1DyiWFyiEHrkcI4koIljBICiBIzh%KKzhKKTkAISliJmniJhp%iJxpiJwrxI3tMHBumGqvYEfw3DfwkAfwDyzuXwSsOwZp^kAxpkApr1BpsKBpt3DptmEpt3FqsMFqrMFgpMFrn3FqmmEol1DolKBol1BpmkApnkAxp^LDfd%BHfd%dE1h%lB1h" /><g i="20" c="406" charCode="116" p="#^AByf%ABOi%RDOi%RDol%ABol%AB_rABIsSB1t8CltXCltxDltZDgt%ZDXvXCfwRBfw7yfw3yvs%3yol%7wol%7wOi%3yOi%3yyf" /><g i="21" c="407" charCode="114" p="#^NE5m3E$lwD$lwB$lUAmn%UA$v%mx$v%mxOi%HAOi%NAmkRByiKDyijEyiQEIi" /><g i="22" c="408" charCode="234" p="#^rDfwxAfwIytuTwHsTwJp%TwnpTwonExQlqyfkQzpjeByi2DyiLFyijHgkTIZlTI6p%TIyq%sAyqDARruBDslCptGDptIFptSGWr%BITtOH$urGDv4FfwrDfw^1Dol_BolkB6mGAPmvA8o%pF8o%pFSnnFHmME2m9Eol1Dol^kHFg%kHPg%wEPg%EC2f%MAPg%$xPg%$xCg%CBfd%GDfd" /><g i="23" c="409" charCode="7843" p="#^0F$vMExvFEQunDfwkBfwnzfw5y7vQw$tQwisQwcqny4pXzYnUCXn%wEXn%wEanwEgm1EJlzD9lzC9lFB9l9BBlFA0mFAMm%7xMm7xClQxEkxyFjQz6j7ByiKCyibFyiCGNj2I$k2Idn%2IYs3IQuAIOv%AI$v^5CytTCytxDctbESswEgs%wE$p%bD$pyA$pnAQr%mA1smAHsPA7thByt5Cyt^oByg%cBVe5CSeuCHeUCveUC6eUCgd9Bgd%fBDbyDDbIEgcTFUcTF$dTFKenFbfTEEf2EMf%2Eyg" /><g i="24" c="410" charCode="7891" p="#^PwhpPwjnzxNlkyekLzojaByi2DyiJFyipHbk5JPliJDo%jJxpjJAsCHquWFfw3DfwdAfwwyquPwBsPwrp^lAxplApr2BpsLBpt3DptmEpt4FqsOFrrOFgpOFqn4FpmmEol2DolLBol2BpmlApnlAxp^vH1h%TE2h%1Dvf%bB2h%yy1h%1Cee%0Eee^szpf%pxpf%Fu5c%tx5c" /><g i="25" c="411" charCode="46" p="#^yxguyxqt6yVsGynsxznsoAnsYAVsxBqtxBguxB5vZADvpA8wxz8wFy8w5yDvyx5vyxgu" /><g i="26" c="412" charCode="7913" p="#^iMEhiMSjqLXkyK$lHIcm%HI$v%mF$v%gFFuYDfwFBfwxzfwpy1vixPtgxsr%gxOi%OAOi%OAlrOAptGCpttEpt8F9s%8FOi%HIOi%HIvkwJjkRJLjbKajbKEh^LDvd%BHvd%dEhh%lBhh" /><g i="27" c="413" charCode="103" p="#^RwipRwgmhypkKzyibCyimEyizF2k%JFOi%VIOi%VIzvVIix7IAylHSzVFxAuEcBzCcB6BcBKzDAmy2AEx7z%cz_wxAsypCsyPDsyBEIxnFYwnFAv%nFTu9Efw9CfwNzfwjyouRwxsRwsp^nAypnAmr5BosPBpt3DptGEptnFbs%nFCmGEol5DolQBol5BrmnAunnAyp" /><g i="28" c="414" charCode="109" p="#^FAOi%MAgkaCyizEyi7Hyi4IzktJyi1MyibOyiePOjhQ2lhQzn%hQ$v%LM$v%LMznLMrmjMWlTLolLKolaJolzIVm%AI$v%2F$v%2Fzn2FqmBEVl8Eol2DolyBolTAEm%TA$v%mx$v%mxOi" /><g i="29" c="415" charCode="7895" p="#^PwhpPwjnzxNlkyekLzojaByi2DyiJFyipHbk5JPliJDo%jJxpjJAsCHquWFfw3DfwdAfwwyquPwBsPwrp^lAxplApr2BpsLBpt3DptmEpt4FqsOFrrOFgpOFqn4FpmmEol2DolLBol2BpmlApnlAxp^vH9h%ZEah%1DDf%4Bah%yy9h%3Cqe%$Dqe^bGPbbGCcIFaddFJdwEJdYDJd9DkdnCXcXBXcFBXctBcdiBsdiBOd%3Ard3AFcxA5c0BxbIBxbcCxb0DWbQDichEicAEicLE0cXEJbXEmb" /><g i="30" c="418" charCode="7841" p="#^0F$vMExvFEQunDfwkBfwnzfw5y7vQw$tQwisQwcqny4pXzYnUCXn%wEXn%wEanwEgm1EJlzD9lzC9lFB9l9BBlFA0mFAMm%7xMm7xClQxEkxyFjQz6j7ByiKCyibFyiCGNj2I$k2Idn%2IYs3IQuAIOv%AI$v^5CytTCytxDctbESswEgs%wE$p%bD$pyA$pnAQr%mA1smAHsPA7thByt5Cyt^QzSyQz7ynAExXAaxOBaxHCaxeDExND7yNDSyNDAzeD3AHCyAOByAVAyAmA3AQzAzQzSy" /><g i="31" c="419" charCode="112" p="#^fJwpfJAsSHqutGfw7Efw7CfwUASu%UA4B%mx4B%mxOi%DAOi%LA5k1Cyi5EyixGyiUHmkfJ9mfJlp^JFfpJFpn3FpmpEolaDolvBolUAGm%UA5sxBptbDptJFptJFfp" /><g i="32" c="420" charCode="7901" p="#^NwhpNwinyxMljydkKzojaByi1DyiWFyiEHrkcI4koIljBICiBIzh%KKzhKKTkAISliJmniJhp%iJxpiJwrxI3tMHBumGqvYEfw3DfwkAfwDyzuXwSsOwZp^kAxpkApr1BpsKBpt3DptmEpt3FqsMFqrMFgpMFrn3FqmmEol1DolKBol1BpmkApnkAxp^OE1h%VB1h%yyfd%oCfd" /><g i="33" c="421" charCode="49" p="%^NF$vfC$vfCoi1yHj1yRgpFceNFce" /><g i="34" c="422" charCode="226" p="#^0F$vMExvFEQunDfwkBfwnzfw5y7vQw$tQwisQwcqny4pXzYnUCXn%wEXn%wEanwEgm1EJlzD9lzC9lFB9l9BBlFA0mFAMm%7xMm7xClQxEkxyFjQz6j7ByiKCyibFyiCGNj2I$k2Idn%2IYs3IQuAIOv%AI$v^5CytTCytxDctbESswEgs%wE$p%bD$pyA$pnAQr%mA1smAHsPA7thByt5Cyt^qHFg%qHPg%CEPg%KC2f%SAPg%5yPg%5yCg%IBfd%MDfd" /><g i="35" c="423" charCode="117" p="#^gFFuYDfwFBfwxzfwpy1vixPtgxsr%gxOi%OAOi%OAlrOAptGCpttEpt8F9s%8FOi%HIOi%HI$v%mF$v" /><g i="36" c="424" charCode="7887" p="#^PwhpPwjnzxNlkyekLzojaByi2DyiJFyipHbk5JPliJDo%jJxpjJAsCHquWFfw3DfwdAfwwyquPwBsPwrp^lAxplApr2BpsLBpt3DptmEpt4FqsOFrrOFgpOFqn4FpmmEol2DolLBol2BpmlApnlAxp^IByg%wBVepCSeOCHecDvecD6ecDgdtBgd%zBDbSDDb0FgcbGUcbG$dbGKeHFbfbFEfmEMf%mEyg" /><g i="37" c="425" charCode="78" p="%^2M$vnI$vfBikfB$vBx$vBxdefBdeoIXpoIde2Mde" /><g i="38" c="426" charCode="7871" p="#^rDfwxAfwIytuTwHsTwJp%TwnpTwonExQlqyfkQzpjeByi2DyiLFyijHgkTIZlTI6p%TIyq%sAyqDARruBDslCptGDptIFptSGWr%BITtOH$urGDv4FfwrDfw^1Dol_BolkB6mGAPmvA8o%pF8o%pFSnnFHmME2m9Eol1Dol^DBee%CDee%5H1h%sE2h%CCvf%MA2h%8y1h^bI4c%$K4c%eIpf%bGpf" /><g i="39" c="427" charCode="237" p="%^9B$vEx$vExOi9BOi^7ArdZDrdBAdhJxdh" /><g i="40" c="428" charCode="225" p="#^0F$vMExvFEQunDfwkBfwnzfw5y7vQw$tQwisQwcqny4pXzYnUCXn%wEXn%wEanwEgm1EJlzD9lzC9lFB9l9BBlFA0mFAMm%7xMm7xClQxEkxyFjQz6j7ByiKCyibFyiCGNj2I$k2Idn%2IYs3IQuAIOv%AI$v^5CytTCytxDctbESswEgs%wE$p%bD$pyA$pnAQr%mA1smAHsPA7thByt5Cyt^rDfd%hHfd%VD1h%1B1h" /><g i="41" c="429" charCode="236" p="%^9B$vEx$vExOi9BOi^bBdhiydhXurdNyrd" /><g i="42" c="430" charCode="115" p="#^wEmswEIrTDlreDZqPBGq5xGp5xFm5xVkyyKj0AyinCyiUEyioGKjVHWkVHPm%nEPmnE2mUDzlpD3lmC3ltB3l_AtlvATlvAvmvA4n2BrnCBOnWC3ofEko8FFoXHHpXHcsXH0uoG8vREfwoCfwKAfwrzFv9y3vqx1uHw$sHwOr%1AOr4ALsJAftnBLtsCLttDLt_DntwE_swEms" /><g i="43" c="433" charCode="7869" p="#^rDfwxAfwIytuTwHsTwJp%TwnpTwonExQlqyfkQzpjeByi2DyiLFyijHgkTIZlTI6p%TIyq%sAyqDARruBDslCptGDptIFptSGWr%BITtOH$urGDv4FfwrDfw^1Dol_BolkB6mGAPmvA8o%pF8o%pFSnnFHmME2m9Eol1Dol^eHqdeHOeqGKfDFFgsEFg$DFgEDzghDsgEC6g$BMfJBHfrBCf6BCfHACfoAWf5Adg5ANg%1yFg1yjfQymeEzpdOApd9BpduBvdPBBdyCYdhDiezDneRDre8ErezEreTE8ebFRdbFhd" /><g i="44" c="434" charCode="7909" p="#^gFFuYDfwFBfwxzfwpy1vixPtgxsr%gxOi%OAOi%OAlrOAptGCpttEpt8F9s%8FOi%HIOi%HI$v%mF$v^MzSyMz7yjAExTAaxKBaxDCaxaDExJD7yJDSyJDAzaD3ADCyAKByARAyAiA3AMzAzMzSy" /><g i="45" c="435" charCode="83" p="#^PGlrPGjq4GLplFbprDAoxBYnqAmnoxJloxYioxwhcyog0zffxADe3C_dYD_dSF_dlHGeQImfFJDguKThuKuj%PGujPGgi2GBhhFVgUDVgyCVgOBuh3B2i3BZi3BQjWBqkOC$kvEwlDHsm2JSnuKfpuKjruKDtKIXu_Gfw1Efw_BfwiAvvCyLuJxstRw8sRwpq%wApqwAmt1EmtlFmt4GQsPGisPGlr" /><g i="46" c="436" charCode="97" p="#^0F$vMExvFEQunDfwkBfwnzfw5y7vQw$tQwisQwcqny4pXzYnUCXn%wEXn%wEanwEgm1EJlzD9lzC9lFB9l9BBlFA0mFAMm%7xMm7xClQxEkxyFjQz6j7ByiKCyibFyiCGNj2I$k2Idn%2IYs3IQuAIOv%AI$v^5CytTCytxDctbESswEgs%wE$p%bD$pyA$pnAQr%mA1smAHsPA7thByt5Cyt" /><g i="47" c="437" charCode="113" p="#^PwhpPw9mbymkAzyi$Byi7EyinFak%CFOi%IIOi%II4B%aF4B%aFTuYDfwZBfwCzfwcyquPwBsPwhp^kAxpkAqr$AqsGBptTCptvEptaF6s%aFEmwEolUColGBol$AomkAnnkAxp" /><g i="48" c="438" charCode="51" p="#^OAyl%GCyl0EylFETkjFckjF5jjF0iGEqh1EQgVCQgUBQgcBohxAXhxAQi%$wQi$wrhLxlgvyefRzCecB_dQC_dEF_deHlfRIHgRI2jRIgk5IilmHjm8GTmEHpnnIuo7Jzp7J0r7JotoHQuGFfwQCfw9AfwtyRuNwrtNw8r%jA8rjA8s3BNsPBptVCptaEptTELsBF4sBFZqBFjoGCjo%OAjo" /><g i="49" c="439" charCode="7847" p="#^0F$vMExvFEQunDfwkBfwnzfw5y7vQw$tQwisQwcqny4pXzYnUCXn%wEXn%wEanwEgm1EJlzD9lzC9lFB9l9BBlFA0mFAMm%7xMm7xClQxEkxyFjQz6j7ByiKCyibFyiCGNj2I$k2Idn%2IYs3IQuAIOv%AI$v^5CytTCytxDctbESswEgs%wE$p%bD$pyA$pnAQr%mA1smAHsPA7thByt5Cyt^cH1h%AE2h%KCvf%UA2h%fy1h%KBee%JDee^9zpf%6xpf%mu5c%ax5c" /><g i="50" c="440" charCode="244" p="#^PwhpPwjnzxNlkyekLzojaByi2DyiJFyipHbk5JPliJDo%jJxpjJAsCHquWFfw3DfwdAfwwyquPwBsPwrp^lAxplApr2BpsLBpt3DptmEpt4FqsOFrrOFgpOFqn4FpmmEol2DolLBol2BpmlApnlAxp^JHFg%JHPg%VEPg%1D2f%9BPg%oyPg%oyCg%$Bfd%3Efd" /><g i="51" c="441" charCode="121" p="#^hC$q%KEOi%wIOi%cD2y%VCKyJBkB$ykBeykBrx5B%rxqy%Zxry_yrytz7yZzQxfA7x%FA1w%1wOi%QzOi" /><g i="52" c="442" charCode="7844" p="%^DHlscBls_z$v4w$vICde5GdeLM$vSI$v^bCnpDGnppEJi^rDsaqFsaVIfdgGgdqEJbACgdYzfd^$Ji8PMi82KDb$HDb" /><g i="53" c="443" charCode="272" p="%^Yx$vYx9oLv9oLvWlYxWlYxdeqDde#MFdeCHhf#tJkgvKhi#yLekyLImyLxn#yL$pwKXr#vJStEHWu#OF_vsD$v^hE9oCB9oCB3toD3t#zF3tHGDr#QHbqQHxnQHIm#QH_jIGBi#AFbhqDbhCBbhCBWlhEWl" /><g i="54" c="444" charCode="7896" p="#^bMwnbM8qfL7skK5uBIavTGfwEEfwrCfwIAbvZy7u0y9s3xbq2xDn%2xKm2x6k_x7iXy7gGA3fpC_dDE_dRG_dzI3fiK7geL7ibM6kbMJm^uIJmuIWjtHtitG0hDE0hNC0hNBsiNAUjMAFm%MAxnMAfqMBLrMCftEEftuGfttHPrtImquIAn^jJTc%jJ1d%vG1d%DEgb%LC1d%_z1d%_zQc%BDt9%FFt9^HCSyHC7yeDExODaxFEaxxFax4GExEG7yEGSyEGAz5G3AyFyAFEyAMDyAdD3AHCAzHCSy" /><g i="55" c="445" charCode="84" p="%^ZKbhwFbhwF$vSB$vSBbhuwbhuwdeZKde" /><g i="56" c="446" charCode="82" p="#^aEup%fBup%fB$v%Bx$v%Bxde%bEdelHde2JDfLK1hLKBjLKplZJDmbJRnAHzo%qLQv%qL$v%vH$v^fBwm%cEwmAFwmkGPl5H6l5HTj5HDinGVhGFbhbEbh%fBbh" /><g i="57" c="447" charCode="85" p="#^1Lde%1LXp1LSscJzuoHfwdEfw6BfwhzCusxYsqx3q%qxde%4Bde%4BZp4BJrVBwsLCjtdEjtjHjtmH3q%mHde" /><g i="58" c="448" charCode="71" p="#^FLMtFKXuRIBv2HfwREfwyCfwOAfv3zeu6yksaxpq9xPn%9xCm9xXj2y$hXy2gDA0fkC_dBE_dLH_dxJvfkL$gFLTj%5ITjRHmi$GFhaGXgIEXgRCXgSBliUALjTAwm%TAFnTAsqXBUr$Cjt2Fjt6Hjt_Hrs%_Hnp%FEnp%FEGm%FLGm" /><g i="59" c="449" charCode="81" p="#^aMwnaM0qmLSryKHt7JOu%4M6x%LJbz%ZF8wjFfwDEfwpCfwGAbvXy7u_x9s2xbq1xDn%1xKm1x6kZx7iWy7gEA3fnC_dBE_dPG_dxI3fgK7gdL7iaM6kaMJm^sIJmsIWjsHtisG0hBE0hLC0hLBsiLAUjKAFm%KAxnKAfqKBLrKCftDEfttGftsHPrrImqsIAn" /><g i="60" c="450" charCode="7888" p="#^bMwnbM8qfL7skK5uBIavTGfwEEfwrCfwIAbvZy7u0y9s3xbq2xDn%2xKm2x6k_x7iXy7gGA3fpC_dDE_dRG_dzI3fiK7geL7ibM6kbMJm^uIJmuIWjtHtitG0hDE0hNC0hNBsiNAUjMAFm%MAxnMAfqMBLrMCftEEftuGfttHPrtImquIAn^CDsa%BFsa%4Jfd%rGgd%BEJb%LCgd%7Afd^aKi8%_Mi8%dKDb%aIDb" /><g i="61" c="451" charCode="73" p="%^uB$vPx$vPxdeuBde" /><g i="62" c="452" charCode="65" p="%^DHlscBls_z$v4w$vICde5GdeLM$vSI$v^bCnpDGnppEJi" /><g i="63" c="453" charCode="76" p="%^fB3t1J3t1J$vBx$vBxdefBde" /><g i="64" c="454" charCode="77" p="%^nCdeXG6ruLdehQdehQ$vCM$vCM8r_MLibI$vGF$vTAMifB8rfB$vBx$vBxde" /><g i="65" c="455" charCode="7928" p="#^JDem%pHde%qLde%AFyp%AF$v%SB$v%SByp%1wde%2Ade^lIE9lI0bxHYbKGTczFTc6FTcLENcoEGcLDkc6D_bQCVbyCQbdCQbOBQbvB8ccBrccB$c%8zTc8zxbXzAaLAD9VBD9gCD9BCJ9WCP9FDaaoEwaFEBaXEFafFFaGFFa_FmaiG3aiGv9" /><g i="66" c="456" charCode="58" p="#^xxguxxqt5yVsFynswznsnAnsXAVswBqtwBguwB5vYADvoA8wwz8wEy8w4yDvxx5vxxgu^xxgkxxqj5yViFyniwzninAniXAViwBqjwBgkwB5lYADloA8mwz8mEy8m4yDlxx5lxxgk" /><g i="67" c="457" charCode="68" p="#^Bx$v%Bxde%3DdepFdefHhf5Jkg7KhiaLekaLIm%aLxnaL$p9KXr8JSthHWuqF_v5D$v^fBbh%fB3t%0D3taF3tiGFrrHfqtHEn%tHImtH_jlGBidFbh3Dbh" /><g i="68" c="458" charCode="79" p="#^bMwnbM8qfL7skK5uBIavTGfwEEfwrCfwIAbvZy7u0y9s3xbq2xDn%2xKm2x6k_x7iXy7gGA3fpC_dDE_dRG_dzI3fiK7geL7ibM6kbMJm^uIJmuIWjtHtitG0hDE0hNC0hNBsiNAUjMAFm%MAxnMAfqMBLrMCftEEftuGfttHPrtImquIAn" /><g i="69" c="459" charCode="7907" p="#^NwhpNwinyxMljydkKzojaByi1DyiWFyiEHrkcI4koIljBICiBIzh%KKzhKKTkAISliJmniJhp%iJxpiJwrxI3tMHBumGqvYEfw3DfwkAfwDyzuXwSsOwZp^kAxpkApr1BpsKBpt3DptmEpt3FqsMFqrMFgpMFrn3FqmmEol1DolKBol1BpmkApnkAxp^3BSy3B7yCBExaCax1DaxVDaxsEEx0F7y0FSy0FAztE3AWDyA1DyA8CyABB3A3BAz3BSy" /><g i="70" c="460" charCode="7903" p="#^NwhpNwinyxMljydkKzojaByi1DyiWFyiEHrkcI4koIljBICiBIzh%KKzhKKTkAISliJmniJhp%iJxpiJwrxI3tMHBumGqvYEfw3DfwkAfwDyzuXwSsOwZp^kAxpkApr1BpsKBpt3DptmEpt3FqsMFqrMFgpMFrn3FqmmEol1DolKBol1BpmkApnkAxp^JByg%xBVeqCSePCHedDvedD6edDgduBgd%ABDbTDDb1FgccGUccG$dcGKeIFbfcFEfnEMf%nEyg" /><g i="71" c="461" charCode="7889" p="#^PwhpPwjnzxNlkyekLzojaByi2DyiJFyipHbk5JPliJDo%jJxpjJAsCHquWFfw3DfwdAfwwyquPwBsPwrp^lAxplApr2BpsLBpt3DptmEpt4FqsOFrrOFgpOFqn4FpmmEol2DolLBol2BpmlApnlAxp^0Cee%$Dee%uH1h%RE2h%$Cvf%9B2h%xy1h^AI4c%oL4c%DIpf%AGpf" /><g i="72" c="462" charCode="63" p="#^eAyqeARoEAQn3BPmaCQlhDRkEDek$DCj$DWi$DSg6CSgcBSgFAqh6AZh5AYi%ywYiAwDg3yjfyz_d6C_dHE_d6GefyHugyHMiyHPj4HKkDGFlsFNm%tEJnyDCopDOp%mDyq^TziuTzutqAYs_AqsRBqsJCqshDYsRDutRDiuRD5viDDvLC8wSB8wZA8wqADvTz5vTziu" /><g i="73" c="463" charCode="100" p="#^PwipPwcmbynkAzyi_ByiVDyiaF_j%aFfd%JIfd%JI$v%xF$v%mFBu1EfwYBfwDzfwdyquPwAsPwip^lAyplAqr_AqsDBptSCptvEptaF0s%aFNmwEolUCollAollAyp" /><g i="74" c="464" charCode="101" p="#^rDfwxAfwIytuTwHsTwJp%TwnpTwonExQlqyfkQzpjeByi2DyiLFyijHgkTIZlTI6p%TIyq%sAyqDARruBDslCptGDptIFptSGWr%BITtOH$urGDv4FfwrDfw^1Dol_BolkB6mGAPmvA8o%pF8o%pFSnnFHmME2m9Eol1Dol" /><g i="75" c="465" charCode="75" p="%^9DTofBWqfB$vBx$vBxdefBdefBhmSC3koHdeULdeAF7m4M$vJH$v" /><g i="76" c="466" charCode="7921" p="#^iMEhiMSjqLXkyK$lHIcm%HI$v%mF$v%gFFuYDfwFBfwxzfwpy1vixPtgxsr%gxOi%OAOi%OAlrOAptGCpttEpt8F9s%8FOi%HIOi%HIvkwJjkRJLjbKajbKEh^OzSyOz7ylAExVAaxMBaxFCaxcDExLD7yLDSyLDAzcD3AFCyAMByATAyAkA3AOzAzOzSy" /><g i="77" c="467" charCode="40" p="#^wxMowxZlfysj$yWgsAZeVB0dCDgc%iEaewCufvBfivA$kvAHo%vA4pvAMsuByvuCjyiEGz%CDyBYBOAwAVy4z1xjyzuzx5swxpp" /><g i="78" c="468" charCode="7917" p="#^iMEhiMSjqLXkyK$lHIcm%HI$v%mF$v%gFFuYDfwFBfwxzfwpy1vixPtgxsr%gxOi%OAOi%OAlrOAptGCpttEpt8F9s%8FOi%HIOi%HIvkwJjkRJLjbKajbKEh^IBOg%wB9fpC6fOCXecDLecDmecDwdtBwd%zBTbSDTb0FwcbG8dbGfebG_eHFrfbFUfmE0g%mEOg" /><g i="79" c="469" charCode="7897" p="#^PwhpPwjnzxNlkyekLzojaByi2DyiJFyipHbk5JPliJDo%jJxpjJAsCHquWFfw3DfwdAfwwyquPwBsPwrp^lAxplApr2BpsLBpt3DptmEpt4FqsOFrrOFgpOFqn4FpmmEol2DolLBol2BpmlApnlAxp^JHFg%JHPg%VEPg%1D2f%9BPg%oyPg%oyCg%$Bfd%3Efd^4BSy4B7yDBExbCax2DaxXDaxuEEx1F7y1FSy1FAzuE3AXDyA2DyA9CyACB3A4BAz4BSy" /><g i="80" c="470" charCode="7873" p="#^rDfwxAfwIytuTwHsTwJp%TwnpTwonExQlqyfkQzpjeByi2DyiLFyijHgkTIZlTI6p%TIyq%sAyqDARruBDslCptGDptIFptSGWr%BITtOH$urGDv4FfwrDfw^1Dol_BolkB6mGAPmvA8o%pF8o%pFSnnFHmME2m9Eol1Dol^6H1h%uE2h%ECvf%OA2h%9y1h%EBee%DDee^3zpf%0xpf%gu5c%4x5c" /><g i="81" c="471" charCode="227" p="#^0F$vMExvFEQunDfwkBfwnzfw5y7vQw$tQwisQwcqny4pXzYnUCXn%wEXn%wEanwEgm1EJlzD9lzC9lFB9l9BBlFA0mFAMm%7xMm7xClQxEkxyFjQz6j7ByiKCyibFyiCGNj2I$k2Idn%2IYs3IQuAIOv%AI$v^5CytTCytxDctbESswEgs%wE$p%bD$pyA$pnAQr%mA1smAHsPA7thByt5Cyt^kHqdkHOewGKfJFFgyEFg5EFgKDzgnDsgKC6g5CMfPBHfxBCfcBCfNACfuAWfbAdgbANg%7yFg7yjfWymeKzpdUApdfBpdABvdVBBdECYdnDieFDneXDreeEreFEreZE8ehFRdhFhd" /><g i="82" c="472" charCode="41" p="#^rD2prDPrECmuRBVwmASyTyPAaxyB%uwGzdynydzFvdAWsgAop%gAKogA5lgzjigyxfuw8e%axgcQy_ciATeNBMgAChjoDOlrDvo" /><g i="83" c="473" charCode="80" p="#^fBKp%fB$v%Bx$v%Bxde%wEdewGde1IYezJHfnK2hcLoicL6kcLJmpJeoDHKpsEKp^fBMm%wEMmZFMmKG5mvHplvH7kvHQiJG1iYFdhCEbh%fBbh" /><g i="84" c="474" charCode="243" p="#^PwhpPwjnzxNlkyekLzojaByi2DyiJFyipHbk5JPliJDo%jJxpjJAsCHquWFfw3DfwdAfwwyquPwBsPwrp^lAxplApr2BpsLBpt3DptmEpt4FqsOFrrOFgpOFqn4FpmmEol2DolLBol2BpmlApnlAxp^LDfd%BHfd%dE1h%lB1h" /><g i="85" c="475" charCode="7863" p="#^0F$vMExvFEQunDfwkBfwnzfw5y7vQw$tQwisQwcqny4pXzYnUCXn%wEXn%wEanwEgm1EJlzD9lzC9lFB9l9BBlFA0mFAMm%7xMm7xClQxEkxyFjQz6j7ByiKCyibFyiCGNj2I$k2Idn%2IYs3IQuAIOv%AI$v^5CytTCytxDctbESswEgs%wE$p%bD$pyA$pnAQr%mA1smAHsPA7thByt5Cyt^YGodYG$eNF$fDE$gKC$gRA$gGz0gwy1fwyod%0Bod0B9etBAeWB$eKC$exD$e_DAerE9erEod^QzSyQz7ynAExXAaxOBaxHCaxeDExND7yNDSyNDAzeD3AHCyAOByAVAyAmA3AQzAzQzSy" /><g i="86" c="476" charCode="7911" p="#^gFFuYDfwFBfwxzfwpy1vixPtgxsr%gxOi%OAOi%OAlrOAptGCpttEpt8F9s%8FOi%HIOi%HI$v%mF$v^FByg%tBVemCSeLCHe9Dve9D6e9DgdqBgd%wBDbPDDbZEgc8GUc8G$d8GKeEFbf8FEfjEMf%jEyg" /><g i="87" c="477" charCode="7879" p="#^rDfwxAfwIytuTwHsTwJp%TwnpTwonExQlqyfkQzpjeByi2DyiLFyijHgkTIZlTI6p%TIyq%sAyqDARruBDslCptGDptIFptSGWr%BITtOH$urGDv4FfwrDfw^1Dol_BolkB6mGAPmvA8o%pF8o%pFSnnFHmME2m9Eol1Dol^kHFg%kHPg%wEPg%EC2f%MAPg%$xPg%$xCg%CBfd%GDfd^ZASyZA7ywBEx4CaxXCaxPDaxmEExWE7yWESyWEAznE3AQDyAXCyA2CyAvB3AZAAzZASy" /><g i="88" c="478" charCode="8220" p="#^AzQc%fBOdbAsf9A9h%9Acj%mxcj%mxnhmxdg$xWeEyDdAzQc^MDQc%rFOdnEsflE9h%lEcj%yBcj%yBnhyBdgbCWeQCDdMDQc" /><g i="89" c="479" charCode="7893" p="#^PwhpPwjnzxNlkyekLzojaByi2DyiJFyipHbk5JPliJDo%jJxpjJAsCHquWFfw3DfwdAfwwyquPwBsPwrp^lAxplApr2BpsLBpt3DptmEpt4FqsOFrrOFgpOFqn4FpmmEol2DolLBol2BpmlApnlAxp^uH5h%YE6h%0Dtf%3B6h%xy5h%YBie%4Eie^lGzf%bGaeXG8egH_dCHQdCHwdCHNc8GNc%dGpb_HpbTIXbMJtcMJpdMJ_dmJpeYIPedIUe%dIzf" /><g i="90" c="480" charCode="44" p="#^hysA%rwuz%TwIyHxcxJxKv%Jx$s%HA$s%GArvGAOw$zaykzyzhysA" /><g i="91" c="481" charCode="7881" p="#^9B$v%Ex$v%ExOi%9BOi^5yKg%Vx5fOy2fbzTeBzHeBzieBzsdSxsd%YxPbfAPbpBscAC4dACbeACWe4CnfABQfLAYf%LAKg" /><g i="92" c="482" charCode="33" p="#^XAzq%0yzq%Bxde%mBde^uzusnAusVA0tsBxtsBlusB9vVAHvnAcwuzcwBycw2yHvwx9vwxmuwxyt2y0tByusuzus" /><g i="93" c="483" charCode="8221" p="#^xyHj%TwJiWx4hZxjf%Zxfd%MAfd%MA8fMAfg9AxhyzPixyHj^MCHj%6BJi9C4hcCjf%cCfd%$Efd%$E8f$EfgoExhNDPiMCHj" /><g i="94" c="484" charCode="7845" p="#^0F$vMExvFEQunDfwkBfwnzfw5y7vQw$tQwisQwcqny4pXzYnUCXn%wEXn%wEanwEgm1EJlzD9lzC9lFB9l9BBlFA0mFAMm%7xMm7xClQxEkxyFjQz6j7ByiKCyibFyiCGNj2I$k2Idn%2IYs3IQuAIOv%AI$v^5CytTCytxDctbESswEgs%wE$p%bD$pyA$pnAQr%mA1smAHsPA7thByt5Cyt^JBee%IDee%bH1h%yE2h%ICvf%SA2h%ey1h^hI4c%5L4c%kIpf%hGpf" /><g i="95" c="485" charCode="7853" p="#^0F$vMExvFEQunDfwkBfwnzfw5y7vQw$tQwisQwcqny4pXzYnUCXn%wEXn%wEanwEgm1EJlzD9lzC9lFB9l9BBlFA0mFAMm%7xMm7xClQxEkxyFjQz6j7ByiKCyibFyiCGNj2I$k2Idn%2IYs3IQuAIOv%AI$v^5CytTCytxDctbESswEgs%wE$p%bD$pyA$pnAQr%mA1smAHsPA7thByt5Cyt^qHFg%qHPg%CEPg%KC2f%SAPg%5yPg%5yCg%IBfd%MDfd^QzSyQz7ynAExXAaxOBaxHCaxeDExND7yNDSyNDAzeD3AHCyAOByAVAyAmA3AQzAzQzSy" /><g i="96" c="486" charCode="88" p="%^YDlkhHdeuLdejG1nDL$vmH$vYDMpxA$vgw$vAB1npwdeCAde" /><g i="97" c="487" charCode="72" p="%^2M$voI$voInofBnofB$vBx$vBxdefBdefBqloIqloIde2Mde" /><g i="98" c="488" charCode="7883" p="#^4B$v%xx$v%xxOi%4BOi^kxnfkxAeSx3eoyydjzydcAydKA3ehBAehBnfhBagKAHgcAchjzchqychTxHgkxagkxnf^kxSykx7yTxExryaxizaxbAaxKAExhB7yhBSyhBAzKA3AbAyAizyApyyASx3AkxAzkxSy" /><g i="99" c="489" charCode="34" p="%^fzXeLyYjNwYjNwfdfzfd^dDXeKCYjMAYjMAfddDfd" /><g i="100" c="490" charCode="59" p="#^kxgkkxqjUxVisynijzniaAniKAVijBqjjBgkjB5lLADlbA8mjz8mry8mTxDlkx5lkxgk^yysA%Iwuz%8xIyYxcx_xKv%_x$s%YA$s%XArvXAOwgAayBzyzyysA" /><g i="101" c="491" charCode="48" p="#^aJFoaJlsEHiu7GfwaDfwgAfwKylucxqs9xRo%9xzl9xRhIyWffA_d9D_d3G_dBHVf8JPhaJol^EF3lEFRi1FRhrEQg9DQgVBQgjBOhJALiHANk%HA6pHAirhBmsTBptaDpttEpt2FosDFnrEFhp" /><g i="102" c="492" charCode="53" p="#^Kxfn%Myde%JIde%JI9h%FB9h%dB_ktCjkUDjkqGjkSHUljJtnjJiqjJ0sAIotSHLuvGvv8FfwiDfwHBfwjABvXyXu7yMtkxAshx3r%MA3rUAasyBOsdCpthDptuEpt7FysNFHrNF6qNFAo1FNnhEZmWCZmGBZmUADn%yAYn" /><g i="103" c="493" charCode="242" p="#^PwhpPwjnzxNlkyekLzojaByi2DyiJFyipHbk5JPliJDo%jJxpjJAsCHquWFfw3DfwdAfwwyquPwBsPwrp^lAxplApr2BpsLBpt3DptmEpt4FqsOFrrOFgpOFqn4FpmmEol2DolLBol2BpmlApnlAxp^NE1h%UB1h%xyfd%nCfd" /><g i="104" c="494" charCode="417" p="#^NwhpNwinyxMljydkKzojaByi1DyiWFyiEHrkcI4koIljBICiBIzh%KKzhKKTkAISliJmniJhp%iJxpiJwrxI3tMHBumGqvYEfw3DfwkAfwDyzuXwSsOwZp^kAxpkApr1BpsKBpt3DptmEpt3FqsMFqrMFgpMFrn3FqmmEol1DolKBol1BpmkApnkAxp" /><g i="105" c="495" charCode="259" p="#^0F$vMExvFEQunDfwkBfwnzfw5y7vQw$tQwisQwcqny4pXzYnUCXn%wEXn%wEanwEgm1EJlzD9lzC9lFB9l9BBlFA0mFAMm%7xMm7xClQxEkxyFjQz6j7ByiKCyibFyiCGNj2I$k2Idn%2IYs3IQuAIOv%AI$v^5CytTCytxDctbESswEgs%wE$p%bD$pyA$pnAQr%mA1smAHsPA7thByt5Cyt^YGodYG$eNF$fDE$gKC$gRA$gGz0gwy1fwyod%0Bod0B9etBAeWB$eKC$exD$e_DAerE9erEod" /><g i="106" c="497" charCode="249" p="#^gFFuYDfwFBfwxzfwpy1vixPtgxsr%gxOi%OAOi%OAlrOAptGCpttEpt8F9s%8FOi%HIOi%HI$v%mF$v^KE1h%RB1h%uyfd%kCfd" /><g i="107" c="498" charCode="69" p="%^hIgofBgofB3tvJ3tvJ$vBx$vBxdetJdetJbhfBbhfBqlhIql" /></glyphs></font><font id="30" name="iCiel Cadena Charset1_ 6bImacorPqs"><glyphs><g i="0" c="256" charCode="66" p="#^sDnfKznfmyVfFxbgixIgYwchYwYh%YwnsYwgtcxXtsxCuYx3vHyIv_z0whBlw9Dlw$GlwWI0vSKHtSK2rSKdqzKypgKSoHJko3JMntIAnhJ9nHJjm5Ktl5Kck5KNhqIAgMGnfsDnf^vCLpUCFphDDpHDAp4EDpFFMpFF7rFFLrdF4sOEosYDosuDos7DlsMChsvCbs^2F6l2FBlTEVlIEdmlEnm7EsmxDBmcDGmYCLmICQmvCVm%vCIjPCHj3DGjjDFjtDFjgEFjFE0k2Fnk2F6l" /><g i="1" c="257" charCode="7840" p="#^WEUt0FwudFYuqFnvIFDv0GVvyG1w5HawQHawjJaw2KEvNK6vNK2uNKZpeI3iQHOgGGagwFxfADxfIBxfzAagqzOg1z3iny6kGxin_wuqewOugw8vCwtvYwQvtx$v_xawHyawZzawHABvpB0vxBTt%CBit%QEit^9DeklDektDykCDSkIDul%WDcn0EUn5ExobEaphELp%6CLpaCepfCBolCYnrCcnACUlFCulLCSkSCyk_Cek9Dek^fGOyfGGxzF6xTEywvDyw8CywsB6xNAGxNAOyNAVzsBsA8C0BvD0BTE0BzFsAfGVzfGOy" /><g i="2" c="260" charCode="78" p="#^SE7jrE3i5EphMDLgxDvg7D6grCWfMBJfMAKfKzKf0zSfjy_fWxegsxwgdx4h$wDh$wqi%$wxu$wnvzxOv7ycwdzcwoAcwZAOvyBnvyBxuyBPrqBMpjBJn4Bkm%GDSs1EMtoEpuLE1v6FnvxFOv8G$vLGcwzHcwDIcwmJ0w5KQvxKsvVK6v5LzuhL0uhLft%hLphhLzgJK8g9KJf3JKfVHJflH8gNGzgNGphNG$jUG$l0H_nfHnp" /><g i="3" c="261" charCode="32" p="#" /><g i="4" c="262" charCode="272" p="#^2xRluwSlUvUlhvVlEuXlcubm_tBmLt$mLtynLtlo8uUoxuqpkvHpEvPp3wVpvw_p2x2q%2x2t2xJuEyyveAnwrDnwhFnwJGRvaIjvfJfuoK6tZKqryLKpyLynyLAl1L3kxKyivJvhsIrgWGVfpFnfoDnfyBnfgAyf_yJfiy4gGxogmxYg2xwh2xki%2xRl^GCdkOC9k2D7kiD5kGD5kbE5kzEhkYEtkbFRktFilCF6mMFVmMF2oMFTrLDTrpDTr8DRrTCPrGCLr%GC8q_C8qjD7qFD6q0E5qWExpWEroWEBnwE2n7EumlDfmcDbm1D9mSC6mGC3m" /><g i="5" c="263" charCode="195" p="#^jFfb2FebEE7bfE$aKDNadDyaNCralCka_BkakBkaPAvaiAGaVz1byzmbmzNbbzccbzIcbzsdozUdCzje1AqeCAbe8B4eGBYd9CYdJCYdKDpeeEEeHEMe8FTexFTebGTeIGHedHveAH9efIwdfIvcfIKb2IibRHSapHLaQG$aiG7bNFfbjFfb^XEUt1FwudFYuqFnvIFDv1GVvzG1w5HawQHawjJaw2KEvNK6vNK2uNKZpeI3iRHOgGGagwFxfADxfIBxfzAagqzOg1z3iny6kGxin_wuqewOugw8vCwtvYwQvtx$v_xawHyaw_zawHABvpB0vxBTt%CBit%QEit^9DeklDektDykCDSkIDul%XDcn1EUn6ExobEaphELp%6CLpbCepgCBolCYnrCcnACUlFCulLCSkSCyk_Cek9Dek" /><g i="6" c="264" charCode="72" p="#^kLahkLrgBK4gSJJfpIJfZGJffG4gyFrgyFah%yFJm%QCJm%QCahQCrg5C4gmBJfVzJftyJfLx4g2xrg2xah%2xIu2xsvMxQvvycwYzcwoBcw6CQvQCsvQCIu%QCwq%yFwq%yFIuyFsvgGQv$GcwsIcwUJcwCKQvkLsvkLIu" /><g i="7" c="265" charCode="7870" p="#^uCas%uCaq%sFaqcGaqKG2qhHWpCHGpWHqp4I1peIDoeI2oeIcnYHNmGHlm8Hlm%uClm%uCik%oFik6GikCG9k7H$jpHJjFHsjOH_iXHwiYHPhYH5hMHzgBH1geHJf%YyJfayJfCxagkxqgaxKg1x1h1xoh%1xtt1xNuSxqvlyPvbz$v1AcweBcw%jFcwfGcwUG2wyHUvVHAvdIjvnIRuxInuxIItxI8tnIMseInsYHas^cC_cLCXdADqeqEVexFVe4GVewGJeYGxejHaeDHSdNHxdXHbdXHQcJGwbsFSacEcaXCca4CcadBvanANaxzmbKyVbkyqcXxXcXxpdXxVe1AVe^pC49ODZ8bFy8YHH7YH$5YHA4QGV3yGK3fGE3ZFx3HFv3BEY3wDD4pCk5SB_5jBE6jBf7jB_7ABr8SBU8pC49" /><g i="8" c="266" charCode="84" p="#^LIikdJ0ksJtjIJViIJ5iIJVgcJjgJIJfJHJf%ZwJfCw6gqwGgfwdhfwWhfw6jNwIjkxikoyik%5Aik%5AIu5AsvPAQvyBcw$CcwrEcw9FQvTFsvTFIu%TFik" /><g i="9" c="267" charCode="73" p="#^VCahVCsgaC5grBJf_zKfyyJfQx5g7xsg7xah%7xIu7xsvRxQvAycw1AcwtBcwbCQvVCsvVCIu" /><g i="10" c="268" charCode="7874" p="#^uCas%uCaq%sFaqcGaqKG2qhHWpBHGpVHqp3I1pdIDodI2odIcnXHNmGHlm7Hlm%uClm%uCik%nFik6GikCG9k6H$joHJjEHsjNH_iWHwiYHPhXH5hLHzgAH1gdHJf%YyJfayJfCxagkxqgaxKg1x1h1xoh%1xtt1xNuSxqvlyPvbz$v1AcweBcw%iFcweGcwTG2wxHUvUHAvdIjvmIRuwInuwIItwI8tnIMseInsYHas^cC_cLCXdADqeqEVewFVe3GVevGJeXGxeiHaeCHSdMHxdWHbdWHQcIGwbsFSacEcaWCca3CcadBvanANaxzmbKyVbkyqcXxXcXxpdXxVe1AVe^9Df49Cf4FBB49BW49BA59BR5fB36lBg6wBo6rC66VCi6nDt6nD57nDC73D28MCt89CQ86CW86C197C79bCe9eCj9lCm9sCp9CCp9gDp9PDc9nE_8QEA8fFb8sFK7GFg7GFL6GFc6wFM5mFk52F$4JED4eEr4MDf49Df4" /><g i="11" c="269" charCode="77" p="#^kNpf8MpfjLBfvKNf1K7gDJrgmJYg6Jsh$Ibi%hHFrGGdogGTlTFxjGFhizFyhjF2h3FxgGEcgcEPfqDCfECpfABpftApfGzBfUyNfpy9g0ytgMx_gxxuhsxbifx4k4xinVwwqKw1vVwCvqxVvYxcwQycwZzcwxAQv6Bsv7BGu%hBsj%iDFtxDWutEzvpFcw4HcwGIcwyJAvrKYuDKIt%tMDj%NM1vZMCvDNVvhOcwqPcwJQcwmRKv$Rgv$RiuRRsqFRrnuRqkhRei8RQg8Q7g9PpfkNpf" /><g i="12" c="270" charCode="83" p="#^XDqf6CqfJARflzfgoy4hwxSh3xYiDw1kDwqlDwrprAWpHAYp1B$poB1qRB2qhC3qBC5qVC7q4D8qGDeqZDtqhEIqhE4rhEArLDRrdD5saC5sXA5sSzRrOyArTx2rdxdrUwLrAwhsAwatAwMu_xAvoznwdCnw2EnwqFXvPGuvKHBuAIPt_ILspJGrpJkqpJzmAFgm%9EdmJDdmpDcm6DbmWCamJB3mJBglJBdkCDdkVDdkhEgkGEik7FokAFukYFxklGzkFGzkMHzkmI1kZIuj3Jqi6JTh1JlhZIPgPIggfIRf1HEfPFqfXDqf" /><g i="13" c="271" charCode="71" p="#^yEikLEik5FkkrFmkWFqkoGvkNGykaHAktHAkqIAkXI1ksJujyJoiBJShxJjhuJMglJdgqIQfcHDf_FqfsEqfCCqfaBYfLztgJywhDxGi3xlkvw$lvwcovw7q0xEryx8tAyduzzivWARvhCnw$DnwWFnwdH$vxIDvbJTuoKztoKWpoK9peKBo5K1oOJInwJnn2JdnAI3nWH4n6H4nyGdn_FmnGFEn%GFQrAFRrqFRrhFRr5FRrrERrYDDrtDpr8DZqPCuqECGptCSotCJntCLmBC4mKCol$C$kdDEkCDtk$DikyEik" /><g i="14" c="274" charCode="67" p="#^yElkLElk2FnkmFpkOFtkDGDkdHDk2ICkuI4kXIxj0Jti3JWh0JohZISgRIkgbITf4HFf_FqfrEqfCCqfaBYfLztgJywhDxFi3xkkvw$lvwcovw7q0xEryx8tAyduzzivWARvhCnw$DnwuGnwKHzv_IKu$I5t$InsNIWrAIsraIfrpHvrIGDr$FLrnFLrWDLrbDLqtCKptCJntCPl$C0ldDHkCDwk$DlkyElk" /><g i="15" c="275" charCode="211" p="#^BCTe_DMenFle9Iud9IOb9Ina1HI9LGx9sGq99Gj9TFi9NEL9IDqaBC7b2CNbvBrcvB2dvBNdMBee2CHeBCTe^sEqfvCqf0B$fxzAgvyJhvxQi$wpkvwZlvwZnvwSpYwlrpxQskyXtkz9vOANvgCowaEow5GowzHMv2J7v6KSt3LJsyLdr1MIp1MRn1MZlALuk7L_ieKTheJFgNH2glGqfsEqf^$FWn$FdpTF8qMF2rxFzrjF$r$EdsHErsfErsMDrsqDes4D0sUCBrFC6rxCcqqChpqCXnqCQlSCMkjDIjcEIjGEIj$EWjkF7kxFykMF1lTFTl$FJm$FWn" /><g i="16" c="276" charCode="79" p="#^sEqfvCqf0B$fxzAgvyJhvxQi$wpkvwZlvwZnvwSpYwlrpxQskyXtkz9vOANvgCowaEow5GowzHMv2J7v6KSt3LJsyLdr1MIp1MRn1MZlALuk7L_ieKTheJFgNH2glGqfsEqf^$FWn$FdpTF8qMF2rxFzrjF$r$EdsHErsfErsMDrsqDes4D0sUCBrFC6rxCcqqChpqCXnqCQlSCMkjDIjcEIjGEIj$EWjkF7kxFykMF1lTFTl$FJm$FWn" /><g i="17" c="277" charCode="193" p="#^YBTelDMeKEmevHvdvHPbvHnanGI95Gx9OFr9wFk9eFj98EL93DraYB7bpBNbSArcSA3dSANd7BfepBIeYBTe^XEUt1FwudFYuqFnvIFDv1GVvzG1w5HawQHawjJaw2KEvNK6vNK2uNKZpeI3iRHOgGGagwFxfADxfIBxfzAagqzOg1z3iny6kGxin_wuqewOugw8vCwtvYwQvtx$v_xawHyaw_zawHABvpB0vxBTt%CBit%QEit^9DeklDektDykCDSkIDul%XDcn1EUn6ExobEaphELp%6CLpbCepgCBolCYnrCcnACUlFCulLCSkSCyk_Cek9Dek" /><g i="18" c="278" charCode="82" p="#^1DqfDzqfnyYf1xtg1xZh%1xIu1xsvLxQvuycwXzcwnBcw5CQvPCsvPCIu%PCIr2DJrlDKrEDLrYDLrkEbtJE7u7F3vxFuvUFQvvG0w7Hcw$HcwKJcwuKivHK4vNKSuUKDuVKpu%1J2qTJfphKaoIK4nIKLlIKhkeK8jMJ$hPIahOHiglGSfVEqf1Dqf^eDfo7Dfo$CfoUCfoNCdo%NCMj$DMjCEikeFPkeFTleF3nKEFneEfoeDfo" /><g i="19" c="279" charCode="210" p="#^sEqfvCqf0B$fxzAgvyJhvxQi$wpkvwZlvwZnvwSpYwlrpxQskyXtkz9vOANvgCowaEow5GowzHMv2J7v6KSt3LJsyLdr1MIp1MRn1MZlALuk7L_ieKTheJFgNH2glGqfsEqf^$FWn$FdpTF8qMF2rxFzrjF$r$EdsHErsfErsMDrsqDes4D0sUCBrFC6rxCcqqChpqCXnqCQlSCMkjDIjcEIjGEIj$EWjkF7kxFykMF1lTFTl$FJm$FWn^EFQebGEetGbeLGKdLG$cLG$bFF3bzE7anCf95Cg9PBn9xBu9fBF9GA_9nAwa5A1b5ALb5ArdTCiegEJeEFQe" /><g i="20" c="280" charCode="416" p="#^xFykMF1lTFTl$FJm$FWn$FdpTF8qMF2rxFzrjF$r$EdsHErsfErsMDrsqDes4D0sUCBrFC6rxCcqqChpqCYnqCQlSCMkjDIjcEIjGEIj$EWjkF7kxFyk^uKcifLphdLkgcLOf_KhfMKLelKfeSJDdoJgdXIVcvINckITcbI$c3I7dWHidrHXdWHve_HBe6IIeeIPepIYe%VInf8JDf7JSf7J5gTIigOImgFImgxImgkIigwHTfyGFfAFqfsEqfvCqf0B$fxzAgvyJhvxQi$wpkvwZlvwZnvwSpYwlrpxQskyXtlz9vOANvgCowaEow5GowzHMv2J7v6KSt3LJsyLdr1MIp1MRn1M6mELHkfLgjuKci" /><g i="21" c="281" charCode="7862" p="#^XEUt1FwudFYuqFnvIFDv1GVvzG1w5HawQHawjJaw2KEvNK6vNK2uNKZpeI3iRHOgGGagwFxfADxfIBxfzAagqzOg1z3iny6kGxin_wuqewOugw8vCwtvYwQvtx$v_xawHyaw_zawHABvpB0vxBTt%CBit%QEit^9DeklDektDykCDSkIDul%XDcn1EUn6ExobEaphELp%6CLpbCepgCBolCYnrCcnACUlFCulLCSkSCyk_Cek9Dek^xIxbxIYahIxa1I6axHS9gHK9$GG9LGC9vGA99GpavFQaSEebVDebaDebBC_a0CJaABcamBY9cBI93Br9_Ab9wAb99Al9Ozv9zzP9mz2afzma9zFa9z0b9zIbtzicOzTcsAmdaBUd6Cae2DseeEsehFse5GdeWGZdvHvd0I5dgICcxI6cxIxb" /><g i="22" c="282" charCode="7916" p="#^7LKizLQiXLLijMFiFMni9NZhoNthENYgDNkgCNOfoNhfaNMeLMfegMEdOLhdlLVcVKNcKKTcBK0dsK8dkKidRJXdkKveoKBevKJeDKQeOKYe%iLnfyLDfxLSfxL5ghLjgcLmg3LngXKogNKkgtK1gUJUfkJKfuIKfbHKfyG5gVFsgVFbh%XF1qXFIqQFarKFErxFWrlFas1FisKEqsiEqsSDqszDisgDas5DWrVCFrPCcrJCLqJC5q%JCbhJCsg_B5gfBKfOzKfnyKfFx5gXwsgXwbh%ZwxpZwYsKyGuvAnw2EnwDHnwsJluiKrtIKds7L_q7Lsp%7LKi^1F_81E_8wDk90DF90Dja0DAa6DOacD$anD7bjERaNE1bfFcbfFQbfFkcXEMcEEcd0EydZDFdZDMd_DSd2EYd6E2edE5ekE7etE7e7F7eHFWdfGJdIGid7HVckHscyH$byHubyHXaoHvaeH3aWGK9BGm96Ga9EF_81F_8" /><g i="23" c="283" charCode="76" p="#^0xtt0xNuRxqvkyPvaz$v0AcwdBcw%MDcwfFcw$FAvLGYuLGItLG8tBGMssGnsaGas%ECas%GC9hGCrgYB4gfBJfRzJfryJfKx4g2xrg2x9h" /></glyphs></font><font id="40" name="Arial Charset1_ 5i9d4bdkxAk"><glyphs><g i="0" c="888" charCode="82" p="#^Zx$v%Zx5e%VF5eiI5exJAeNK3fwLhggMvhgM_igMUk1LcmOJvneHSnaIjoFILoIJIpDK7r%JN$v%LK$v%oIhsmHGqHGPp0GYouFCoYEgopE8o$D2o5D2o%lA2o%lA$v^lA$l%qF$l2H$lYHGlTIkllJBkQJRjQJ_iQJJhVIVg_H4g$F4g%lA4g" /><g i="1" c="889" charCode="101" p="#^xGPr%OI6sgI5uPGcvmFiw5DiwfAiwAyyuWwOsWwDpWwlmCyykiAKi_CKiAFKidHwkTIhmTIupTIHpSI4q%bz4qjzdsoAmtuBuu6DuukEuuaFRt1GctxGPr^jzgo%zGgoqGDmKFPlHEyk$CykuByksAzlqzAmjzgo" /><g i="2" c="896" charCode="115" p="#^Mw7s%XyNr7z5tYzOtOAuuiCuuPDuuyETthFfthFqshFGrEEfrbEYqoCvqYzUp0zsp5y$oCxdo7xqn7xtm7xClwxTkWx7kCyEj7zgj$z$iUAKiVBKirDKiBEajLFCjiGmkSG6l3Hnm%VEGmMEGl2E6llDyk3CykyAykUz2lfzylfzdmfzEmwz_mNzlnmAAnHAHnjC8oFELoAF9pvGyp0HjqyH3ryHbsyHitVGgugGev2FMvRDiwjCiwNziwsyfv7xbuMw7s" /><g i="3" c="897" charCode="116" p="#^sC1u%MC_vRBaw6BawVzawezOvAyqvjyPu2ybu2ycs%2yKk%qwKk%qw1j%2y1j%2yQf%fAve%fA1j%sC1j%sCKk%fAKk%fAksfAgtmAytuAPtKAZt$A7uuB7uSB7usC1u" /><g i="4" c="898" charCode="97" p="#^6GpuUErvLDTvDCiwlBiwcziw2yfvVwcuVwAsVwDrkxRqMx2qtyApaz5p3ASoIAHo$BxoGEcoWFMnXFjnXFbnXFRljFiltEykPCykgBykxA5lOzElrz0n%hxJmAxllfyvkWyEjbAbjsBKi7DKiNEKiPF7jSGwjlH6kQHIk1IBl8I9m8IDn%8Izq8IEthIsuqIfvRI$v%yG$vcGjv6Gpu^WFupJEZplCjq_AwqqAMqSz$qyzurfzYrfzwsfzptVz$tAAAuSBAu7DAu6E1u6FttAFvsWFLrWFiq" /><g i="5" c="899" charCode="114" p="#^Dx$v%Dx1j%Cz1j%Cz_kmACj$AajEBKiqCKixDKiGErj%VDul5D$kiC$kAB$k$ArlrATlbAEmQzPnQzcp%Qz$v" /><g i="6" c="907" charCode="69" p="%^_x$v_x5eVK5eVKcgmAcgmAHleKHleKOnmAOnmAUtkLUtkL$v" /><g i="7" c="909" charCode="120" p="#^bw$v%XAhp%yw1j%gz1j%iB3mSBWmcCvnKCKmbD6m%mF1j%$H1j%CDfp%kI$v%EF$v%YCZr%kC$q%Ry$v" /><g i="8" c="930" charCode="105" p="%^FxDgFx5eSz5eSzDg^Fx$vFx1jSz1jSz$v" /></glyphs></font><font id="50" name="UTM Daxline Medium Charset1_ 5rLYlPwI8n0"><glyphs><g i="0" c="256" charCode="66" p="#^xJ9rxJAtPHXu5GhwQChw6ChwpBcwIA7w0A$vlzTvMyIvcyxvMxkv%MxAeIy9e0AUdkBDdNCDdlEDdvF_dGGkerHZedICfCIvg$Inh$Isi$IhjLIZjvIEk5IalHHIlbH2mHGnmaGxm%aGAmHGJmhH4nUHrnnI$nSIyobJlpxJ7qxJ9r^qGHiqGlhvFzgBENfNCNf3CNfpBUfMA$fnAbg%nAJl%HCJlKDJlkEAlWEqlqF2lTFIk8G5kqGtjqGHi^RGZqRGapvFnoZE2onEVnODMnNCMn%nAMn%nAKtOATtuB$taC7uQC7uNE7uPFktRGwsRGZq" /><g i="1" c="257" charCode="7840" p="#^GI$v%7Her%HAer%9z$v%jw$v%kCUd%vFUd%uL$v^sEnijE$hdEDh7Efh3EWg$DzgYDeg%UDegPDzgKDWgGDfhBDDhwD$hoDni%eB7p%AG7p^iFcyiFNyUEazvEzzWDzzlDzzWCazwCNywCcywCExWCfxlDSwWDSwvESwUEfxiFExiFcy" /><g i="2" c="260" charCode="78" p="#^dI$v%5BZjUADjIAgjwAVioABifAfi5AWh%2AWh2Ahi3AEi3AZi4Anj5ANj5Ack%5A$v%Lx$v%LxUd%dAUd%aHGpmH1qyHnqLHJqUH0r4InrdIIr%gIIrfIlrfIYqdICqdIcqdIOpdInp%dIUd%AKUd%AK$v" /><g i="3" c="261" charCode="32" p="#" /><g i="4" c="262" charCode="272" p="#^dKYmdKfpGJ$q8JLs8IWt8H5vLFHvnEhwFChwdBhwZz$vJyJv$xkv%$xOn%EwOn%EwJl%$xJl%$xAeOy9e0AUdfBDdFCDdnEDdLFde8HOe8IZf8J8hGJUidKEkdKYm^yHYmyH7lbHPjQGvibGFhyFOgGEpgOD$fOC$f9C$fAB4g$A9gFAkg%FAJl%oDJl%oDOn%FAOn%FAAtXAKtwBQt5CVtOCVtODVtGEvtyF5tbGfsQGorbH5qyHNoyHYm" /><g i="5" c="263" charCode="195" p="#^GI$v%7Her%HAer%9z$v%jw$v%kCUd%vFUd%uL$v^sEnijE$hdEDh7Efh3EWg$DzgYDeg%UDegPDzgKDWgGDfhBDDhwD$hoDni%eB7p%AG7p^GHpafHbbDGNbUFvc0FxczEychEnc$DccND_bADMbpDEbfDvbUCrbrCsb1CQbNB4cBBoc%zAEbYAUawBlaeCF96DD9vDC9SDQ9eE2anEcawEmaKEyaYEJahFIaKFGa7GjanG3aAGI9%GHpa" /><g i="6" c="264" charCode="72" p="%^RG$vRGWntAWntA$vLx$vLxUdtAUdtABlRGBlRGUdyJUdyJ$v" /><g i="7" c="265" charCode="7870" p="#^Lx$v%LxUd%TGUd%TGhg%qAhg%qABl%iGBl%iGWn%qAWn%qADt%TGDt%TG$v^eGta%GEta%pGb7IGR66HI6xHy6VHy6jIy6DIJ6XIU60Jb7^EEdd%kCxb%Zzdd%Uyic%lBJ9OBg9kCg9RCg9gDJ9%JFic" /><g i="8" c="266" charCode="84" p="%^vDhgvD$vMA$vMAhgMwhgMwUdtHUdtHhg" /><g i="9" c="267" charCode="73" p="%^Mx$vMxUdvAUdvA$v" /><g i="10" c="270" charCode="7874" p="#^Lx$v%LxUd%TGUd%TGhg%qAhg%qABl%iGBl%iGWn%qAWn%qADt%TGDt%TG$v^TDx6zEZ5IFR5QGO5yHq6gI17gI08gIq85IM8XH59GHn9pHE93HR9KG1avG6a%sGXa%4FXa%0Fr9rFl9JFe9$F69cGY8pGN8yGz8HGl8HG38HGy7oGi76G27CF677Fa7TEj7DEs7mEE7^EEdd%kCxb%Zzdd%Uyic%lBJ9OBg9kCg9RCg9gDJ9%JFic" /><g i="11" c="271" charCode="77" p="#^dN$v%PLqjML1jKLDiILciGLShFLshDL5h%AL5hvLshoLShjLcieLDi9L1j1Lqj%mH$v%vF$v%RBqjJB1jCBDiwBcirBShlBshiB5h%fB5hdBshcBShaBci8BDi7B1j4Bqj%Dz$v%5x$v%jzUd%tCUd%VFJp0G7q5GwqbGUqhGernGCrqGYr%tGYrvGCrBGerEGUqLGwqSG7qZGJp%pKUd%yNUd%NP$v" /><g i="12" c="274" charCode="83" p="#^bHWqbH9sMG8tmG7uBFQuRExvLDVvGChwjBhw3AhwUy0wKxLv_wkv%XxTswyetozvthALtdBLtGCLtyD2trEksrE2rrEtqcE1q_DApBDepdDToJCCodCkoFB4oTAIn4AfnhzOmEybm0yAlBxKkbxTjbxKibxyhAxCgZxGfHy0fqzleqA_drBDdHCDdXDDdYEVdZFaeAGAe%KFTgeFBgrEkgED2gNC2gwB2gIAJgUznhUzAiUz8j8ABjoA2kOApkdBMkLB4lhCnlRCDlzD_llEqm7FRmLFtnoG4oNGXobHNpbHWq" /><g i="13" c="275" charCode="71" p="#^IJkv1JJvPH$vBGhw0FhwiDhwSBFvrA1vpzQtnyDsOxVqdxapdxYmdxLkOx0joyhhsz4gwATe_BfetDDddFDdyGDdHHUdRI9evJAe%BIOg4ItgeHfgpG0giF0gbE0gdDrgfCRgvBIhMAyilASjWzalWzYmWzJokA1qLAlrqBcs6C3t$CutUDVtREVtEFVtgGOtVGHt8Hwt%8HJn%ZDJn%ZDyl%IJyl%IJkv" /></glyphs></font><font id="60" name="Open SansBold Charset1_ 6HwcRZ8hNTN"><glyphs><g i="0" c="384" charCode="67" p="#^QF2hHD2hwCFilBfklB7nlB5tQF5tJH5toK9s%oKkvbIfwuFfwABfwwzUtsxwrsx5nsxjktydiuz7gnB0fhDUdQFUdrIUd3L9f%RJeiQILhPHphPG2hQF2h" /><g i="1" c="385" charCode="111" p="#^WA9pWAbrABesfCgtLDgtfFgtUFesyGcryG9pyG7nUF6meF5lKD5leC5lAB6mWA6nWA9p^mK9pmKusBInuRGfwIDfwKBfweAovKyxuWxWs7xir7x9p7xPlSyYjCA5iND5iLF5ifHYiLIOjyJplmK$mmK9p" /><g i="2" c="386" charCode="114" p="#^AF5ikG5iQGci%yGHl5GAlsFAlGDAlGCvmGBpnGB2p%GB$v%Yx$v%Yxmi%MAmi%kBEk%vBEk8CvjdDOiiE5iAF5i" /><g i="3" c="387" charCode="101" p="#^CDLkqCLkLBvl4Bfm_ADn%cGDnaGfmtFvlNELkCDLk^7EfwQAfwZyru7xCs7xhp7xRlQyZjyA5iAD5itG5i4ILjHJolHJio%HJ6q%UA6qYAIrQBBsJCutiEutxFutDGetKHZsWIps%WIhvYHNvQG0wJFfw7Efw" /><g i="4" c="388" charCode="99" p="#^vDfw7xfw7xfp7xMlSyXjBA5iQD5icG5i4I0j%_GVl5GylkFklAE5lQD5lWA5lWAdpWAetQDetVEetPFYsKGFsFH2s%FHevLGPvQF1wVEfwvDfw" /><g i="5" c="389" charCode="116" p="#^IDhtHEht2GSs%2GDvFEfwDCfwoAfwnz7vmy$tmyKr%my9l%Aw9l%AwAj%Dyki%Izsf%4Csf%4Cmi%VFmi%VF9l%4C9l%4CKr4CxswCVsZChtIDht" /><g i="6" c="390" charCode="73" p="%^fy$vfy9e1C9e1C$v" /><g i="7" c="391" charCode="110" p="#^zK$v%QG$v%QG1oQGzmiGQlNF4lEE4l3D4lmC7mGBanGBAp%GB$v%Yx$v%Yxmi%OAmi%iB5k%vB5k7C6jdDCijE5iIF5i5I5ikJojzKGkzK5n" /></glyphs></font><font id="70" name="Open Sans Charset1_ 5csx6FevEqM"><glyphs><g i="0" c="384" charCode="84" p="%^YD$vTB$vTB$fdw$fdw9eBJ9eBJ$fYD$f" /><g i="1" c="385" charCode="104" p="#^iH$v%iHmniHJlyGWkPF6keE6k6C6k8BglaApmaA0p%aA$v%9y$v%9y$c%aA$c%aALiaAOj4Auk%cAukOAwjUBZi$CpiqEpiTGpi5IAjkJKkkJhn%kJ$v" /><g i="2" c="386" charCode="97" p="#^nG$v%ZF5u%TF5uTEmvTDPvUCfwoBfwpzfwgyev8xcu8xjs8xfoDD3o%VF_n%VF9nVFAldFQkyE4k3D4koB4kgz6l%FyyjEz0jPAJi$BpiaDpiAFpiJGtjTHxkTHTm%TH$v^OBAuHDAuMEytSFvsSFDq%SFqp%QDvppBBpkAgqgzWqgzksgzrtXz0uCAAuOBAu" /><g i="3" c="387" charCode="116" p="#^tCAu0DAuwDvu0EquiEku%iEUvZD2wkD8wHCfwaCfwiyfwiy9s%iyck%nwck%nwej%iyoi%9zxf%kAxf%kADi%cEDi%cEck%kAck%kA4skAhtUAXttBAutCAu" /><g i="4" c="388" charCode="8217" p="#^Nz9e%YzqeEzEf1zghryTiOxgk%jwgk9xOgyx9e" /><g i="5" c="389" charCode="115" p="#^NGmsNGduoFev$DfwuBfwPyfwkxpv%kxwtiy0uoziuvAAuxBAu6DAuZD4uQEztQExsQELr8EbrtDDqvBTpEzapRyFo3y8oGxunixQmixVlixgkDykjYznigCnirEnivGfj%NFVkMD4k7C4kHA4kYzxkdz_kdzMldzjmuzHmMz3nnApn_ALnJCoo6FgpXF8qNG0rNGms" /><g i="6" c="390" charCode="32" p="#" /><g i="7" c="391" charCode="99" p="#^vDfwBAfw$ytupxGspxoppx1m0zckEAniDDniBEnizFBixGOi4H4j%sGOkNFxk_EmkbEakADakvzakvznpvzRrvAatvBuusDuu7FuuTGMt%TGzvxFfwvDfw" /><g i="8" c="392" charCode="111" p="#^HJipHJAs1IquoGfwuDfwIBfwjApvWyzu9y_spxprpxippx1m1zckGAniADnioGni1IfkHJ6mHJip^vzipvzSrwActyByuyDyuxFyuzGdtBHTrBHipBHLmzGqlxF5kwD5kxB5kwAplvzImvzip" /><g i="9" c="393" charCode="114" p="#^fEni8FniRFwi%zFpkKEdk6EdkuCdkkBylaASmaAQo%aA$v%8y$v%8yDi%PzDi%2A5l%9A5lUAOjXB5j$CnifEni" /><g i="10" c="394" charCode="101" p="#^ODfwQAfw6zsupxEspxqppxbm$yhkBAnihDniOFnifH1kJIHlJIoo%JIGp%vzGpzz1sHAgtQBuuTDuu1Guu9IAt%9Iov4HRv6G2w9FfwODfw^fD4kEB4kGA7lJzamyz1o%yG1oyG6mHF5lRE4kfD4k" /><g i="11" c="395" charCode="33" p="#^_z4r%Iy4r%4y9e%BA9e^SxIuSx2tjz2t1A2tpAutOAVtOAIuOAuvpAWv0AmwjzmwHymwgy_vSxBvSxIu" /><g i="12" c="396" charCode="87" p="#^1O$v%ZL$v%nI2k7IfjOH2iuHRgtHBgcHciDG7k%7D$v%4B$v%kw9e%xy9e%lBapXBvrcCntxC8raD$o%nG9e%AI9e%WL6pwM$qWMnt8NErON9p%CQ9e%OS9e" /><g i="13" c="397" charCode="108" p="%^aA$v9y$v9y$caA$c" /><g i="14" c="398" charCode="100" p="#^fHcu%8HcuKFfwXCfwjAfwSysupxFspxlppx1mSyckkAniXCniFFni6Hmk%gHmk%bHoj%8Hsi%8H$c%aJ$c%aJ$v%wH$v^cDyugFyucGqt8His8HNp%8Hlp8HvmbGilfF4kaD4koB4krAtlvzRmvznpvzXrrAftnByucDyu" /><g i="15" c="399" charCode="110" p="#^iH$v%iHlniHIlyGVkPF5keE5k7C5k8BelaAmmaA_o%aA$v%9y$v%9yDi%OzDi%7Ask%dAskRAtjZBWi5DnitEniUGni6IyjkJIkkJgn%kJ$v" /><g i="16" c="400" charCode="67" p="#^5GLf9DLfsBJhLzGjLz4nLzAqoBvs1Dpu3GpuXHpukKKt%kKyvtIfwLFfwPBfwGzStxxtrxx2nxxikzydiBz8gxB0fuDUd6GUdWIUd0LWe%8KIg7ILf5GLf" /><g i="17" c="401" charCode="105" p="#^aA$v%9y$v%9yDi%aADi^_x$e_xiejy_dFyFdazFdFzFd0A_dnAjenA$enAHf0A1gFzmgazmgFymgjy1g_xHf_x$e" /><g i="18" c="403" charCode="117" p="#^2ADi%2Air2AXsOALtyByu7DyueFyucGptaHfsaHFp%aHDi%bJDi%bJ$v%wH$v%eHdu%7HduvGcvoFKvhEfwTCfwrAfwdz5v$xXt$xnr%$xDi" /><g i="19" c="404" charCode="83" p="#^wIfrwICtPGXu6FfwaCfw$yfwixrv%ixrtoyVtHzau_ArufCrukErunFFtqGSsqGsrqGwq2GXpGFlpOERoXDko9CInFzPmByBlxxmkxxoixxkg4z6fDAUdaDUdRFUd4ITe%qHGgdFLf7DLfuBLfyAtgDzahDzqiDzljZzXjjAxk7B1lXBxlCD7mpG7nsHhowIqpwIfr" /><g i="20" c="405" charCode="121" p="#^1wDi%cyDi%7Bfq5CSskC0u%qC0uACot4DUrBDoqoGDi%zIDi%QCSxZB6AQA2BHz$B1y$B5x$BbwOB%bwaASwjAIxjANzjAGAZx%qB3w" /><g i="21" c="406" charCode="44" p="#^gA5t%sAnt8ABuxzcwXyQxiydz%Mwdz5xYxux4wUxdu2y5t" /><g i="22" c="407" charCode="119" p="%^4J$vDG9o#oGrnLFTkFFTk#aF0nPEaohC$vXz$vhwDipyDi#IzGnnAjq#3BXs9BStfBSt#oB9tHB3s#_BYqcCiqFEDiSGDifJiq#XJpsaKQthKQt#kKotxKus#LKzr4NDibPDiuL$v" /><g i="23" c="408" charCode="46" p="#^SxIuSxUtdyttBy2tiz2t$z2toAttOAUtOAIuOAvvoAXv$zmwizmwGymwgy_vSxBvSxIu" /></glyphs></font><font id="80" name="Roboto Charset1_ 5lXQuICuQQL"><glyphs><g i="0" c="384" charCode="50" p="#^7J$v%ux$v%uxnu%DDyn$E_lwF0l1G2k1G0j1GDhbFKglERfYCRfgBRfkAPgozMhoztj%8xtj8x0hJyvfiA_dYC_dqF_dSGhfjIAgjILijInlYE$o%cA9u%7J9u" /><g i="1" c="385" charCode="32" p="#" /><g i="2" c="386" charCode="273" p="#^BKXg%jIXg%jI$v%eG$v%7GBuMEfwlCfw2AfwBynu9xus9xsp%9xhp9xfmBypk2AyinCyiHEyi2G8k%2GXg%RCXg%RC5f%2G5f%2Gfd%jIfd%jI5f%BK5f^qzypqzOrlA3thBkuVCku3Fku2Gps%2Gkm1FtkXCtkhBtklALlqz1nqzyp" /><g i="3" c="387" charCode="232" p="#^bDfwvAfwPyuu8xJs8xMp%8xlp8xonUxRlEyik_zqjlByiVCyiuFyiVGfklIXllI6p%lI2q%oz2qrz$rxActDBpujDpuwEpulFWtaGqtOGDs%aIItwGfwbDfw^VCpkyBpkCAplHzomtzbo%4Gbo%4G0o_Fim9FmlkEpkVCpk^bERg%fCSg%6zgd%QBgd" /><g i="4" c="388" charCode="110" p="#^RzOi%WzskrByiTDyi3Iyi5Ign%5I$v%RF$v%RFgnQFQlbF9lyEtkbDtk5CtkgB3lrAElZzBm%Zz$v%Ix$v%IxOi" /><g i="5" c="389" charCode="115" p="#^pFvspFArIE4r0EAqiCdqBARpAzkpAyPo5y6oCxonCxqmCxOk_yGjmAyivCyiKEyi7GIjxHSkxHGm%gFGmgFLltE4lHDpkvCpkgBpkzAYkTzulTzlmTzanwABn9B$nRCnoyELoBFhpEGOp8HyqFHhrFHlsFH6ueGbvQEfwzCfw_AfwLzHvxy7vRx7u9x6t9xXr%qzXruz4tkALtaBpuzCpuRDpuDEUtpFntpFvs" /><g i="6" c="390" charCode="225" p="#^SF$vGFCvyFCuZDfwNBfwQzfwAy9vkx2ukxlskxhqUy8ptA$njD$n%vF$n%vFYmvFMlOE3l5EmkJCmkvBmkHA_kTzBlTzsm%BxsmBxtliyyk$yDjcA5jpByiRCyi7FyiqGHjJHQkMHQm%MHVsMHKueIPv%eI$v^6ChuaDhu7EKt4FbtvFis%vFBp%KDBpBzBpBz0sBz4tiAHt$Ahu6Chu^cEgd%XGgd%FDSg%RBRg" /><g i="7" c="391" charCode="103" p="#^axhpaxcmBynk1AyioCyiOEyi9Gfk%gGOi%kIOi%kIHvkIfyPGJziFcBKCcBiBcBWzBAzy_zRxWy%0zzxtAmzzCmzdEmz8Fqy3Gvx3GQv%3GHuIEfwmCfw2AfwCyouaxwsaxhp^rzyprzNrmA3thBkuWCku3Fku3Gos%3Gmm1FtkYCtkiBtkmALlrz1nrzyp" /><g i="8" c="392" charCode="44" p="#^Exyz%mwGyvx3xyxnv%yxkt%Mzkt%Mz5vMzkw9zzxyyOyExyz" /><g i="9" c="393" charCode="116" p="#^NABf%NAOi%eDOi%eDyk%NAyk%NAKsNAxt6BXtrBkueCkuDCkuiDbu%iD$vpCfwzBfw3AfwhzlvwyquwyKs%wyyk%6wyk%6wOi%wyOi%wyBf" /><g i="10" c="394" charCode="7855" p="#^SF$vGFCvyFCuZDfwNBfwQzfwAy9vkx2ukxlskxhqUy8ptA$njD$n%vF$n%vFYmvFMlOE3l5EmkJCmkvBmkHA_kTzBlTzsm%BxsmBxtliyyk$yDjcA5jpByiRCyi7FyiqGHjJHQkMHQm%MHVsMHKueIPv%eI$v^6ChuaDhu7EKt4FbtvFis%vFBp%KDBpBzBpBz0sBz4tiAHt$Ahu6Chu^KGkeKGufIFbgHETg1DTgnBTglAbgkzufkzke%bBkebB$eFBnf8CKf1DKfVDKfnEmfSEZeSEke^HDFb%zFFb%zD4e%jC3e" /><g i="11" c="395" charCode="105" p="#^9A$v%Vx$v%VxOi%9AOi^JxifJxLe2yneoy_d2z_dIz_d2AneoALeoAifoARf2AdgIzAg2zAgoyAg2ydgJxRfJxif" /><g i="12" c="396" charCode="226" p="#^SF$vGFCvyFCuZDfwNBfwQzfwAy9vkx2ukxlskxhqUy8ptA$njD$n%vF$n%vFYmvFMlOE3l5EmkJCmkvBmkHA_kTzBlTzsm%BxsmBxtliyyk$yDjcA5jpByiRCyi7FyiqGHjJHQkMHQm%MHVsMHKueIPv%eI$v^6ChuaDhu7EKt4FbtvFis%vFBp%KDBpBzBpBz0sBz4tiAHt$Ahu6Chu^OGBg%OGJg%WEJg%5DEe%hBJg%pzJg%pzzg%pCfd%NDfd" /><g i="13" c="397" charCode="121" p="%^1CHs6FOiwHOidC1y#_AkBiykBTxiB1x7B1xizExlz#NylzqzTy#3AqyuAbx_ASvgwOiKyOi" /><g i="14" c="398" charCode="108" p="%^9A$vVx$vVxfd9Afd" /><g i="15" c="400" charCode="234" p="#^bDfwvAfwPyuu8xJs8xMp%8xlp8xonUxRlEyik_zqjlByiVCyiuFyiVGfklIXllI6p%lI2q%oz2qrz$rxActDBpujDpuwEpulFWtaGqtOGDs%aIItwGfwbDfw^VCpkyBpkCAplHzomtzbo%4Gbo%4G0o_Fim9FmlkEpkVCpk^BGBg%BGJg%JEJg%UCEe%4BJg%czJg%czzg%cCfd%ADfd" /><g i="16" c="401" charCode="7909" p="#^SFIuyEfw$BfwTzfwMy1vGxOtFxor%FxOi%WzOi%WzkrWzkumCkuYEkuOFps%OFOi%3IOi%3I$v%VF$v^OA$yOAsy7B3ytBHx7CHxNCHx7D3ytDsytD$ytDyz7DVzNChA7ChAtBhA7BVzOAyzOA$y" /><g i="17" c="403" charCode="99" p="#^0DpudEpu7FGt1GXs7GRr%gIRrcI_suH0uMG1vzFEvmEfw0DfwjAfwJysu7xEs7xwp%7x8p7xdnQxJlyyckSznjbByi$CyidFyiHGTj9IclgIkn%7Gkn1G2m9FelhEpk$CpkhBpkkAFlozUmozep%ozFpozXrkAatgBpu0Dpu" /><g i="18" c="404" charCode="49" p="%^VE$vDC$vDCXg4yCi4yzgyE8eVE8e" /><g i="19" c="405" charCode="48" p="#^DIqoDIosgHkuVFfw1DfwbAfwPynusxuspxKo%pxJlpxOhLyUf6A_d$C_dTF_ddHQfAIFhDIvl^mGllmGtiyF9hLERf$CRfhBRfuA9hHzsiFzal%FzNoFzFruA1tkBpu1DpuIEpuwF6tkGPrmG1p" /><g i="20" c="406" charCode="8211" p="%^dK2o$x2o$xcmdKcm" /><g i="21" c="407" charCode="118" p="%^3CXslFOiEHOiVC$vbB$vpwOiIyOi" /><g i="22" c="408" charCode="111" p="#^6xhp6xknTxNlEyek$zojmByi6DyiPFyitHqk8Jhm8Jop%8Jyp8JtroI0tFHyuhGpvWEfw7DfwsAfwNyou6xws6xrp^ozypozLrpA4tqBpu7DpuSEpuSF3tTGIrTGhpTG6nRFMlPEpk6DpkrBpkpAKloz3nozyp" /><g i="23" c="409" charCode="100" p="#^9xhp9xfmBypk1AyinCyiHEyi2G8k%2Gfd%iIfd%iI$v%eG$v%6GBuMEfwlCfw2AfwBynu9xus9xsp^qzypqzOrlA3tgBkuVCku3Fku2Gps%2Gkm1FtkXCtkgBtklALlqz1nqzyp" /><g i="24" c="410" charCode="112" p="#^TIypTIzsuHpu6GfwLDfwlBfwZzJu%Zz4B%Jx4B%JxOi%NzOi%UzfkgByiJDyi5GyiuHlkTI8mTIlp^CGipCG3nFFMlIEtk2Dtk$AtkZzhm%ZzBs_Apu4DpuHEpuEF7tCGQrCGip" /><g i="25" c="411" charCode="40" p="#^DxNoDx0mmyuj5zXgzATe1COcCDXb%3EqdhCOe8BCh$zpkUzUn%TzWoTzEtCB6xECbz3EmA%CDKB_BQAvAIyDxzuDxNo" /><g i="26" c="412" charCode="41" p="#^WCVoWCDrcC7uvBDw0AKyyyRAXwKB%twmAlyVyuzTvDARsFA8p%FALoFAbm6A_jAzNhCy2gFxietwjd%XwXbyyQc$zWetB$gbCwjWC1mWCVo" /><g i="27" c="413" charCode="123" p="#^JDtAyBSzsAsymz3xmzMu%mzksmzmpNwmp%NwBnmzBnmzEk%mz6iozTfsAvexB7dJDvc%aEVdDBJeDB9i%DBDkDBonBzuoDBApDBns%DBUuFBfyaE3z" /><g i="28" c="414" charCode="97" p="#^SF$vGFCvyFCuZDfwNBfwQzfwAy9vkx2ukxlskxhqUy8ptA$njD$n%vF$n%vFYmvFMlOE3l5EmkJCmkvBmkHA_kTzBlTzsm%BxsmBxtliyyk$yDjcA5jpByiRCyi7FyiqGHjJHQkMHQm%MHVsMHKueIPv%eI$v^6ChuaDhu7EKt4FbtvFis%vFBp%KDBpBzBpBz0sBz4tiAHt$Ahu6Chu" /><g i="29" c="415" charCode="87" p="%^UBoqeCKsKCDqfGdeeIdeFLDq9MNsxMnqhPdeERdekN$vcL$vxH2jfHHhZG2jaD$v2B$vLwde5zde" /><g i="30" c="418" charCode="114" p="#^5EPkADKk_CKkLAKkZzDm%Zz$v%Ix$v%IxOi%VzOi%Xzjk2Byi5DyiLDyi5EJi" /><g i="31" c="419" charCode="101" p="#^bDfwvAfwPyuu8xJs8xMp%8xlp8xonUxRlEyik_zqjlByiVCyiuFyiVGfklIXllI6p%lI2q%oz2qrz$rxActDBpujDpuwEpulFWtaGqtOGDs%aIItwGfwbDfw^VCpkyBpkCAplHzomtzbo%4Gbo%4G0o_Fim9FmlkEpkVCpk" /><g i="32" c="420" charCode="72" p="%^JL$vmJ$vmJOnpAOnpA$v3y$v3ydepAdepATlmJTlmJdeJLde" /><g i="33" c="421" charCode="73" p="%^AA$vey$veydeAAde" /><g i="34" c="422" charCode="71" p="#^bLGthKZuFICv2HfwVEfwJCfw1BevmzdurylswxsquxZn%uxqmuxpimzcgeB_dDE_dpH_d6JpfPKQgbLrj%RIrjbIVfEEVfhCVf3BzhSzdjRzmm%RzPnRzOqcBzsACkuVEkueGkudH2ucILtSI2t%SI4p%KE4p%KE9n%bL9n" /><g i="35" c="423" charCode="59" p="#^lx2klxsjHx3j2yGiKyGirzGiOz3j9Asj9A2k9ACkOz_krzmlKyml2ymlHx_klxCklx2k^Nxyz%vwGyEx3xHxnv%Hxkt%Vzkt%Vz5vVzkwizzxHyOyNxyz" /><g i="36" c="424" charCode="76" p="%^qA4uRI4uRI$v3y$v3ydeqAde" /><g i="37" c="425" charCode="79" p="#^KLHnKLiqSKfs_JcumIevLGfwCEfwvCfwTAdvgzbumyhstxmqrxRn%rxzmrx$jky2idz4gRA1fuC_dAE_dJG_dlI0f_J2gSK0iKLZjKLzm^pJympJoj7IIhSG$fAE$fmC$f4BIhPzojMzom%MzHnMzMq2BwslCguCEguTGgu6ICsmJYqpJSn" /><g i="38" c="426" charCode="125" p="#^ew3zIygyOy0v%OyksOywp$AuoOyunOyEk%Oy9iOyJeewVd%IwvcSy6dXzue1BSf2B6i%2BGk2BBnEDBn%EDmp2Bmp2Bks%2BOu2B5xXztyRySzIwtA" /><g i="39" c="427" charCode="67" p="#^8LmqPKbt2JJuiHfwpEfwfBfwlz$tsxKrsxYn%sxemsxMjkyUhdz$fRA$etC_dCE_drH_d8JzfSK8h8LXj%NIXjtIPhsHSgrGVfCEVfmCVf4BAhPzejPzim%Pz0oPzVq0BDsdCkupEkulGkuoHstrIzsNImq" /><g i="40" c="428" charCode="117" p="#^SFIuyEfw$BfwTzfwMy1vGxOtFxor%FxOi%WzOi%WzkrWzkumCkuYEkuOFps%OFOi%3IOi%3I$v%VF$v" /><g i="41" c="429" charCode="104" p="#^ZzoktByiTDyi3Iyi5Ign%5I$v%RF$v%RFgnQFQlbF9lyEtkbDtk5CtkfB3lqAElZzBm%Zz$v%Ix$v%Ixfd%Zzfd" /><g i="42" c="430" charCode="7887" p="#^6xhp6xknTxNlEyek$zojmByi6DyiPFyitHqk8Jhm8Jop%8Jyp8JtroI0tFHyuhGpvWEfw7DfwsAfwNyou6xws6xrp^ozypozLrpA4tqBpu7DpuSEpuSF3tTGIrTGhpTG6nRFMlPEpk6DpkrBpkpAKloz3nozyp^gCDg%fCMe9DIeADwe0Eke0ESd0EndsD8dVCVc_BVc%4CCbUDCbQEecNFScNFVdNFEeiF8fQEDfUDMf%TDDg" /><g i="43" c="433" charCode="7841" p="#^SF$vGFCvyFCuZDfwNBfwQzfwAy9vkx2ukxlskxhqUy8ptA$njD$n%vF$n%vFYmvFMlOE3l5EmkJCmkvBmkHA_kTzBlTzsm%BxsmBxtliyyk$yDjcA5jpByiRCyi7FyiqGHjJHQkMHQm%MHVsMHKueIPv%eI$v^6ChuaDhu7EKt4FbtvFis%vFBp%KDBpBzBpBz0sBz4tiAHt$Ahu6Chu^JA$yJAsy2B3yoBHx2CHxICHx2D3yoDsyoD$yoDyz2DVzIChA2ChAoBhA2BVzJAyzJA$y" /><g i="44" c="434" charCode="58" p="#^DxQuDxeuZxRtkyst0zstJzst4ARtrAeurAQurAov4AMvJz8w0z8wky8wZxMvDxovDxQu^Fx2kFxsj$x3jlyGi1zGiKzGi5A3jsAsjsA2ksACk5A_kKzml1zmllyml$x_kFxCkFx2k" /><g i="45" c="435" charCode="272" p="%^qy$vqySnswSnsw0mqy0mqydesDde#MFdeyHff#kJggiKai#gL3khLwmhLEn#hL9qjK3s#lJYtxHZu#KFZvlD$v^dESnMASnMA4udD4u#XF4urHps#YIKqZIHnZIym#ZIxjyHSh#7GagvD8gMA8gMA0mdE0m" /><g i="46" c="436" charCode="224" p="#^SF$vGFCvyFCuZDfwNBfwQzfwAy9vkx2ukxlskxhqUy8ptA$njD$n%vF$n%vFYmvFMlOE3l5EmkJCmkvBmkHA_kTzBlTzsm%BxsmBxtliyyk$yDjcA5jpByiRCyi7FyiqGHjJHQkMHQm%MHVsMHKueIPv%eI$v^6ChuaDhu7EKt4FbtvFis%vFBp%KDBpBzBpBz0sBz4tiAHt$Ahu6Chu^nERg%rCSg%izgd%0Cgd" /><g i="47" c="437" charCode="243" p="#^6xhp6xknTxNlEyek$zojmByi6DyiPFyitHqk8Jhm8Jop%8Jyp8JtroI0tFHyuhGpvWEfw7DfwsAfwNyou6xws6xrp^ozypozLrpA4tqBpu7DpuSEpuSF3tTGIrTGhpTG6nRFMlPEpk6DpkrBpkpAKloz3nozyp^7Egd%SGgd%BDSg%MBRg" /><g i="48" c="438" charCode="253" p="%^1CHs6FOiwHOidC1y#_AkBiykBTxiB1x7B1xizExlz#NylzqzTy#3AqyuAbx_ASvgwOiKyOi^jDgd2GgdNCSgYARg" /><g i="49" c="439" charCode="297" p="#^9A$v%Ux$v%UxOi%9AOi^qDFdqDZeGCOfWBCgOACgiACgXzugAzmg_y_foyCf7yxfSxsfwxsf0xsfFwRfjwdgjwPg%OuKgOuqfyvAehwJdpxJdRxJdayRdwyZd5zkeHzGe$zNejAUeHAUedBUezBueWB3eWBwd" /><g i="50" c="440" charCode="236" p="%^9A$vUx$vUxOi9AOi^nATgryTgivhd0yhd" /><g i="51" c="441" charCode="63" p="#^mAZqnAxpHAHo$ARnXBPm%xDalzE0kzEHizEqhUDIgdDZfXBZfHAZfWzDgazhhazoi%WwoiXwpgkycfJz_dXB_deE_dwFdfPGsgPGCiPGLkREPm%vD8oCC7pCCZq^gASugAiuBAWtXAytBBytfCytBCWtXCiuXCSuXCpvBCNvfC8wBB8wXA8wBANvgApvgASu" /></glyphs></font><font id="90" name="ArialBold Charset1_ 6h9UCgjxztD"><glyphs><g i="0" c="888" charCode="67" p="#^gJpp%MMwqYLst4KUudIjwlFjwNBjwuzTtbxrrbxdnbxLiuzhgOBOdzFOdRIOdUKKf6MUgJM1j%8JUjQIviPHIhPGUgnFUgnDUg8CkiVALjVAXmVAlq7CNrlDdtiFdtKGdtMHisPInrgJpp" /><g i="1" c="889" charCode="226" p="#^mA$m%fxrmNxzk3zFjlALiTCLiaFLihGijpHRjSHGkkIvlkIKn%hIKrhIstrIguCI4v3J$v%GF$vxFFvlF_ufFHudFAulErvlDTvlCiwcBiwcziw2ydvUw7uUwtsUwmrpxvqXxEpTybpQzKoDBoo1EXnYEyn%YEcnYEdmsEOlZDnlDCnlIBnlbBKlGA5mmA$m^YENpiE$pSCjqrBCq$AVqkAnrkA6skAQsSAmtpBTteCTt9DTt$DgtDEOsPE7sYEHrYEtq^6zlh%GBMd%QEMd%mHlh%BElh%bDxf%TBlh" /><g i="2" c="896" charCode="117" p="#^jG$v%jG3uCF5vsEIviDiw0CiwJAiwGzKvEy9vay7uJx4tJxer%Jx1j%9B1j%9B_o9BJrlBlsxBYs1CjtxCGtiDGtaEGtSEbtyFIsOF$r3Ghr3Gvo%3G1j%vJ1j%vJ$v" /><g i="3" c="897" charCode="32" p="#" /><g i="4" c="898" charCode="104" p="#^cB5e%cBIkSCLiaFLimGLijHbjgIDjKIjkdJ$koJQlAJFmAJpo%AJ$v%8G$v%8G9p8G7nXFAmLF0mfFIlMEnl0EnlaDnlvCOlQBcmwB2ncBTncBwp%cB$v%Mx$v%Mx5e" /><g i="5" c="899" charCode="7887" p="#^$wlp$wDnRx1mHyrkdABjMBLiGDLiCGLiuIFknKzmnKupnKqstImuAGiwIDiwWBiwiAvvHyHuRx8t$wAr$wlp^wAxpwAsrqBuslCvtHDvt1FvtXFusRGsrRGvpRGBnXFAm1FylHDyllCylqBAmwABnwAxp^_C6gHD1gTDZfxEPfyEpfzE7fcEXeHDFeACFebCFeqBIe%hBsdMBmd2DndyEodvFSdyGneAGifDGzgmERg%mEsh%_Csh%_C6g" /><g i="6" c="907" charCode="105" p="%^OxghOx5eeB5eeBgh^Ox$vOx1jeB1jeB$v" /><g i="7" c="909" charCode="58" p="%^rytmry1jTB1jTBtm^ry$vryzsTBzsTB$v" /><g i="8" c="930" charCode="272" p="#^Qx5e%pE5eHG5eRHserJWeyK7gGLkheM2jPMLkPMgnPMupbMgrzL1tlKdupJ6vPHDvDG$vCE$v%Qx$v%Qxbo%Zvbo%ZvWl%QxWl^rB7h%rBWl%gFWl%gFbo%rBbo%rBZs%8EZsXFZsKGGsNHjskIkr5JYp5J7n5J6lMI1ksIXiPHgibHBhbGjhpF7h4D7h" /><g i="9" c="1328" charCode="121" p="#^aw1j%Qz1j%XCes%YF1j%vJ1j%XEwv%6EMxFDVyfDvzRC6AjCtANBRA$A2BeAgBfzgBgygBjx3B%$wnyPxxysyxyFzxydAQxOA7x6B1w" /><g i="10" c="1367" charCode="108" p="%^Ox$vOx5eeB5eeB$v" /><g i="11" c="1368" charCode="224" p="#^mA$m%fxrmNxzk3zFjlALiTCLiaFLihGijpHRjSHGkkIvlkIKn%hIKrhIstrIguCI4v3J$v%GF$vxFFvlF_ufFHudFAulErvlDTvlCiwcBiwcziw2ydvUw7uUwtsUwmrpxvqXxEpTybpQzKoDBoo1EXnYEyn%YEcnYEdmsEOlZDnlDCnlIBnlbBKlGA5mmA$m^YENpiE$pSCjqrBCq$AVqkAnrkA6skAQsSAmtpBTteCTt9DTt$DgtDEOsPE7sYEHrYEtq^1Flh%TClh%wzHd%lDHd" /><g i="12" c="1376" charCode="111" p="#^$wlp$wDnRx1mHyrkdABjMBLiGDLiCGLiuIFknKzmnKupnKqstImuAGiwIDiwWBiwiAvvHyHuRx8t$wAr$wlp^wAxpwAsrqBuslCvtHDvt1FvtXFusRGsrRGvpRGBnXFAm1FylHDyllCylqBAmwABnwAxp" /><g i="13" c="1416" charCode="7841" p="#^mA$m%fxrmNxzk3zFjlALiTCLiaFLihGijpHRjSHGkkIvlkIKn%hIKrhIstrIguCI4v3J$v%GF$vxFFvlF_ufFHudFAulErvlDTvlCiwcBiwcziw2ydvUw7uUwtsUwmrpxvqXxEpTybpQzKoDBoo1EXnYEyn%YEcnYEdmsEOlZDnlDCnlIBnlbBKlGA5mmA$m^YENpiE$pSCjqrBCq$AVqkAnrkA6skAQsSAmtpBTteCTt9DTt$DgtDEOsPE7sYEHrYEtq^LAVA%LAtx%bEtx%bEVA" /><g i="14" c="1419" charCode="109" p="#^xx1j%HA1j%HAOkoCLiKELi_FLiVGgjQHNjpIPkgJNjfKgjfLLinMLiONLiNOkjNPVjgQ1lDQSlDQJn%DQ$v%bN$v%bNBobNGmQM6mmMnlmLnlEKnl$JPlnJfm5J6nPIYnPINp%PI$v%nF$v%nFVonF0nbFtm0FVlDEEleEnlADnlNCnl8CPlwBemeB2nZARnZAIp%ZA$v%xx$v" /><g i="15" c="1420" charCode="99" p="#^5JTm%JFunyFtmXEZlkEslmDsl4CsljBlmyAdnyAipyABrjBys5CvtpDvtoEvt0FYsEFosUF1r%gJCrKIWtfH6vMFiwgDiwpAiwJyvu1xIs1xxp1xkmJyykqALijDLiHFLi4HMjuINk5JTm" /><g i="16" c="1424" charCode="110" p="#^AJ$v%8G$v%8Gop8GinWFHmIF3mcFJlJEnl1Enl8DnlqCSlJBlmsB9ncBZncB7q%cB$v%Mx$v%Mx1j%YA1j%YAXkFCLidFLimGLiiH9jeIzjJIckcJRkoJFlAJsmAJYn" /><g i="17" c="1480" charCode="63" p="#^9Fnr%2Cnr1CIq1Czq1C2pxC4o1D5nxETl1GFkkGhkNGHjNGYiNGZh_FghbFygQDygxCygEBihMA1irAzj%hxajqx_g8zsfTAWdGDWdEGWdnItf7K0h7K3j7KbkuJclRIdmLGYnFFSooFpp7FYp9Fnr^2C$v%2Czs%9Fzs%9F$v" /></glyphs></font></bwFonts>