<?xml version="1.0" encoding="utf-8"?>
<bwFrame xmlns:xsi="http://www.w3.org/2001/XMLSchema-instance" xmlns:xsd="http://www.w3.org/2001/XMLSchema" default_layout="pxabnsnfns00000100101" textdirection="ltr" device="false" fontscale="100" kbshortcuts="false" skip_nav_enabled="true" outputtype="undefined" theme="classic">
  <layouts>
    <layout name="npnxnanbsnfns00000100101" font="Articulate" controllayout="npnxnanbsnfns00000100101" colorscheme="pxabnsnfns00000100101" string_table="pxabnsnfns00000100101" />
    <layout name="pxabnsnfns00000100101" font="Articulate" controllayout="pxabnsnfns00000100101" colorscheme="pxabnsnfns00000100101" string_table="pxabnsnfns00000100101" />
    <layout name="npxnabnsnfns00000100101" font="Articulate" controllayout="npxnabnsnfns00000100101" colorscheme="pxabnsnfns00000100101" string_table="pxabnsnfns00000100101" />
    <layout name="npnxnanbnsnfns00000100101" font="Articulate" controllayout="npnxnanbnsnfns00000100101" colorscheme="pxabnsnfns00000100101" string_table="pxabnsnfns00000100101" />
    <layout name="pxabnsnfns00000100100" font="Articulate" controllayout="pxabnsnfns00000100100" colorscheme="pxabnsnfns00000100101" string_table="pxabnsnfns00000100101" />
  </layouts>
  <control_options>
    <optiongroups>
      <optiongroup name="sidebaroptions">
        <options>
          <option name="title_enabled" value="true">
            <options>
              <option name="title_text" value="phi_vu_khong_gian" />
            </options>
          </option>
          <option name="logo_enabled" value="false">
            <options />
          </option>
          <option name="sidebar_enabled" value="false">
            <options>
              <option name="sidebarpos" value="left" />
            </options>
          </option>
          <optionlist name="tabs">
            <listitems>
              <listitem name="resources" value="true" group="linkright" />
              <listitem name="outline" value="true" group="sidebar" />
              <listitem name="glossary" value="false" group="sidebar" />
              <listitem name="transcript" value="false" group="sidebar" />
            </listitems>
          </optionlist>
          <option name="time_enabled" value="false">
            <options>
              <option name="time_format" value="" />
            </options>
          </option>
          <option name="video_enabled" value="false">
            <options>
              <option name="height" value="135" />
            </options>
          </option>
        </options>
      </optiongroup>
      <optiongroup name="menuoptions">
        <options>
          <option name="flow" value="free" />
          <option name="wraplistitems" value="false" />
          <option name="tooltips" value="true" />
          <option name="autocollapse" value="true" />
          <option name="autonumber" value="false" />
          <option name="enableresultsicons" value="true" />
        </options>
      </optiongroup>
      <optiongroup name="controls">
        <options>
          <option name="volume" value="true" />
          <option name="seekbar" value="false">
            <options>
              <option name="readonly" value="false" />
            </options>
          </option>
          <option name="search" value="false" />
          <option name="pauseplay" value="false" />
          <option name="replay" value="false" />
          <option name="closed_captions" value="true">
            <options>
              <option name="font" value="Open Sans" />
            </options>
          </option>
        </options>
      </optiongroup>
      <optiongroup name="bottombaroptions">
        <options>
          <option name="bottombar_enabled" value="true" />
        </options>
      </optiongroup>
    </optiongroups>
  </control_options>
  <control_layouts>
    <control_layout name="npnxnanbsnfns00000100101">
      <control name="volume" enabled="true" />
      <control name="seekbar" enabled="false" />
      <control name="replay" enabled="false" />
      <control name="pauseplay" enabled="false" />
      <control name="logo" enabled="false" />
      <control name="previous" enabled="false" />
      <control name="next" enabled="false" />
      <control name="swipeleft" enabled="false" />
      <control name="swiperight" enabled="false" />
      <control name="submit" enabled="true" />
      <control name="finish" enabled="false" />
      <control name="submitall" enabled="false" />
      <control name="resources" enabled="true" />
      <control name="glossary" enabled="false" />
      <control name="transcript" enabled="false" />
      <control name="outline" enabled="false">
        <controls>
          <control name="search" enabled="false" />
        </controls>
      </control>
      <control name="close_btn" enabled="true" />
    </control_layout>
    <control_layout name="pxabnsnfns00000100101">
      <control name="volume" enabled="true" />
      <control name="seekbar" enabled="false" />
      <control name="replay" enabled="false" />
      <control name="pauseplay" enabled="false" />
      <control name="logo" enabled="false" />
      <control name="previous" enabled="true" />
      <control name="next" enabled="true" />
      <control name="swipeleft" enabled="true" />
      <control name="swiperight" enabled="true" />
      <control name="submit" enabled="false" />
      <control name="finish" enabled="false" />
      <control name="submitall" enabled="false" />
      <control name="resources" enabled="true" />
      <control name="glossary" enabled="false" />
      <control name="transcript" enabled="false" />
      <control name="outline" enabled="false">
        <controls>
          <control name="search" enabled="false" />
        </controls>
      </control>
      <control name="close_btn" enabled="true" />
    </control_layout>
    <control_layout name="npxnabnsnfns00000100101">
      <control name="volume" enabled="true" />
      <control name="seekbar" enabled="false" />
      <control name="replay" enabled="false" />
      <control name="pauseplay" enabled="false" />
      <control name="logo" enabled="false" />
      <control name="previous" enabled="false" />
      <control name="next" enabled="true" />
      <control name="swipeleft" enabled="false" />
      <control name="swiperight" enabled="true" />
      <control name="submit" enabled="false" />
      <control name="finish" enabled="false" />
      <control name="submitall" enabled="false" />
      <control name="resources" enabled="true" />
      <control name="glossary" enabled="false" />
      <control name="transcript" enabled="false" />
      <control name="outline" enabled="false">
        <controls>
          <control name="search" enabled="false" />
        </controls>
      </control>
      <control name="close_btn" enabled="true" />
    </control_layout>
    <control_layout name="npnxnanbnsnfns00000100101">
      <control name="volume" enabled="true" />
      <control name="seekbar" enabled="false" />
      <control name="replay" enabled="false" />
      <control name="pauseplay" enabled="false" />
      <control name="logo" enabled="false" />
      <control name="previous" enabled="false" />
      <control name="next" enabled="false" />
      <control name="swipeleft" enabled="false" />
      <control name="swiperight" enabled="false" />
      <control name="submit" enabled="false" />
      <control name="finish" enabled="false" />
      <control name="submitall" enabled="false" />
      <control name="resources" enabled="true" />
      <control name="glossary" enabled="false" />
      <control name="transcript" enabled="false" />
      <control name="outline" enabled="false">
        <controls>
          <control name="search" enabled="false" />
        </controls>
      </control>
      <control name="close_btn" enabled="true" />
    </control_layout>
    <control_layout name="pxabnsnfns00000100100">
      <control name="volume" enabled="true" />
      <control name="seekbar" enabled="false" />
      <control name="replay" enabled="false" />
      <control name="pauseplay" enabled="false" />
      <control name="logo" enabled="false" />
      <control name="previous" enabled="true" />
      <control name="next" enabled="true" />
      <control name="swipeleft" enabled="true" />
      <control name="swiperight" enabled="true" />
      <control name="submit" enabled="false" />
      <control name="finish" enabled="false" />
      <control name="submitall" enabled="false" />
      <control name="resources" enabled="true" />
      <control name="glossary" enabled="false" />
      <control name="transcript" enabled="false" />
      <control name="outline" enabled="false">
        <controls>
          <control name="search" enabled="false" />
        </controls>
      </control>
      <control name="close_btn" enabled="false" />
    </control_layout>
  </control_layouts>
  <colorschemes>
    <colorscheme name="pxabnsnfns00000100101">
      <color_group name="infopanel">
        <group_colors>
          <color name="link_text">
            <fill type="linear" rotation="90">
              <colors>
                <color rgb="0x7C2280" alpha="100" stop="0" />
              </colors>
            </fill>
          </color>
          <color name="link_hover">
            <fill type="linear" rotation="90">
              <colors>
                <color rgb="0x0000EE" alpha="100" stop="0" />
              </colors>
            </fill>
          </color>
          <color name="bg">
            <fill type="linear" rotation="90">
              <colors>
                <color rgb="0xFFFFFF" alpha="100" stop="0" />
              </colors>
            </fill>
          </color>
          <color name="shadow">
            <fill type="linear" rotation="90">
              <colors>
                <color rgb="0xB8B8B8" alpha="100" stop="0" />
              </colors>
            </fill>
          </color>
          <color name="name_text">
            <fill type="linear" rotation="90">
              <colors>
                <color rgb="0x444444" alpha="100" stop="0" />
              </colors>
            </fill>
          </color>
          <color name="title_text">
            <fill type="linear" rotation="90">
              <colors>
                <color rgb="0x999999" alpha="100" stop="0" />
              </colors>
            </fill>
          </color>
        </group_colors>
      </color_group>
      <color_group name="infopanelpopup">
        <group_colors>
          <color name="link_text">
            <fill type="linear" rotation="90">
              <colors>
                <color rgb="0x7C2280" alpha="100" stop="0" />
              </colors>
            </fill>
          </color>
          <color name="link_hover">
            <fill type="linear" rotation="90">
              <colors>
                <color rgb="0x0000EE" alpha="100" stop="0" />
              </colors>
            </fill>
          </color>
          <color name="bg">
            <fill type="linear" rotation="90">
              <colors>
                <color rgb="0xE9E9E9" alpha="100" stop="0" />
                <color rgb="0xCFCFCF" alpha="100" stop="255" />
              </colors>
            </fill>
          </color>
          <color name="shadow">
            <fill type="linear" rotation="90">
              <colors>
                <color rgb="0xB8B8B8" alpha="100" stop="0" />
              </colors>
            </fill>
          </color>
          <color name="name_text">
            <fill type="linear" rotation="90">
              <colors>
                <color rgb="0x444444" alpha="100" stop="0" />
              </colors>
            </fill>
          </color>
          <color name="bio_text">
            <fill type="linear" rotation="90">
              <colors>
                <color rgb="0x999999" alpha="100" stop="0" />
              </colors>
            </fill>
          </color>
        </group_colors>
      </color_group>
      <color_group name="timer">
        <group_colors>
          <color name="duration">
            <fill type="linear" rotation="90">
              <colors>
                <color rgb="0x00D7FF" alpha="100" stop="0" />
                <color rgb="0x00ABFF" alpha="100" stop="255" />
              </colors>
            </fill>
          </color>
          <color name="elapsed">
            <fill type="linear" rotation="90">
              <colors>
                <color rgb="0xFEE347" alpha="100" stop="0" />
                <color rgb="0xFCCC2A" alpha="100" stop="255" />
              </colors>
            </fill>
          </color>
          <color name="stroke">
            <fill type="linear" rotation="90">
              <colors>
                <color rgb="0xC7C7C7" alpha="100" stop="0" />
              </colors>
            </fill>
          </color>
          <color name="inner">
            <fill type="linear" rotation="90">
              <colors>
                <color rgb="0xFFFFFF" alpha="100" stop="0" />
              </colors>
            </fill>
          </color>
          <color name="text">
            <fill type="linear" rotation="90">
              <colors>
                <color rgb="0x555555" alpha="100" stop="0" />
              </colors>
            </fill>
          </color>
        </group_colors>
      </color_group>
      <color_group name="window">
        <group_colors>
          <color name="text">
            <fill type="linear" rotation="90">
              <colors>
                <color rgb="0x555555" alpha="100" stop="0" />
              </colors>
            </fill>
          </color>
          <color name="inner">
            <fill type="linear" rotation="90">
              <colors>
                <color rgb="0xEAEAEA" alpha="100" stop="0" />
                <color rgb="0xCFCFCF" alpha="100" stop="255" />
              </colors>
            </fill>
          </color>
          <color name="bg">
            <fill type="linear" rotation="90">
              <colors>
                <color rgb="0xF3F3F3" alpha="100" stop="0" />
              </colors>
            </fill>
          </color>
          <color name="diva">
            <fill type="linear" rotation="90">
              <colors>
                <color rgb="0xF7F7F7" alpha="100" stop="0" />
              </colors>
            </fill>
          </color>
          <color name="divb">
            <fill type="linear" rotation="90">
              <colors>
                <color rgb="0xD3D3D3" alpha="100" stop="0" />
              </colors>
            </fill>
          </color>
          <color name="shadow">
            <fill type="linear" rotation="90">
              <colors>
                <color rgb="0x000000" alpha="20" stop="0" />
              </colors>
            </fill>
          </color>
        </group_colors>
      </color_group>
      <color_group name="editor">
        <group_colors>
          <color name="slide_text">
            <fill type="linear" rotation="90">
              <colors>
                <color rgb="0x555555" alpha="100" stop="0" />
              </colors>
            </fill>
          </color>
          <color name="html_text">
            <fill type="linear" rotation="90">
              <colors>
                <color rgb="0x444444" alpha="100" stop="0" />
              </colors>
            </fill>
          </color>
          <color name="btn_bg">
            <fill type="linear" rotation="90">
              <colors>
                <color rgb="0xF5F5F5" alpha="100" stop="0" />
                <color rgb="0xC7C7C7" alpha="100" stop="255" />
              </colors>
            </fill>
          </color>
          <color name="btn_hover">
            <fill type="linear" rotation="90">
              <colors>
                <color rgb="0xF2F2F2" alpha="100" stop="0" />
                <color rgb="0xAFAFAF" alpha="100" stop="255" />
              </colors>
            </fill>
          </color>
          <color name="btn_down">
            <fill type="linear" rotation="90">
              <colors>
                <color rgb="0xC7C7C7" alpha="100" stop="0" />
                <color rgb="0xF4F4F4" alpha="100" stop="255" />
              </colors>
            </fill>
          </color>
          <color name="btn_border">
            <fill type="linear" rotation="90">
              <colors>
                <color rgb="0xB1B1B1" alpha="100" stop="0" />
              </colors>
            </fill>
          </color>
          <color name="btn_text">
            <fill type="linear" rotation="90">
              <colors>
                <color rgb="0x353535" alpha="100" stop="0" />
              </colors>
            </fill>
          </color>
          <color name="btn_text_shadow">
            <fill type="linear" rotation="90">
              <colors>
                <color rgb="0xF0F0F0" alpha="100" stop="0" />
              </colors>
            </fill>
          </color>
        </group_colors>
      </color_group>
      <color_group name="listitem">
        <group_colors>
          <color name="selected_text">
            <fill type="linear" rotation="90">
              <colors>
                <color rgb="0x353535" alpha="100" stop="0" />
              </colors>
            </fill>
          </color>
          <color name="lines">
            <fill type="linear" rotation="90">
              <colors>
                <color rgb="0xDFDFDF" alpha="100" stop="0" />
              </colors>
            </fill>
          </color>
          <color name="hover">
            <fill type="linear" rotation="90">
              <colors>
                <color rgb="0xE6E6E6" alpha="100" stop="0" />
              </colors>
            </fill>
          </color>
          <color name="viewed">
            <fill type="linear" rotation="90">
              <colors>
                <color rgb="0x909090" alpha="100" stop="0" />
              </colors>
            </fill>
          </color>
          <color name="text">
            <fill type="linear" rotation="90">
              <colors>
                <color rgb="0x353535" alpha="100" stop="0" />
              </colors>
            </fill>
          </color>
          <color name="selected">
            <fill type="linear" rotation="90">
              <colors>
                <color rgb="0xC0E2F1" alpha="100" stop="0" />
              </colors>
            </fill>
          </color>
          <color name="shadow">
            <fill type="linear" rotation="90">
              <colors>
                <color rgb="0xFFFFFF" alpha="100" stop="0" />
              </colors>
            </fill>
          </color>
        </group_colors>
      </color_group>
      <color_group name="base">
        <group_colors>
          <color name="text">
            <fill type="linear" rotation="90">
              <colors>
                <color rgb="0x555555" alpha="100" stop="0" />
              </colors>
            </fill>
          </color>
          <color name="diva">
            <fill type="linear" rotation="90">
              <colors>
                <color rgb="0xD3D3D3" alpha="100" stop="0" />
              </colors>
            </fill>
          </color>
          <color name="divb">
            <fill type="linear" rotation="90">
              <colors>
                <color rgb="0xF7F7F7" alpha="100" stop="0" />
              </colors>
            </fill>
          </color>
          <color name="bg">
            <fill type="linear" rotation="90">
              <colors>
                <color rgb="0xE9E9E9" alpha="0" stop="0" />
                <color rgb="0x000000" alpha="0" stop="255" />
              </colors>
            </fill>
          </color>
          <color name="border">
            <fill type="linear" rotation="90">
              <colors>
                <color rgb="0xE9E9E9" alpha="0" stop="0" />
                <color rgb="0xF3F3F3" alpha="0" stop="255" />
              </colors>
            </fill>
          </color>
          <color name="menu_shade">
            <fill type="linear" rotation="90">
              <colors>
                <color rgb="0xDBDBDB" alpha="100" stop="0" />
                <color rgb="0xC3C3C3" alpha="100" stop="255" />
              </colors>
            </fill>
          </color>
          <color name="slide_bg">
            <fill type="linear" rotation="90">
              <colors>
                <color rgb="0xE9E9E9" alpha="0" stop="0" />
                <color rgb="0xCFCFCF" alpha="0" stop="255" />
              </colors>
            </fill>
          </color>
        </group_colors>
      </color_group>
      <color_group name="button">
        <group_colors>
          <color name="btn_bg">
            <fill type="linear" rotation="90">
              <colors>
                <color rgb="0xF5F5F5" alpha="100" stop="0" />
                <color rgb="0xC7C7C7" alpha="100" stop="255" />
              </colors>
            </fill>
          </color>
          <color name="btn_hover">
            <fill type="linear" rotation="90">
              <colors>
                <color rgb="0xF2F2F2" alpha="100" stop="0" />
                <color rgb="0xAFAFAF" alpha="100" stop="255" />
              </colors>
            </fill>
          </color>
          <color name="btn_down">
            <fill type="linear" rotation="90">
              <colors>
                <color rgb="0xC7C7C7" alpha="100" stop="0" />
                <color rgb="0xF4F4F4" alpha="100" stop="255" />
              </colors>
            </fill>
          </color>
          <color name="btn_border">
            <fill type="linear" rotation="90">
              <colors>
                <color rgb="0xB1B1B1" alpha="100" stop="0" />
              </colors>
            </fill>
          </color>
          <color name="btn_text">
            <fill type="linear" rotation="90">
              <colors>
                <color rgb="0x353535" alpha="100" stop="0" />
              </colors>
            </fill>
          </color>
          <color name="btn_text_shadow">
            <fill type="linear" rotation="90">
              <colors>
                <color rgb="0xF0F0F0" alpha="100" stop="0" />
              </colors>
            </fill>
          </color>
          <color name="btn_icon_color">
            <fill type="linear" rotation="90">
              <colors>
                <color rgb="0x353535" alpha="100" stop="0" />
              </colors>
            </fill>
          </color>
          <color name="btn_glow">
            <fill type="linear" rotation="90">
              <colors>
                <color rgb="0xCFCFCF" alpha="100" stop="0" />
              </colors>
            </fill>
          </color>
        </group_colors>
      </color_group>
      <color_group name="checkbox">
        <group_colors>
          <color name="border">
            <fill type="linear" rotation="90">
              <colors>
                <color rgb="0xB8B8B8" alpha="100" stop="0" />
              </colors>
            </fill>
          </color>
          <color name="bg">
            <fill type="linear" rotation="90">
              <colors>
                <color rgb="0xFFFFFF" alpha="100" stop="0" />
              </colors>
            </fill>
          </color>
          <color name="check">
            <fill type="linear" rotation="90">
              <colors>
                <color rgb="0x33CC00" alpha="100" stop="0" />
              </colors>
            </fill>
          </color>
          <color name="text">
            <fill type="linear" rotation="90">
              <colors>
                <color rgb="0x444444" alpha="100" stop="0" />
              </colors>
            </fill>
          </color>
          <color name="hover">
            <fill type="linear" rotation="90">
              <colors>
                <color rgb="0x6BF8FF" alpha="100" stop="0" />
              </colors>
            </fill>
          </color>
        </group_colors>
      </color_group>
      <color_group name="logo">
        <group_colors>
          <color name="bg">
            <fill type="linear" rotation="90">
              <colors>
                <color rgb="0xFFFFFF" alpha="100" stop="0" />
              </colors>
            </fill>
          </color>
          <color name="shadow">
            <fill type="linear" rotation="90">
              <colors>
                <color rgb="0xB8B8B8" alpha="100" stop="0" />
              </colors>
            </fill>
          </color>
        </group_colors>
      </color_group>
      <color_group name="menu">
        <group_colors>
          <color name="bg">
            <fill type="linear" rotation="90">
              <colors>
                <color rgb="0xF3F3F3" alpha="100" stop="0" />
              </colors>
            </fill>
          </color>
          <color name="shadow">
            <fill type="linear" rotation="90">
              <colors>
                <color rgb="0xB8B8B8" alpha="100" stop="0" />
              </colors>
            </fill>
          </color>
        </group_colors>
      </color_group>
      <color_group name="scrollarea">
        <group_colors>
          <color name="bg">
            <fill type="linear" rotation="0">
              <colors>
                <color rgb="0xDEDEDE" alpha="100" stop="0" />
                <color rgb="0xE8E8E8" alpha="100" stop="128" />
              </colors>
            </fill>
          </color>
          <color name="border">
            <fill type="linear" rotation="90">
              <colors>
                <color rgb="0xF6F6F6" alpha="100" stop="0" />
                <color rgb="0xF3F3F3" alpha="100" stop="255" />
              </colors>
            </fill>
          </color>
          <color name="button_bg">
            <fill type="linear" rotation="90">
              <colors>
                <color rgb="0xC4C4C4" alpha="100" stop="0" />
                <color rgb="0xB2B2B2" alpha="100" stop="255" />
              </colors>
            </fill>
          </color>
          <color name="button_inner">
            <fill type="linear" rotation="90">
              <colors>
                <color rgb="0xCBCBCB" alpha="100" stop="0" />
                <color rgb="0xBABABA" alpha="100" stop="255" />
              </colors>
            </fill>
          </color>
          <color name="button_border">
            <fill type="linear" rotation="90">
              <colors>
                <color rgb="0xB8B8B8" alpha="100" stop="0" />
              </colors>
            </fill>
          </color>
          <color name="icons">
            <fill type="linear" rotation="90">
              <colors>
                <color rgb="0x555555" alpha="100" stop="0" />
              </colors>
            </fill>
          </color>
          <color name="shadow">
            <fill type="linear" rotation="90">
              <colors>
                <color rgb="0xD9D9D9" alpha="100" stop="0" />
              </colors>
            </fill>
          </color>
          <color name="detaila">
            <fill type="linear" rotation="90">
              <colors>
                <color rgb="0xA7A7A7" alpha="100" stop="0" />
              </colors>
            </fill>
          </color>
          <color name="detailb">
            <fill type="linear" rotation="90">
              <colors>
                <color rgb="0xCFCFCF" alpha="100" stop="0" />
              </colors>
            </fill>
          </color>
        </group_colors>
      </color_group>
      <color_group name="searchinput">
        <group_colors>
          <color name="bg">
            <fill type="linear" rotation="90">
              <colors>
                <color rgb="0xDFDFDF" alpha="100" stop="0" />
              </colors>
            </fill>
          </color>
          <color name="border">
            <fill type="linear" rotation="90">
              <colors>
                <color rgb="0xADADAD" alpha="100" stop="0" />
                <color rgb="0xFAFAFA" alpha="100" stop="255" />
              </colors>
            </fill>
          </color>
          <color name="icon">
            <fill type="linear" rotation="90">
              <colors>
                <color rgb="0x8A8A8A" alpha="100" stop="0" />
              </colors>
            </fill>
          </color>
          <color name="button_hover">
            <fill type="linear" rotation="90">
              <colors>
                <color rgb="0xF5F5F5" alpha="100" stop="0" />
                <color rgb="0xC7C7C7" alpha="100" stop="255" />
              </colors>
            </fill>
          </color>
          <color name="hover_glow">
            <fill type="linear" rotation="90">
              <colors>
                <color rgb="0x6BF8FF" alpha="100" stop="0" />
              </colors>
            </fill>
          </color>
          <color name="search_text">
            <fill type="linear" rotation="90">
              <colors>
                <color rgb="0x8A8A8A" alpha="100" stop="0" />
              </colors>
            </fill>
          </color>
          <color name="bg_active">
            <fill type="linear" rotation="90">
              <colors>
                <color rgb="0xFAFAFA" alpha="100" stop="0" />
              </colors>
            </fill>
          </color>
          <color name="text_active">
            <fill type="linear" rotation="90">
              <colors>
                <color rgb="0x333333" alpha="100" stop="0" />
              </colors>
            </fill>
          </color>
        </group_colors>
      </color_group>
      <color_group name="seekcontrol">
        <group_colors>
          <color name="bg">
            <fill type="linear" rotation="90">
              <colors>
                <color rgb="0xF5F5F5" alpha="100" stop="0" />
                <color rgb="0xC7C7C7" alpha="100" stop="255" />
              </colors>
            </fill>
          </color>
          <color name="border">
            <fill type="linear" rotation="90">
              <colors>
                <color rgb="0xB1B1B1" alpha="100" stop="0" />
              </colors>
            </fill>
          </color>
          <color name="seek_border">
            <fill type="linear" rotation="90">
              <colors>
                <color rgb="0xB8B8B8" alpha="100" stop="0" />
                <color rgb="0xEEEEEE" alpha="100" stop="255" />
              </colors>
            </fill>
          </color>
          <color name="seek_bg">
            <fill type="linear" rotation="90">
              <colors>
                <color rgb="0xE7E7E7" alpha="100" stop="0" />
              </colors>
            </fill>
          </color>
          <color name="seek_position">
            <fill type="linear" rotation="90">
              <colors>
                <color rgb="0xFFFFFF" alpha="100" stop="0" />
              </colors>
            </fill>
          </color>
          <color name="btn_icon_color">
            <fill type="linear" rotation="90">
              <colors>
                <color rgb="0x2D2D2D" alpha="100" stop="0" />
              </colors>
            </fill>
          </color>
          <color name="btn_icon_hover">
            <fill type="linear" rotation="90">
              <colors>
                <color rgb="0x555555" alpha="100" stop="0" />
              </colors>
            </fill>
          </color>
          <color name="btn_icon_shadow">
            <fill type="linear" rotation="90">
              <colors>
                <color rgb="0xF0F0F0" alpha="100" stop="0" />
              </colors>
            </fill>
          </color>
        </group_colors>
      </color_group>
      <color_group name="tabs">
        <group_colors>
          <color name="bg">
            <fill type="linear" rotation="90">
              <colors>
                <color rgb="0xF3F3F3" alpha="100" stop="0" />
              </colors>
            </fill>
          </color>
          <color name="text">
            <fill type="linear" rotation="90">
              <colors>
                <color rgb="0x555555" alpha="100" stop="0" />
              </colors>
            </fill>
          </color>
          <color name="selected">
            <fill type="linear" rotation="90">
              <colors>
                <color rgb="0x333333" alpha="100" stop="0" />
              </colors>
            </fill>
          </color>
          <color name="hover">
            <fill type="linear" rotation="90">
              <colors>
                <color rgb="0x333333" alpha="100" stop="0" />
              </colors>
            </fill>
          </color>
          <color name="shadow">
            <fill type="linear" rotation="90">
              <colors>
                <color rgb="0xF0F0F0" alpha="100" stop="0" />
              </colors>
            </fill>
          </color>
        </group_colors>
      </color_group>
      <color_group name="transcript">
        <group_colors>
          <color name="div">
            <fill type="linear" rotation="90">
              <colors>
                <color rgb="0xE1E1E1" alpha="100" stop="0" />
              </colors>
            </fill>
          </color>
          <color name="heading_text">
            <fill type="linear" rotation="90">
              <colors>
                <color rgb="0x444444" alpha="100" stop="0" />
              </colors>
            </fill>
          </color>
        </group_colors>
      </color_group>
      <color_group name="outline">
        <group_colors>
          <color name="diva">
            <fill type="linear" rotation="90">
              <colors>
                <color rgb="0xC6C6C6" alpha="100" stop="0" />
              </colors>
            </fill>
          </color>
          <color name="divb">
            <fill type="linear" rotation="90">
              <colors>
                <color rgb="0xF9F9F9" alpha="100" stop="0" />
              </colors>
            </fill>
          </color>
          <color name="divc">
            <fill type="linear" rotation="90">
              <colors>
                <color rgb="0xE1E1E1" alpha="100" stop="0" />
              </colors>
            </fill>
          </color>
          <color name="search_text">
            <fill type="linear" rotation="90">
              <colors>
                <color rgb="0x444444" alpha="100" stop="0" />
              </colors>
            </fill>
          </color>
          <color name="search_hover">
            <fill type="linear" rotation="90">
              <colors>
                <color rgb="0x0000EE" alpha="100" stop="0" />
              </colors>
            </fill>
          </color>
        </group_colors>
      </color_group>
      <color_group name="resource">
        <group_colors>
          <color name="separator">
            <fill type="linear" rotation="90">
              <colors>
                <color rgb="0xE0E0E0" alpha="100" stop="0" />
              </colors>
            </fill>
          </color>
        </group_colors>
      </color_group>
      <color_group name="glossary">
        <group_colors>
          <color name="selected_text">
            <fill type="linear" rotation="90">
              <colors>
                <color rgb="0x353535" alpha="100" stop="0" />
              </colors>
            </fill>
          </color>
          <color name="selected">
            <fill type="linear" rotation="90">
              <colors>
                <color rgb="0xC0E2F1" alpha="100" stop="0" />
              </colors>
            </fill>
          </color>
          <color name="text">
            <fill type="linear" rotation="90">
              <colors>
                <color rgb="0x353535" alpha="100" stop="0" />
              </colors>
            </fill>
          </color>
          <color name="hover">
            <fill type="linear" rotation="90">
              <colors>
                <color rgb="0xE6E6E6" alpha="100" stop="0" />
              </colors>
            </fill>
          </color>
          <color name="diva">
            <fill type="linear" rotation="90">
              <colors>
                <color rgb="0xE2E2E2" alpha="100" stop="0" />
              </colors>
            </fill>
          </color>
          <color name="divb">
            <fill type="linear" rotation="90">
              <colors>
                <color rgb="0xE2E2E2" alpha="100" stop="0" />
              </colors>
            </fill>
          </color>
          <color name="divc">
            <fill type="linear" rotation="90">
              <colors>
                <color rgb="0xFAFAFA" alpha="100" stop="0" />
              </colors>
            </fill>
          </color>
          <color name="bg">
            <fill type="linear" rotation="90">
              <colors>
                <color rgb="0xE7E7E7" alpha="100" stop="0" />
              </colors>
            </fill>
          </color>
          <color name="heading_text">
            <fill type="linear" rotation="90">
              <colors>
                <color rgb="0x444444" alpha="100" stop="0" />
              </colors>
            </fill>
          </color>
        </group_colors>
      </color_group>
      <color_group name="volume">
        <group_colors>
          <color name="thumb_border">
            <fill type="linear" rotation="90">
              <colors>
                <color rgb="0xA5A5A5" alpha="100" stop="0" />
              </colors>
            </fill>
          </color>
          <color name="thumb_inner">
            <fill type="linear" rotation="90">
              <colors>
                <color rgb="0xD4D4D4" alpha="100" stop="0" />
              </colors>
            </fill>
          </color>
          <color name="thumb_bg">
            <fill type="linear" rotation="90">
              <colors>
                <color rgb="0xC8C8C8" alpha="100" stop="0" />
              </colors>
            </fill>
          </color>
          <color name="slider_border">
            <fill type="linear" rotation="90">
              <colors>
                <color rgb="0xF2F2F2" alpha="100" stop="0" />
              </colors>
            </fill>
          </color>
          <color name="slider_bg">
            <fill type="linear" rotation="90">
              <colors>
                <color rgb="0xBCBCBC" alpha="100" stop="0" />
                <color rgb="0xBCBCBC" alpha="100" stop="128" />
                <color rgb="0xC3C3C3" alpha="100" stop="255" />
              </colors>
            </fill>
          </color>
        </group_colors>
      </color_group>
      <color_group name="HTML">
        <group_colors>
          <color name="htmlpage_bg_color">
            <fill type="linear" rotation="90">
              <colors>
                <color rgb="0xFFFFFF" alpha="100" stop="0" />
              </colors>
            </fill>
          </color>
        </group_colors>
      </color_group>
    </colorscheme>
  </colorschemes>
  <string_tables>
    <string_table name="pxabnsnfns00000100101">
      <string id="check_include">Check to include</string>
      <string id="clear">Clear and return to Menu</string>
      <string id="close">Close</string>
      <string id="acc_closed_captions">Closed captions. Press the spacebar to toggle captions on and off.</string>
      <string id="continue">Continue</string>
      <string id="continueresponsive">Continue</string>
      <string id="exit">Exit</string>
      <string id="filter">Filter</string>
      <string id="finish">FINISH</string>
      <string id="acc_finish">finish</string>
      <string id="definition">Definition</string>
      <string id="acc_definition">definition</string>
      <string id="glossary">Glossary</string>
      <string id="terms">Terms</string>
      <string id="outline">Menu</string>
      <string id="disabled_orientation">Please rotate your device</string>
      <string id="next">NEXT</string>
      <string id="acc_next">next</string>
      <string id="transcript_chk">Notes</string>
      <string id="transcript">Notes</string>
      <string id="bio">Bio</string>
      <string id="more_info">More info</string>
      <string id="closed_captions">Captions</string>
      <string id="acc_pause">pause</string>
      <string id="acc_play">play</string>
      <string id="send_an_email">Send an email</string>
      <string id="prev">PREV</string>
      <string id="acc_previous">previous</string>
      <string id="question_list">Question List</string>
      <string id="acc_replay">replay</string>
      <string id="resources">Resources</string>
      <string id="acc_resources">resources</string>
      <string id="restart">Restart</string>
      <string id="search">Search...</string>
      <string id="acc_search_input">search</string>
      <string id="search_in">Search in:</string>
      <string id="search_results">Search Results</string>
      <string id="acc_skipnavigation">Skip Navigation. Hit enter to return to the slide.</string>
      <string id="slide_text_chk">Slide Text</string>
      <string id="submitall">SUBMIT ALL</string>
      <string id="acc_submitall">submit all</string>
      <string id="submit">SUBMIT</string>
      <string id="acc_submit">submit</string>
      <string id="acc_volume">volume</string>
    </string_table>
  </string_tables>
  <fonts>
    <font name="Articulate">
      <files>
        <file bold="true" italic="false" />
        <file bold="false" italic="false" />
      </files>
    </font>
  </fonts>
  <sounds enabled="true" />
  <nav_data>
    <outline>
      <links>
        <slidelink slideid="_player.5a3qPCaKFzn" displaytext="Game Board" expand="true" type="slide">
          <links>
            <slidelink slideid="_player.5a3qPCaKFzn.6i1f6aNU0AN" displaytext="Untitled Slide" expand="false" type="slide" />
            <slidelink slideid="_player.5a3qPCaKFzn.5qq6iMJzBVT" displaytext="Title" expand="false" type="slide" />
            <slidelink slideid="_player.5a3qPCaKFzn.6cFBbe1YNbK" displaytext="Board" expand="false" type="slide" />
            <slidelink slideid="_player.5a3qPCaKFzn.6dPRPOayjt7" displaytext="Congratulations!" expand="false" type="slide" />
          </links>
        </slidelink>
        <slidelink slideid="_player.6YTlLEkvrHk" displaytext="Question Draws" expand="true" type="slide">
          <links>
            <slidelink slideid="_player.6YTlLEkvrHk.5szHN2w8HrP" displaytext="Draw from Question Bank 1" expand="false" type="slide" />
            <slidelink slideid="_player.6YTlLEkvrHk.5omVvXWmf9c" displaytext="Draw from Question Bank 1" expand="false" type="slide" />
            <slidelink slideid="_player.6YTlLEkvrHk.6acxOaS9udw" displaytext="Draw from Question Bank 1" expand="false" type="slide" />
            <slidelink slideid="_player.6YTlLEkvrHk.6Gq5qGiRLqz" displaytext="Draw from Question Bank 1" expand="false" type="slide" />
            <slidelink slideid="_player.6YTlLEkvrHk.5tI9FNEucUv" displaytext="Draw from Question Bank 1" expand="false" type="slide" />
            <slidelink slideid="_player.6YTlLEkvrHk.6X4yNZD3h2d" displaytext="Draw from Question Bank 1" expand="false" type="slide" />
            <slidelink slideid="_player.6YTlLEkvrHk.6ZxpYbej9ZA" displaytext="Draw from Question Bank 1" expand="false" type="slide" />
            <slidelink slideid="_player.6YTlLEkvrHk.5dWWUk7JfFb" displaytext="Draw from Question Bank 1" expand="false" type="slide" />
            <slidelink slideid="_player.6YTlLEkvrHk.6dJa1PY87JU" displaytext="Draw from Question Bank 1" expand="false" type="slide" />
            <slidelink slideid="_player.6YTlLEkvrHk.5k7MUIgx2Km" displaytext="Draw from Question Bank 1" expand="false" type="slide" />
            <slidelink slideid="_player.6YTlLEkvrHk.6g5Hw1kcuU7" displaytext="Draw from Question Bank 1" expand="false" type="slide" />
            <slidelink slideid="_player.6YTlLEkvrHk.62h0RdDLRFy" displaytext="Draw from Question Bank 1" expand="false" type="slide" />
            <slidelink slideid="_player.6YTlLEkvrHk.5cbmB26jrXU" displaytext="Draw from Question Bank 1" expand="false" type="slide" />
            <slidelink slideid="_player.6YTlLEkvrHk.6PVxtKg9ozK" displaytext="Draw from Question Bank 1" expand="false" type="slide" />
            <slidelink slideid="_player.6YTlLEkvrHk.64iYkEczFNq" displaytext="Draw from Question Bank 1" expand="false" type="slide" />
            <slidelink slideid="_player.6YTlLEkvrHk.5X0vxEYtjnJ" displaytext="Draw from Question Bank 1" expand="false" type="slide" />
            <slidelink slideid="_player.6YTlLEkvrHk.5rr6ZV3uQQp" displaytext="Draw from Question Bank 1" expand="false" type="slide" />
            <slidelink slideid="_player.6YTlLEkvrHk.5xQyR7mDtGQ" displaytext="Draw from Question Bank 1" expand="false" type="slide" />
            <slidelink slideid="_player.6YTlLEkvrHk.6eE1x6BUQWj" displaytext="Draw from Question Bank 1" expand="false" type="slide" />
            <slidelink slideid="_player.6YTlLEkvrHk.65iOZjZDUJI" displaytext="Draw from Question Bank 1" expand="false" type="slide" />
            <slidelink slideid="_player.6YTlLEkvrHk.6RXZRdUV7HF" displaytext="Draw from Question Bank 1" expand="false" type="slide" />
            <slidelink slideid="_player.6YTlLEkvrHk.5b0t5WWgo7F" displaytext="Draw from Question Bank 1" expand="false" type="slide" />
            <slidelink slideid="_player.6YTlLEkvrHk.641bfMJJnLB" displaytext="Draw from Question Bank 1" expand="false" type="slide" />
            <slidelink slideid="_player.6YTlLEkvrHk.6kBXgun90LG" displaytext="Draw from Question Bank 1" expand="false" type="slide" />
            <slidelink slideid="_player.6YTlLEkvrHk.6lrTIJkrDsw" displaytext="Draw from Question Bank 1" expand="false" type="slide" />
            <slidelink slideid="_player.6YTlLEkvrHk.5iIxXjkZ0AS" displaytext="Draw from Question Bank 1" expand="false" type="slide" />
            <slidelink slideid="_player.6YTlLEkvrHk.6RjkbGuXOn3" displaytext="Draw from Question Bank 1" expand="false" type="slide" />
            <slidelink slideid="_player.6YTlLEkvrHk.6mPYiMmbO16" displaytext="Draw from Question Bank 1" expand="false" type="slide" />
            <slidelink slideid="_player.6YTlLEkvrHk.5oPGC9utdIK" displaytext="Draw from Question Bank 1" expand="false" type="slide" />
            <slidelink slideid="_player.6YTlLEkvrHk.64uwulp8MBK" displaytext="Draw from Question Bank 1" expand="false" type="slide" />
            <slidelink slideid="_player.6YTlLEkvrHk.5rUYjLJ5TCR" displaytext="Draw from Question Bank 1" expand="false" type="slide" />
            <slidelink slideid="_player.6YTlLEkvrHk.5dlyHvacD0F" displaytext="Draw from Question Bank 1" expand="false" type="slide" />
            <slidelink slideid="_player.6YTlLEkvrHk.6Hfxu7LHZ9C" displaytext="Draw from Question Bank 1" expand="false" type="slide" />
            <slidelink slideid="_player.6YTlLEkvrHk.6RlT8s9VuYI" displaytext="Draw from Question Bank 1" expand="false" type="slide" />
            <slidelink slideid="_player.6YTlLEkvrHk.6HjVNEVJcXP" displaytext="Draw from Question Bank 1" expand="false" type="slide" />
            <slidelink slideid="_player.6YTlLEkvrHk.6b7eOAwiDeb" displaytext="Draw from Question Bank 1" expand="false" type="slide" />
            <slidelink slideid="_player.6YTlLEkvrHk.6IreeTAbPmZ" displaytext="Draw from Question Bank 1" expand="false" type="slide" />
            <slidelink slideid="_player.6YTlLEkvrHk.6crGD25Zlgu" displaytext="Draw from Question Bank 1" expand="false" type="slide" />
            <slidelink slideid="_player.6YTlLEkvrHk.6nSl8m4h1bl" displaytext="Draw from Question Bank 1" expand="false" type="slide" />
            <slidelink slideid="_player.6YTlLEkvrHk.6pYPderNXk8" displaytext="Draw from Question Bank 1" expand="false" type="slide" />
            <slidelink slideid="_player.6YTlLEkvrHk.6iaoDz2TFYx" displaytext="Draw from Question Bank 1" expand="false" type="slide" />
            <slidelink slideid="_player.6YTlLEkvrHk.5kCEPxgBllp" displaytext="Draw from Question Bank 1" expand="false" type="slide" />
            <slidelink slideid="_player.6YTlLEkvrHk.6KwiVKJ6uhJ" displaytext="Draw from Question Bank 1" expand="false" type="slide" />
            <slidelink slideid="_player.6YTlLEkvrHk.63pNPc43pH6" displaytext="Draw from Question Bank 1" expand="false" type="slide" />
            <slidelink slideid="_player.6YTlLEkvrHk.5lvTIPFTfM2" displaytext="Draw from Question Bank 1" expand="false" type="slide" />
            <slidelink slideid="_player.6YTlLEkvrHk.6VpzzwnyFe4" displaytext="Draw from Question Bank 1" expand="false" type="slide" />
            <slidelink slideid="_player.6YTlLEkvrHk.6FPSEXOwc4r" displaytext="Draw from Question Bank 1" expand="false" type="slide" />
          </links>
        </slidelink>
      </links>
    </outline>
  </nav_data>
  <resource_data description="&lt;p align='left'&gt;&lt;font face='Articulate' style='font-size: 11px;' size='11' color='#444444'&gt;Course Attribution and Resources&lt;/font&gt;&lt;/p&gt;">
    <resources>
      <resource url="https://community.articulate.com/users/DianaMyers" image="story_content/url.png" title="Course Created by Diana Myers" />
      <resource url="https://fonts.google.com/?query=bangers" image="story_content/url.png" title="Bangers Font" />
      <resource url="http://spaceipsum.com/" image="story_content/url.png" title="Space Ipsum Generator" />
      <resource url="https://us.fotolia.com/id/97023111" image="story_content/url.png" title="Monster Board Game Graphic" />
      <resource url="https://us.fotolia.com/id/76937581" image="story_content/url.png" title="Space Monsters" />
      <resource url="https://us.fotolia.com/id/77489813" image="story_content/url.png" title="Rocket" />
      <resource url="https://us.fotolia.com/id/77523886" image="story_content/url.png" title="Monster Backrgound" />
      <resource url="https://us.fotolia.com/id/107744919" image="story_content/url.png" title="Green Cube" />
      <resource url="https://us.fotolia.com/id/100084061" image="story_content/url.png" title="Red Barrel" />
      <resource url="http://www.freesound.org/people/Ethraiel/sounds/351569/" image="story_content/url.png" title="Blip Sound" />
      <resource url="http://www.freesound.org/people/cydon/sounds/126507/" image="story_content/url.png" title="Rocket Sound" />
      <resource url="http://www.freesound.org/people/ekfink/sounds/235484/" image="story_content/url.png" title="Dice Roll Sound" />
      <resource url="http://www.freesound.org/people/RICHERlandTV/sounds/216090/" image="story_content/url.png" title="Bad Beep Sound" />
    </resources>
  </resource_data>
  <transcript_data />
  <glossary_data />
</bwFrame>