﻿<?xml version="1.0" encoding="utf-8"?><bwFonts xmlns:xsi="http://www.w3.org/2001/XMLSchema-instance" xmlns:xsd="http://www.w3.org/2001/XMLSchema" fontfactoryurl="story_content/FontFactory.swf"><font id="00" name="Open SansBold Charset1_ 6GhN7YimvOF"><glyphs><g i="0" c="384" charCode="89" p="%^ODvlwH9eBL9eGF3pGF$vWB$vWBap$v9e5A9e" /><g i="1" c="385" charCode="111" p="#^WA9pWAbrABesfCgtLDgtfFgtUFesyGcryG9pyG7nUF6meF5lKD5leC5lAB6mWA6nWA9p^mK9pmKusBInuRGfwIDfwKBfweAovKyxuWxWs7xir7x9p7xPlSyYjCA5iND5iLF5ifHYiLIOjyJplmK$mmK9p" /><g i="2" c="386" charCode="117" p="#^DH$v%7Hgu%XGgukGdveFKv8EfwKCfwkAfw5zZuTxGtTxfr%Txmi%CBmi%CBkqCBPr7CysFChtODhtnFht3GesMGbrMGNo%MGmi%uKmi%uK$v" /><g i="3" c="387" charCode="32" p="#" /><g i="4" c="388" charCode="109" p="#^aK$v%sG$v%sG1osGzmYFQlsF4loE4lZC4ljC7mGBanGBAp%GB$v%Yx$v%Yxmi%OAmi%iB5k%vB5k3C9j5DDi7E5itF5ixI5iDJ5k%YJ5kvK8jzLDiEM5i_N5iiQ5iuRhjGStkGS5n%GS$v%XO$v%XO1oXOzmrOQlYN4lUM4lxL4lRK3maK1naK9p" /><g i="5" c="389" charCode="115" p="#^tHYrtH2u$F9vyEfwFBfw9Afw6z2w3yRv8xsv%8xosbyTsuzctNAxtMBxtODxtODmsODWrxDFrgDnrBC1rXBGqRAcqgzypxy_oOxqosxIn7xZm7xVl7x5kxy5jXz5ixC5i$E5ikHaj%cGSlaFqlhE8loDSktCSkQASkQALlQAfmmBDmUB_mGDInhFmo0GWoMGtp6HcqtHXqtHYr" /><g i="6" c="390" charCode="116" p="#^IDhtHEht2GSs%2GDvFEfwDCfwoAfwnz7vmy$tmyKr%my9l%Aw9l%AwAj%Dyki%Izsf%4Csf%4Cmi%VFmi%VF9l%4C9l%4CKr4CxswCVsZChtIDht" /><g i="7" c="391" charCode="99" p="#^vDfw7xfw7xfp7xMlSyXjBA5iQD5icG5i4I0j%_GVl5GylkFklAE5lQD5lWA5lWAdpWAetQDetVEetPFYsKGFsFH2s%FHevLGPvQF1wVEfwvDfw" /><g i="8" c="392" charCode="112" p="#^sFfw2DfwGBvu%uBvuGBcwGBuw%GB$B%Yx$B%Yxmi%_Ami%vB7k%GB7k_C5iyF5iZH5ikJZjIKQlIK9pIKlr3KYsqJzueIpv2HfwsFfw^mE4lZC4lkCXlIBNmGBKo%GB7pGBkrkChs_CetpEetVGetVG6pVG5nhG5mGF4lmE4l" /><g i="9" c="393" charCode="108" p="%^GB$vYx$vYx$cGB$c" /><g i="10" c="394" charCode="101" p="#^CDLkqCLkLBvl4Bfm_ADn%cGDnaGfmtFvlNELkCDLk^7EfwQAfwZyru7xCs7xhp7xRlQyZjyA5iAD5itG5i4ILjHJolHJio%HJ6q%UA6qYAIrQBBsJCutiEutxFutDGetKHZsWIps%WIhvYHNvQG0wJFfw7Efw" /><g i="11" c="395" charCode="104" p="#^zK$v%QG$v%QG1oQG4lEE4l3D4lmC8mGBcnGBAp%GB$v%Yx$v%Yx$c%GB$c%GBTgGBkhBB$i%vB5k%IB5kYC5iFF5i3I5ijJojzKHkzK5n" /><g i="12" c="396" charCode="113" p="#^CDkt1FktHFwslGIrpGGp%pGdppG1nJF4m2F7lyD7lWA7lWAfpWAirABjseCktCDkt^hCfwSzfwuyou7xxs7xcp7xSlwy_jWz5imC5iED5iCEBiAF4jjG5k%pG5k%KGmi%UJmi%UJ$B%9G$B%9Ghw9GxvjGeu%9GeuyFdvzEKvADfwhCfw" /><g i="13" c="397" charCode="105" p="#^OxQeOx$cQz$cRB$cRBQeRBHfkBagQAFgQzFgOxFgOxQe^GB$v%Yx$v%Yxmi%GBmi" /><g i="14" c="398" charCode="110" p="#^zK$v%QG$v%QG1oQGzmiGQlNF4lEE4l3D4lmC7mGBanGBAp%GB$v%Yx$v%Yxmi%OAmi%iB5k%vB5k7C6jdDCijE5iIF5i5I5ikJojzKGkzK5n" /><g i="15" c="399" charCode="98" p="#^yF5iZH5ikJ_jIKTlIK9pIKxshJouTHfwsFfw2DfwGBvu%qBvu%OA$v%Yx$v%Yx$c%GB$c%GBqhGBgixB7k%GB7k_C5iyF5i^mE4lZC4lkCXlIBNmGBKo%GB7pGBkrkChs_CetpEetyFetdGbsVG7rVG6pVG5ndG5myF4lmE4l" /><g i="16" c="400" charCode="57344" p="#^vF9l%hC9l%hC$v%yy$v%yy9l%vw9l%vwmj%yymi%yymhyy1fHzYdRATcnDTcjFTcPGsd%SFbgKEQfNDQf_CQfDCighCMghCvh%hCmi%vFmi" /><g i="17" c="401" charCode="114" p="#^AF5ikG5iQGci%yGHl5GAlsFAlGDAlGCvmGBpnGB2p%GB$v%Yx$v%Yxmi%MAmi%kBEk%vBEk8CvjdDOiiE5iAF5i" /><g i="18" c="403" charCode="103" p="#^QJli%QJek%IHNkhIIlhIRmhI2pLGhqdFvrvCvr%QBtr%hBprIARrIAnsIAbtLCbt%4FbtjHbtuI9uGJ6vGJZwGJmzGHGAHF$BYB$B5z$BAx$A4w0A4wdy4w_wRw9wCxkv5zZuxyKu5ybuGxDtGx$sGxds7yIrAybrrzHqmydqJxcp5xao5xMm5xxkyyjj$z5iIC5ihD5i3EciREii4Fli^izXxizIy1A8zMAAz6CAz6EAzeF1znGuynGxxnGLwIFsw1FawDDaw%IBawGAaw_zFwiz8xizXx^FAQmFAXn9BBoGBepICepLDepeEBoKEXnKEQmKEmkICmkFAmkFAQm" /><g i="19" c="404" charCode="46" p="#^qxfuqxdtZxIsxyasAzasBAas8BJsIBftIBfuIBdv8BNvAAkwAzkwyykw_xNvqxevqxfu" /><g i="20" c="405" charCode="69" p="%^wI$vfy$vfy9ewI9ewIfh1Cfh1Cal4Ial4Igo1Cgo1CTswITs" /><g i="21" c="406" charCode="121" p="#^$vmi%4Ami%FC1q_C1r6Dps%aDpsjD8rID1q%eGmi%dKmi%sELxFDTzbCXAJA$BLy$BNx$BSwOB%SwRyxx$yjy$yjz$y2AoyNAOxcBAw%qBVv" /><g i="22" c="407" charCode="97" p="#^CG$v%UF9u%OF9uSElvSDOvTCfwgBfwjzfway7v2x$t2xXr2xMpzyKo5AIn9DBn%wFwn%wFWmwFRkoDRkMBRkyzQl%jyjjGA4iyD4ihG4iLHhjdJtkdJVm%dJ$v^wFHp%4EKpsCNpFBkqTASqTAYrTAxtGCxtZDxtKEOswF2swFPq" /><g i="23" c="408" charCode="57345" p="#^vF9l%hC9l%hC$v%yy$v%yy9l%vw9l%vwmj%yymi%yymhyy1fHzYdRATcnDTcjFTcPGsd%SFbgKEQfNDQf_CQfDCighCMghCvh%hCmi%vFmi^uHQeuH$cwJ$cxL$cxLQexLHf0LagwKFgwJFguHFguHQe^mL$v%EH$v%EHmi%mLmi" /><g i="24" c="409" charCode="100" p="#^hCfwTzfwvyou7xws7xcp7xRlwyZjWz5inC5iYE5ijG5k%rG5k9Gzi9Gnh%9G$c%UJ$c%UJ$v%1H$v%jGeu%9GeuTEfwhCfw^ADht0FhtGFsslGDrpGDp%pGeppG1nJF4m2F7lwD7lhC7lABbmUAenUAfpUAgrABhshChtADht" /><g i="25" c="410" charCode="119" p="%^aJ$v7IerIGclDGcl7E$v7A$vfwmiYzmixBpo#VB0qiCTsnCTs#qCYrOCXp$CVoHEmiNImioKVo#rKapxKIp#EKdqKKPq#RKprWKZr#$Kxs0LTs4LTs#bL$rtLtq#LLXoTLpowNmi9RmieN$v" /><g i="26" c="411" charCode="58" p="#^qxfuqxdtZxIsxyasAzasBAas8BJsIBftIBfuIBdv8BNvAAkwAzkwyykw_xNvqxevqxfu^qxakqx8jZxDixy5iAz5iBA5i8BEiIBajIBakIB9l7BIlzAfmAzfmyyfm_xJlqxalqxak" /><g i="27" c="412" charCode="87" p="#^DP$v%kL$v%VIDmMI7mrIzk7I_i4Isi$H6jIHAkqH1mfHFm%RE$v%yA$v%$v9e%Jz9e%$BUnCCBqTCzsYCTrcDqqtDYoID9o%iG9e%TJ9e%uM9oFMQoVMcqaNAriNzsqNDrHNcqYNNoaOUn%sQ9e%aU9e" /><g i="28" c="413" charCode="107" p="%^xBAo9DvmZGmiaLmiLFhovL$vcH$vhDtqGBLrGB$vYx$vYx$cGB$cGBuluBAo" /><g i="29" c="414" charCode="57346" p="#^vF9l%hC9l%hC$v%yy$v%yy9l%vw9l%vwmj%yymi%yymhyy1fHzYdRATcnDTcjFTcPGsd%SFbgKEQfNDQf_CQfDCighCMghCvh%hCmi%vFmi^bP9l%ZL9l%ZL$v%eI$v%eI9l%bG9l%bGmj%eImi%eImheI1fnJYdxKTc3NTc$OTcvQsd%yPbgqOQftNQfGMQfjMigZLMgZLvh%ZLmi%bPmi" /><g i="30" c="415" charCode="63" p="#^nz4q%nzapnz$nTz8nnAgmIBhl_CnkoDOjODdjODwiODJhcDjhDCUgABUgLzUgpx5i%4wqfOyUdRBUdmEUdRF6fkHjgkHkikHGjJGFk6GDloERmdDInVC9oCCCoCClp%CC4q^_yfu_ydtxzIs4Aas7Bas8CasHCJsfDftfDfufDdvHCNv7Ckw7Bkw5AkwxzNv_yev_yfu" /></glyphs></font><font id="10" name="Open Sans Charset1_ 6SDXagCeiEj"><glyphs><g i="0" c="384" charCode="79" p="#^XN3nXNlrMLOtCJfwLFfwPBfwGzRtxxqrxx1nxxGiGzhgQBTdNFTdDJTdNLkgXNMiXN3n^Jz3nJzHqgBzsPCruLFruJIrueKAsLLIqLL3nLLsjeKBhKIKfNFKfPCKfgBChJzujJz3n" /><g i="1" c="385" charCode="75" p="%^lL$vVI$voClnxA$oxA$vsy$vsy9exA9exA$mDI9e4L9eUDVl" /><g i="2" c="386" charCode="89" p="%^$C4nLH9e$J9e2E4p2E$vXB$vXBap$v9egy9e" /><g i="3" c="387" charCode="101" p="#^ODfwQAfw6zsupxEspxqppxbm$yhkBAnihDniOFnifH1kJIHlJIoo%JIGp%vzGpzz1sHAgtQBuuTDuu1Guu9IAt%9Iov4HRv6G2w9FfwODfw^fD4kEB4kGA7lJzamyz1o%yG1oyG6mHF5lRE4kfD4k" /><g i="4" c="388" charCode="115" p="#^NGmsNGduoFev$DfwuBfwPyfwkxpv%kxwtiy0uoziuvAAuxBAu6DAuZD4uQEztQExsQELr8EbrtDDqvBTpEzapRyFo3y8oGxunixQmixVlixgkDykjYznigCnirEnivGfj%NFVkMD4k7C4kHA4kYzxkdz_kdzMldzjmuzHmMz3nnApn_ALnJCoo6FgpXF8qNG0rNGms" /><g i="5" c="389" charCode="78" p="%^oM$v0K$vgA1haA1h#nAFjnASlnA$vsy$vsy9eOA9ewK4tDK4t#BKKsvKYq#qKapsKoosK9eoM9e" /><g i="6" c="390" charCode="111" p="#^HJipHJAs1IquoGfwuDfwIBfwjApvWyzu9y_spxprpxippx1m1zckGAniADnioGni1IfkHJ6mHJip^vzipvzSrwActyByuyDyuxFyuzGdtBHTrBHipBHLmzGqlxF5kwD5kxB5kwAplvzImvzip" /><g i="7" c="391" charCode="67" p="#^5GLf9DLfsBJhLzGjLz4nLzAqoBvs1Dpu3GpuXHpukKKt%kKyvtIfwLFfwPBfwGzStxxtrxx2nxxikzydiBz8gxB0fuDUd6GUdWIUd0LWe%8KIg7ILf5GLf" /><g i="8" c="392" charCode="114" p="#^fEni8FniRFwi%zFpkKEdk6EdkuCdkkBylaASmaAQo%aA$v%8y$v%8yDi%PzDi%2A5l%9A5lUAOjXB5j$CnifEni" /><g i="9" c="393" charCode="99" p="#^vDfwBAfw$ytupxGspxoppx1m0zckEAniDDniBEnizFBixGOi4H4j%sGOkNFxk_EmkbEakADakvzakvznpvzRrvAatvBuusDuu7FuuTGMt%TGzvxFfwvDfw" /><g i="10" c="394" charCode="116" p="#^tCAu0DAuwDvu0EquiEku%iEUvZD2wkD8wHCfwaCfwiyfwiy9s%iyck%nwck%nwej%iyoi%9zxf%kAxf%kADi%cEDi%cEck%kAck%kA4skAhtUAXttBAutCAu" /><g i="11" c="395" charCode="73" p="%^sy$vsy9exA9exA$v" /><g i="12" c="396" charCode="110" p="#^iH$v%iHlniHIlyGVkPF5keE5k7C5k8BelaAmmaA_o%aA$v%9y$v%9yDi%OzDi%7Ask%dAskRAtjZBWi5DnitEniUGni6IyjkJIkkJgn%kJ$v" /></glyphs></font><font id="20" name="UTM American Sans Charset1_ 6fJvV6PEIFo"><glyphs><g i="0" c="256" charCode="86" p="%^PLrcyG$vMA$v$vrckBrcLDap5Grc" /><g i="1" c="257" charCode="7840" p="#^IJ$v%wE$v%wEws%_Aws%_A$v%$v$v%$vKi$vZfUx3eOz9cJCacIFccIHceIJcgIJ8j^wE6o%wEfjwEqi0ENhwD8hJC8hWB8hsBOh_Asi_Afj%_A6o^sEAzsEgAXDNArDiBJCiB%JCiB_BiBtBNAYAgAYAAzYARytBky_BPxJCPxrDPxXDkysERysEAz" /><g i="2" c="260" charCode="67" p="#^WIpveHkwVEkwUCkw9BBvdzOu1yft$vDq$vnm$vmj4x4hdyIeuAndAC7c2F7c0H7cNIXc%NI$hiH8hLF8hUD8hLCmirBJjqBjmoBToQCdq2EorWForGHorWIoq" /><g i="3" c="261" charCode="72" p="%^tJ$vyE$vyE$qUA$qUA$v$v$v$vrcUArcUAdmyEdmyErctJrc" /><g i="4" c="262" charCode="32" p="#" /><g i="5" c="263" charCode="88" p="%^aMrcGHOl5M$v7G$v6E6qUB$v4w$vIAVl$vrcUBrc9ELh7Grc" /><g i="6" c="264" charCode="85" p="#^BJIqBJntsHYuvFmwJCkw_zjw5yVu$vlt$vJq%$vrc%WArc%WAopWAirRCirFEkrFElp%FErc%BJrc" /><g i="7" c="265" charCode="7844" p="%^IJ$vwE$vwEws_Aws_A$v$v$v$vKi#$vZfUx3e#Oz9cJCac#IFccIHce#IJcgIJ8j^wE6owEfj#wEqi0ENh#wD8hJC8h#WB8hsBOh#_Asi_Afj_A6o^ZGobiEobOCa9iBobFyobuBL79EL7^QJR4SHC8NFC8OGR4" /><g i="8" c="266" charCode="84" p="%^pIbhwEbhwE$vFz$vFzbh$vbh$vrcpIrc" /><g i="9" c="267" charCode="80" p="#^EJgkBJynIHKpQFWr$CWr%UAWr%UA$v%$v$v%$vrc%YCrcZFrcPHHeGJWgEJgk^LEnkLEZi9E5itD5h7C5h%UA5h%UABn%7CBnIEBnLEnk" /><g i="10" c="270" charCode="193" p="#^IJ$v%wE$v%wEws%_Aws%_A$v%$v$v%$vKi$vZfUx3eOz9cJCacIFccIHceIJcgIJ8j^wE6o%wEfjwEqi0ENhwD8hJC8hWB8hsBOh_Asi_Afj%_A6o^kFL7%lDvb%hBvb%iCL7" /><g i="11" c="271" charCode="115" p="#^yEglICnkFBxkuAIkuABluA7m4BBmUBdnJCRnFDDo9EkpLEdqLEorLEctsDBuZBbwszbwWxbw$vBv%$vFrtw6slxssdyNs$yNsFzNs1AvsyA9syAAryAZq_zsq7zTpxxDo5won5wul5wnkDwnjQx8h$AYgICRgyEnh" /><g i="12" c="274" charCode="101" p="#^nIIp%pAIppA4rpBQriCtsLDts9GtsNH2r%NHavFFawfDaw7AawcypuWvhs$v2o4wBkfyEi2A4hnC2h%nC2hsF0h0HdjqIalqIvoqI6pnIIp^iEJmeESlFDkl4DOkiCMkyBMkZAjlpASlkAJm" /><g i="13" c="275" charCode="116" p="#^RDVvOC5wRB5wQz5wFy6vux7uuxfs%uxtk%$vtk%$vfh%uxfh%uxde%OBGc%OBfh%DDfh%DDtk%OBtk%OBfrOBssRCssfDssRDhs" /><g i="14" c="276" charCode="102" p="#^cEsfDDhfcDhf4Chf4Csg%4Cfh%DDfh%DDpk%4Cpk%4C$v%Ox$v%Oxpk%$vpk%$vfh%Oxfh%OxtfOxDd1zFcaAIbdCIb9DIbcEUb" /><g i="15" c="277" charCode="111" p="#^BIQkpJvmpJFopJOrNHQtRFbwFCbw%FCbwAzbwDxOt1wOr1wFo1wumQwQkGx4jiz4iRA7hFC7hvE7h2G4iLH2jBIQk^7FIo7FYmpEVlKDWkFCWkDBWkYAYliA_mgAIogAlqXAnrDBpsFCpsIDpsqEor9Fnq7FIo" /><g i="16" c="278" charCode="110" p="#^GH$v%nD$v%nDnmnDDlVCblrCLkQBLkvALkdAnm%dA$v%$v$v%$vfh%dAfh%dAcisAOhhBwh6Ceh6Dfh$EkhbGhiGHxjGH5m" /><g i="17" c="279" charCode="119" p="%^kOfhVL$vsG$veFgnUD$vsy$v$vfhoAfhuB7qOCfhyHfhSI7qWJfh" /><g i="18" c="280" charCode="97" p="#^pH$v%1D$v%1DhvNB4wuA4wIy4wqxLu9wqt$vqr%$vqrTv2pqxxnTy5m1B5m3C5m1Dum1DglRC4llCskSAskqyskqxBl%qxNhmzWgNBWgaEWgFFThpH$ipHgl^$CWr%$CZpUCDpwCpp9CapJBcp4BdpDAJpaAdqaAYqaAGrDAbs4BHsJBIsJCLs$CWr" /><g i="19" c="281" charCode="105" p="#^IAheIApf4A7gszRgnyRggxRgEw7g1wpf1whe1wadEwscgxJbnyIb%nyIbszIb4ArcIAadIAhe^vA$v%dw$v%dwfh%vAfh" /><g i="20" c="282" charCode="117" p="#^KH$v%tD$v%tD4vdDvvlCOvuB5wsA4wIy2wsxTu$vwt$vir%$vfh%iAfh%iAJqiAwrMA0sfBvsTBvsaDvssDLq%sDfh%KHfh" /><g i="21" c="283" charCode="108" p="%^gA$v$v$v$vrcgArc" /><g i="22" c="284" charCode="104" p="#^HH$v%oD$v%oDpmoDDlVCblqCLkOBMkxAOkgAlm%gA$v%$v$v%$vrc%gArc%gAYhuADhnBjhhC$gkD$g9F$giG0iHHjjHH_l" /><g i="23" c="285" charCode="100" p="#^AI$v%nE$v%kEbvtD4wTB4wBz4wSx$t1wQr$vFo%$vFoZvmlBxhjdzbhGBbh_BbhfCchoDkhkEWh%kErc%AIrc^kEOp%kErnZDflnCflkAfllAFolA3snC2sZD0skEOp" /><g i="24" c="286" charCode="98" p="#^AIFo%AIFoAIQrLGZt0F1wLC1w7B1wgA5v%gA$v%$v$v%$vrc%gArc%gAWhaBkhkCchDCbhWCbhnFbh_GhjBImlAIFo^fEFohEfldCflDAflgArn%gAOpCA0sdC2seE3sfEFo" /><g i="25" c="287" charCode="114" p="#^CDgloCclvBJlJA9msA_mgAyngAGo%gA$v%$v$v%$vfh%gAfh%gAKiJA5iHBFhFCchCDbh" /><g i="26" c="288" charCode="99" p="#^IFtvsEawICawlzawAxTt2wWr2wLo2wumTwOkJx$ioz0iZA4hQC4hiE4hBFIh%BFulvEQknDQk4CQkfBJllALmkAIokACqkBDrcCvsyDvsOEvsIFNr" /><g i="27" c="289" charCode="47" p="%^yEdaBxfy$vfy$Cda" /><g i="28" c="290" charCode="73" p="%^TA$v$v$v$vrcTArc" /><g i="29" c="291" charCode="118" p="%^LIfh9F$vBz$v$vfhyAfhnCRqeEfh" /><g i="30" c="292" charCode="39" p="%^QzrcOx0i$v0iDwrc" /><g i="31" c="293" charCode="103" p="#^BImvBIqylG9ApEFBABFB4zFBmxvA%mxbw1y4x7zAxdA5ylB5yFC5ysDsxlEJwkEqv%kEqv%kE7v$C4wAB4wVy4wkxAtZvqr$vCo1wilxxdj2z8hsB8hNB8h6CbhFDnhkE5i%kEfh%BIfh^kEOp%kErnZDclnCclnAallAAokAYrnCYrZDYrkEOp" /><g i="32" c="294" charCode="33" p="#^LAfc%LzsqJzvqIzvq%WwvqTwvqTwsq%$vfc$vcc2wcc%IAccLAccLAfc^uAOtuATuUzAvizhwfyfwcxfwCwzv1wSu1wOt1wLsDw2sdxlrfylrgznrTz3suALsuAOt" /><g i="33" c="295" charCode="89" p="%^qMrcGG9pGG$vNB$vNB9p1wrcQBrcfEDjTGrc" /><g i="34" c="298" charCode="112" p="#^AIooBIKrYGVtkF4wTC4wCC4wkC1w%kC1w7BVvgAiv%gArB%$vrB%$vfh%gAfh%gA8iUAshvCfhRCehaDehBFeh3HbjyI8lAIoo^fECofEclcCclCAclgAsn%gAQpDA$rcC$rfE$rfECo" /><g i="35" c="299" charCode="46" p="%^dA$v$v$v$vwrdAwr" /><g i="36" c="300" charCode="121" p="#^LHywLH$yHFiAUDqBaBqBpyqBxwnA%xwswmy$xYA$xtD$xtDkw%tD7vfDvvwCMvNB1wRA1wVy1wBxTu$vst$vzq%$vfh%lAfh%lAIqlAtrPAZriBtsWBtscDtstDJq%tDfh%LHfh" /><g i="37" c="301" charCode="225" p="#^pH$v%1D$v%1DhvNB4wuA4wIy4wqxLu9wqt$vqr%$vqrTv2pqxxnTy5m1B5m3C5m1Dum1DglRC4llCskSAskqyskqxBl%qxNhmzWgNBWgaEWgFFThpH$ipHgl^$CWr%$CZpUCDpwCpp9CapJBcp4BdpDAJpaAdqaAYqaAGrDAbs4BHsJBIsJCLs$CWr^zErc%ACcg%vAcg%xBrc" /><g i="38" c="302" charCode="237" p="%^gA$v$v$v$vfhgAfh^gArciycgdwcgfxrc" /><g i="39" c="303" charCode="7879" p="#^nIIp%pAIppA4rpBQriCtsLDts9GtsNH2r%NHavFFawfDaw7AawcypuWvhs$v2o4wBkfyEi2A4hnC2h%nC2hsF0h0HdjqIalqIvoqI6pnIIp^iEJmeESlFDkl4DOkiCMkyBMkZAjlpASlkAJm^yG5g%UD5g%oCTd%VA5g%dy5g%2Brc%KDrc^bEAzbEgAGDNAaDiBrCiB%rCiBJBiBcBNAHAgAHAAzHARycBkyJBPxrCPxaDPxGDkybERybEAz" /><g i="40" c="304" charCode="7899" p="#^7FIo7FYmpEVlKDWkFCWkDBWkYAYliA_mgAIogAlqXAnrDBpsFCpsIDpsqEor9Fnq7FIo^eFrc%fDcg%aBcg%cCrc^GIShGIpigIOiTHbjjHbj%jHbjLGbjlGOiYFpiYFShYFihlGUgLGugjHugTHuggIUgGIihGISh^VHHjjIckBIQkpJvmpJFopJOrNHQtRFbwFCbwAzbwDxOt1wOr1wFo1wumQwQkGx4jiz4iRA7hFC7h7E7hqFKh%qFShqFEiZFcjxGLjmHLjEHLjVHHj" /><g i="41" c="305" charCode="234" p="#^nIIp%pAIppA4rpBQriCtsLDts9GtsNH2r%NHavFFawfDaw7AawcypuWvhs$v2o4wBkfyEi2A4hnC2h%nC2hsF0h0HdjqIalqIvoqI6pnIIp^iEJmeESlFDkl4DOkiCMkyBMkZAjlpASlkAJm^yG5g%UD5g%oCTd%VA5g%dy5g%2Brc%KDrc" /><g i="42" c="306" charCode="224" p="#^pH$v%1D$v%1DhvNB4wuA4wIy4wqxLu9wqt$vqr%$vqrTv2pqxxnTy5m1B5m3C5m1Dum1DglRC4llCskSAskqyskqxBl%qxNhmzWgNBWgaEWgFFThpH$ipHgl^$CWr%$CZpUCDpwCpp9CapJBcp4BdpDAJpaAdqaAYqaAGrDAbs4BHsJBIsJCLs$CWr^dDcg%9Bcg%azrc%cCrc" /><g i="43" c="307" charCode="8220" p="%^1wrcgz0i4B0idzrc^1ArcOB0iCD0idDrc" /><g i="44" c="308" charCode="82" p="#^8K$v%CE$v%9Ckq%UAkq%UA$v%$v$v%$vrc%YCrc4GrcVHceMJ0gMJajMJVkZIrmaIYnTGUo^FEtjFEsi4ENhoD0h6C0h%UA0h%UATl%6CTlCETlFEtj" /><g i="45" c="309" charCode="69" p="%^OG$v$v$v$vrcIGrcIGbhUAbhUAYjtGYjtGvoUAvoUAkrOGkr" /><g i="46" c="310" charCode="65" p="#^IJ$v%wE$v%wEws%_Aws%_A$v%$v$v%$vKi$vZfUx3eOz9cJCacIFccIHceIJcgIJ8j^wE6o%wEfjwEqi0ENhwD8hJC8hWB8hsBOh_Asi_Afj%_A6o" /><g i="47" c="311" charCode="68" p="#^WKfmVKUqKIstAG$vzC$v%$v$v%$vrc%CCrcEGrcOI0fYKBhWKfm^LFdmLFNjUEsi2E7hqC7h%UA7h%UAlr%qClrLFlrLFdm" /><g i="48" c="312" charCode="63" p="#^xFJdtHfftHThtH1kbGTlOEOnGCoo%GCRq%IyRq%IyLlDAIlxBIkhCVjhCHihCGhRBbhcBsgQzsgMxsg$vQh%$vndcyacGAacADacxFJd^TC2uTC5vhCOvIBvwFAvw%FAvwBztw$yNvqy5vqy2uqy$s0zjsDzCrFACrGBCrgCjsTC$sTC2u" /><g i="49" c="313" charCode="8221" p="%^ADrckA0ixy0inArc^AzrcOx0i$v0inwrc" /><g i="50" c="314" charCode="7853" p="#^pH$v%1D$v%1DhvNB4wuA4wIy4wqxLu9wqt$vqr%$vqrTv2pqxxnTy5m1B5m3C5m1Dum1DglRC4llCskSAskqyskqxBl%qxNhmzWgNBWgaEWgFFThpH$ipHgl^$CWr%$CZpUCDpwCpp9CapJBcp4BdpDAJpaAdqaAYqaAGrDAbs4BHsJBIsJCLs$CWr^cG5g%zD5g%3CTd%yA5g%Tx5g%IArc%nDrc^oDAzoDgATCNAnCiBFBiB%FBiBWAiBpANAUzgAUzAzUzRypAkyWAPxFBPxnCPxTCkyoDRyoDAz" /><g i="51" c="315" charCode="7855" p="#^pH$v%1D$v%1DhvNB4wuA4wIy4wqxLu9wqt$vqr%$vqrTv2pqxxnTy5m1B5m3C5m1Dum1DglRC4llCskSAskqyskqxBl%qxNhmzWgNBWgaEWgFFThpH$ipHgl^$CWr%$CZpUCDpwCpp9CapJBcp4BdpDAJpaAdqaAYqaAGrDAbs4BHsJBIsJCLs$CWr^tDPc%NFPcDF2eYEUeWDagcCagzAagwzUeQy2eIyPc%$APc4BfdiBBdFB7ecC7eMC7e9DBdoDgdtDPc^8CX8%aFX8%bDIc%6BIc" /><g i="52" c="316" charCode="273" p="#^kEOp%kErnZDflnCflkAfllAFolA3snC2sZD0skEOp^kEXd%kErc%AIwb%AI$v%nE$v%kEbvtD4wTB4wBz4wSx$t1wQr$vFoZvmlBxhjdzbhGBbhZBbhfCchoDkhkEWh%kEig%DBig%DBXd" /><g i="53" c="317" charCode="7847" p="#^pH$v%1D$v%1DhvNB4wuA4wIy4wqxLu9wqt$vqr%$vqrTv2pqxxnTy5m1B5m3C5m1Dum1DglRC4llCskSAskqyskqxBl%qxNhmzWgNBWgaEWgFFThpH$ipHgl^$CWr%$CZpUCDpwCpp9CapJBcp4BdpDAJpaAdqaAYqaAGrDAbs4BHsJBIsJCLs$CWr^ZGpd%VEpd%WCF9%YFF9^cG5g%zD5g%3CTd%yA5g%Tx5g%IArc%nDrc" /><g i="54" c="318" charCode="242" p="#^BIQkpJvmpJFopJOrNHQtRFbwFCbw%FCbwAzbwDxOt1wOr1wFo1wumQwQkGx4jiz4iRA7hFC7hvE7h2G4iLH2jBIQk^7FIo7FYmpEVlKDWkFCWkDBWkYAYliA_mgAIogAlqXAnrDBpsFCpsIDpsqEor9Fnq7FIo^cEcg%7Ccg%9Arc%aDrc" /><g i="55" c="319" charCode="417" p="#^7FIo7FYmpEVlKDWkFCWkDBWkYAYliA_mgAIogAlqXAnrDBpsFCpsIDpsqEor9Fnq7FIo^GIShGIpigIOiTHbjjHbj%jHbjLGbjlGOiYFpiYFShYFihlGUgLGugjHugTHuggIUgGIihGISh^VHHjjIckBIQkpJvmpJFopJOrNHQtRFbwFCbwAzbwDxOt1wOr1wFo1wumQwQkGx4jiz4iRA7hFC7h7E7hqFKh%qFShqFEiZFcjxGLjmHLjEHLjVHHj" /><g i="56" c="320" charCode="120" p="%^LIfh9F4oGI$vZD$voCfrGA$v2w$vMzgo$vfhGAfhqCAlZDfh" /><g i="57" c="321" charCode="109" p="#^dP$v%VK$v%VKrmVKBlpKblWJMkfJQkNHVkNHvm%NH$v%oD$v%oDrmoDDlYC8lzCLkWBLkkBJkRA9lnAAlgApm%gA$v%$v$v%$vfh%gAfh%gA8ivALhgBvh1CehYCehtFehNG1jhHeiiILhjJfhsKfhoMfhJNmidPEjdP1m" /><g i="58" c="322" charCode="45" p="%^pEun$vun$v_kpE_k" /><g i="59" c="323" charCode="7915" p="#^iDcg%dBcg%fzrc%hCrc^xIShxIpi7IOiKHbjaHbj%aHbjBGbjbGOiOFpiOFShOFihbGUgBGugaHugKHug7IUgxIihxISh^KHHj%KH$v%tD$v%tD4vdDvvlCOvuB5wsA4wIy2wsxTu$vwt$vir%$vfh%iAfh%iAJqiAwrMA0sfBvsTBvsaDvssDLq%sDfh%mFfhhFxhhFShhFEiRFcjpGLjdHLjuHLjKHHj" /><g i="60" c="324" charCode="7871" p="#^nIIp%pAIppA4rpBQriCtsLDts9GtsNH2r%NHavFFawfDaw7AawcypuWvhs$v2o4wBkfyEi2A4hnC2h%nC2hsF0h0HdjqIalqIvoqI6pnIIp^iEJmeESlFDkl4DOkiCMkyBMkZAjlpASlkAJm^kJx9%mHhd%hFhd%iGx9^yG5g%UD5g%oCTd%VA5g%dy5g%2Brc%KDrc" /><g i="61" c="325" charCode="7841" p="#^pH$v%1D$v%1DhvNB4wuA4wIy4wqxLu9wqt$vqr%$vqrTv2pqxxnTy5m1B5m3C5m1Dum1DglRC4llCskSAskqyskqxBl%qxNhmzWgNBWgaEWgFFThpH$ipHgl^$CWr%$CZpUCDpwCpp9CapJBcp4BdpDAJpaAdqaAYqaAGrDAbs4BHsJBIsJCLs$CWr^oDAzoDgATCNAnCiBFBiB%FBiBWAiBpANAUzgAUzAzUzRypAkyWAPxFBPxnCPxTCkyoDRyoDAz" /><g i="62" c="326" charCode="226" p="#^pH$v%1D$v%1DhvNB4wuA4wIy4wqxLu9wqt$vqr%$vqrTv2pqxxnTy5m1B5m3C5m1Dum1DglRC4llCskSAskqyskqxBl%qxNhmzWgNBWgaEWgFFThpH$ipHgl^$CWr%$CZpUCDpwCpp9CapJBcp4BdpDAJpaAdqaAYqaAGrDAbs4BHsJBIsJCLs$CWr^cG5g%zD5g%3CTd%yA5g%Tx5g%IArc%nDrc" /><g i="63" c="327" charCode="66" p="#^jIoqpIRstGtuFE$v9C$v%$v$v%$vrc%$BrcfErcVFYdAHtfHHIhSHnkTF9maIGnjIoq^3DDi0DYhyCth4CZgqBZg%UAZg%UAjk%rBjk7CkkBCQj3Dkj3DDi^iDDpfD_oPCzonC7oOB7o%UA7o%UAir%TBirvCirWCOqlDiqiDDp" /><g i="64" c="328" charCode="50" p="#^$H$v%Pw$v%$vssYyzpyB9mJCDkJC4jJCNgdANg5yNgjwki%jwtdAyic7Bic2EicQFRdLHyfLH4iLHqk0G$mFE2pvEfpyDAqFCtr%$Htr" /><g i="65" c="329" charCode="49" p="#^AB$v%Iw$v%IwWh%LvWhpwsgCwVf8xhe9xrc%ABrc" /><g i="66" c="330" charCode="7887" p="#^BIQkpJvmpJFopJOrNHQtRFbwFCbw%FCbwAzbwDxOt1wOr1wFo1wumQwQkGx4jiz4iRA7hFC7hvE7h2G4iLH2jBIQk^7FIo7FYmpEVlKDWkFCWkDBWkYAYliA_mgAIogAlqXAnrDBpsFCpsIDpsqEor9Fnq7FIo^bB4bUBMaHCMaRDMaCEobnF$bnF1dnFUdSEDejEnfuDDf%uD6g%VB6g%VBzeGCye0D9ekDRdkDmdkDXc9DLcUCtclCtcKBtcbBNc" /><g i="67" c="331" charCode="83" p="#^8HTh9FQgQDQg4DQgvCbhQBAhQBhiQB$iCCDjGDskLEgl$FimDGdnqHooqHXpqHlsKFeuODkwvAkwvykw$vxv%$viqEwWqLxmrTyOrRzOrJAOrfBqrWBYqWBcqWBnpcBJoJAfoBzunuyJm$xim8wEk8w8i8wHgQwnfnyqcxC9cLE$b8HIc" /><g i="68" c="332" charCode="58" p="%^dALp$vLp$vgldAgl^dA$v$v$v$vwrdAwr" /><g i="69" c="333" charCode="44" p="%^dAvr5y9ymv9y$vvr" /></glyphs></font><font id="30" name="UTM American SansBold Charset1_ 6JIdsnXWezr"><glyphs><g i="0" c="256" charCode="66" p="#^zIdqFINsgGvuQE$vhC$v%$v$v%$vlc%8ClcrElc8GUdRHrfZHJh7ItkbG3mqItnzIdq^WCEiUC4iuCGh5CghzBgh%iBgh%iB2k%vB2k8C3kxCFjWCejWCEi^9Dwp7D_oLCEooChoXBho%iBho%iBVq%$BVqvCVqRCvqcD5q9Dwp" /><g i="1" c="257" charCode="7854" p="#^XJ$v%mE$v%mEBs%oBBs%oB$v%$v$v%$vKi$vXfWx$dSz2cRC4cTF6cVH8eXJagXJ8j^mEMn%mEfjmExiWD_hvDrhRCrhbCrhNB$hoByioBfj%oBMn^ZD$7%HG$7xGx9tFxaKEMbWCMbcBMb5Aqaozy9fz$7%YB$73CA89CL8xCh9WCh9lDh9DDV8SDA8ZD$7^LCZ3%9GZ3%7E88%HB88" /><g i="2" c="260" charCode="84" p="%^FIthSEthSE$vAz$vAzth$vth$vlcFIlc" /><g i="3" c="261" charCode="32" p="#" /><g i="4" c="262" charCode="272" p="#^IMbmHMRquKqtiI$vfE$v%zx$v%zxEn%$vEn%$vHk%zxHk%zxlc%iElcoIlczKYeKMyhIMbm^7H9m7HRjlGDiAFph8Eph%RCqh%RCHk%ZEHk%ZEEn%RCEn%RCYq%8EYq7HYq7H9m" /><g i="5" c="263" charCode="7846" p="%^XJ$vmE$vmEBsoBBsoB$v$v$v$vKi#$vXfWx$d#Sz2cRC4c#TF6cVH8e#XJagXJ8j^mEMnmEfj#mExiWD_h#vDrhRCrh#bCrhNB$h#oByioBfjoBMn^gHObfEObWCC9ABObByObvBK7nEK7^3I39DF39BDU4$GU4" /><g i="6" c="264" charCode="85" p="#^QJzqQJitDHWuEFlwRCkw3Aiw9yTu$vht$vAq%$vlc%kBlc%kBhpkBVqJCVquEXquEdp%uElc%QJlc" /><g i="7" c="265" charCode="67" p="#^aJjvkHkwZEkwYCkwcBBvfzNu1ydt$vAq$vjm$vij4x0heyDewAhdDC1c7F1c6H1c1JWc%1JgigHrhPFrh6Erh2DyiQBPjPBgmNBFo6DWpeE$q_F$qCH$qaJ$p" /><g i="8" c="266" charCode="226" p="#^HH$v%UC$v%UCiv_B4wEA4wNy4wtxJu9wlt$vir%$virTvSotxhnZyPlbBPleCPlUC9mUCklMCbllCGk0BGkLyGkpxOl%pxFhuzKgVBKglEKgRFIhHHTiHHel^TCJr%TCTpOCGpvCvpdCjpUBkplBmpZANpBAbqBAOqBArrZASrlBgsVBhsFCjsTCJr^vGpg%wDpg%bCde%RApg%Rxpg%KAlc%CDlc" /><g i="9" c="267" charCode="117" p="#^$H$v%kD$v%kD5vvDtvACNvGB5wCA4wOy2wvxQu$vrt$v8r%$v3h%JA3h%JAAqJAgr6BGrvB4s$B4s3D4siDzq%iD3h%$H3h" /><g i="10" c="270" charCode="108" p="%^HA$v$v$v$vlcHAlc" /><g i="11" c="271" charCode="7879" p="#^CIQp%QAQpQAPqOBBrvC3sRD3s6G3s2IEq%2I5vNFawmDawbAawsyruWvcs$vYn4wtkqypi7ATgvCSg%vCSgFFQggH4jHI3lHIpoHIZoCIQp^8Eqm4EWlADtl5D0lqC_kOB_kiBslPAWlKAqm^RGpg%SDpg%wCde%cBpg%aypg%4Blc%YDlc^xEfzxE2AYDCAnDbBACbB%ACbBLBbBaBCABA2ABAfzBAryaBSxLBixACixnDixYDTxxEsyxEfz" /><g i="12" c="274" charCode="110" p="#^XH$v%eD$v%eDjmeDHlRCkltCZkYBZkTAZkEAlm%EA$v%$v$v%$v3h%EA3h%EAZhrAEhjBlhbC1hdD3haF8huGciXHpjXH2m" /><g i="13" c="275" charCode="104" p="#^ZH$v%fD$v%fDlmfDHlRCklsCZkYB_kVA$kHAim%HA$v%$v$v%$vlc%HAlc%HAJhtAthpB8hmCOgrDOgkFOgCG_hZHcjZHWl" /><g i="14" c="276" charCode="273" p="#^9EDp%9EonRDslvCslKAslMAyoMAFrvCErRDDr9EDp^9EOd%9Eoc%QIpb%QI$v%dE$v%cEcvGD4w$B4wFz4wTxYt1wLr$vyoZvelDx6jhz_gPB_g4C_gqC0hBD8h9EIh%9EBg%wBBg%wBOd" /><g i="15" c="277" charCode="7875" p="#^CIQp%QAQpQAPqOBBrvC3sRD3s6G3s2IEq%2I5vNFawmDawbAawsyruWvcs$vYn4wtkqypi7ATgvCSg%vCSgFFQggH4jHI3lHIpoHIZoCIQp^8Eqm4EWlADtl5D0lqC_kOB_kiBslPAWlKAqm^uED8nFe8cGe8qHe8fIV85Jz95JHa5JBbAIlcYHcdeHpd%eHYd%bFYd%bFZb3GXboGAbAGnbAG$aAGIatGzaiGnaTFnalFnauEHa^RGpg%SDpg%wCde%cBpg%aypg%4Blc%YDlc" /><g i="16" c="278" charCode="116" p="#^cESvXC5w_B5wVz5wGy3vsx1usx4s%sxIk%$vIk%$v3h%sx3h%sx9e%bCyc%bC3h%_D3h%_DIk%bCIk%bC5rbC1sZC1skD1scERr" /><g i="17" c="279" charCode="114" p="#^YDulBCplNBUl4BgmSA_mHAvnHAzo%HA$v%$v$v%$v3h%HA3h%HAuiIAXhIBuhIC0hYDZg" /><g i="18" c="280" charCode="121" p="#^1Ihw1IQy$FXz4EjBkBjBxyjBwwbA%wwXvFyux6BuxkDuxkD4w%kD8vxDtvLCLvZB1w$A1w$y1wWxVu$vmt$vpq%$v3h%MA3h%MAzqMAdr9BErzB3s3C3s5D3skDyq%kD3h%1I3h" /><g i="19" c="281" charCode="7873" p="#^CIQp%QAQpQAPqOBBrvC3sRD3s6G3s2IEq%2I5vNFawmDawbAawsyruWvcs$vYn4wtkqypi7ATgvCSg%vCSgFFQggH4jHI3lHIpoHIZoCIQp^8Eqm4EWlADtl5D0lqC_kOB_kiBslPAWlKAqm^CHMd%aFMd%8DB9%yGB9^RGpg%SDpg%wCde%cBpg%aypg%4Blc%YDlc" /><g i="20" c="282" charCode="118" p="%^$I3hqF$vAz$v$v3hWA3hvCsq6E3h" /><g i="21" c="283" charCode="224" p="#^HH$v%UC$v%UCiv_B4wEA4wNy4wtxJu9wlt$vir%$virTvSotxhnZyPlbBPleCPlUC9mUCklMCbllCGk0BGkLyGkpxOl%pxFhuzKgVBKglEKgRFIhHHTiHHel^TCJr%TCTpOCGpvCvpdCjpUBkplBmpZANpBAbqBAOqBArrZASrlBgsVBhsFCjsTCJr^BDwg%9Bwg%6zlc%wClc" /><g i="22" c="284" charCode="7853" p="#^HH$v%UC$v%UCiv_B4wEA4wNy4wtxJu9wlt$vir%$virTvSotxhnZyPlbBPleCPlUC9mUCklMCbllCGk0BGkLyGkpxOl%pxFhuzKgVBKglEKgRFIhHHTiHHel^TCJr%TCTpOCGpvCvpdCjpUBkplBmpZANpBAbqBAOqBArrZASrlBgsVBhsFCjsTCJr^vGpg%wDpg%bCde%RApg%Rxpg%KAlc%CDlc^LDfzLD2AaDCACCbBOBbB%OBbBZAbBoACAPz2APzfzPzryoASxZAixOBixCCixaDTxLDsyLDfz" /><g i="23" c="285" charCode="237" p="%^HA$v$v$v$v3hHA3h^HAlcFywgdwwghxlc" /><g i="24" c="286" charCode="105" p="#^6Bne6BzfqAmgLz8hAy8hnx8hIwmg1wzf1wne1wcdIwqcnxEbKyCb%KyCbLzCbqAqc6Bdd6Bne^WA$v%dw$v%dw3h%WA3h" /><g i="25" c="287" charCode="63" p="#^MFEdLHdfLHVhLH4ktGWl1FWn2Duo%2DYq%EyYq%EytlGAqltBwk9COj9CIi9COhKBZgeBLg$zLg4yLg$v6i%$vldly4cQA4cMD4cMFEd^eDQteDYuBCJvYBuwOAuw%OAuwFztw0zJvnyYunyQtnyJs1zZrHzcrPAcrXBcrACZreDKseDQt" /><g i="26" c="288" charCode="83" p="#^qH9i9F7hWD7hgD7hGCthcCLhcCiicCUiTCqj1Esk1F4lfG4mWG5nIHeoIHPpIHgsNFgu0EkwGAkwFykw$vtv%$vVp1xAq4y_q7zor0AorOAoryB0rPBGqPB3qPBmp8BMoIAkoCzBnwyRm2yqm8wKk8w9i8wGgRwlfqykcEC3cSEVbqHFc" /><g i="27" c="289" charCode="98" p="#^QIyo%QIyoQILr_GWtdF1wTC1w9B1wHA6v%HA$v%$v$v%$vlc%HAlc%HAIheB8hpC0hMC_g1D_gzF_gcH6jSIelQIyo^5Eyo6EslmCsl$AslHAmn%HAFp_ADrmCEr3EFr5Eyo" /><g i="28" c="290" charCode="109" p="#^mP$v%CK$v%CKmmCKGldKklQJ_kgJ2l2I6l2Irm%2I$v%fD$v%fDmmfDHlPC5lACZk2CZkzBXk9BilMAFlHAlm%HA$v%$v$v%$v3h%HA3h%HAVhuABhiBjh7C1h3D1hGF1hOGNi7H4iaIAheJ3hqK3hqM3hNNaimPxjmPZl" /><g i="29" c="291" charCode="111" p="#^QIIkEJomEJyoEJJr$HNt1GbwNCbw%NCbwEzbwCxIt1wJr1wyo1wmmWwykHxWilzUhWAWgNCWgFEWgfGVhZHUiQIIk^XECoXEZmhE$lHD8lNC8lVB8liB3mIA_mHAloHA8qiB3rVB_rNC_rGD_rkE4r_E9qXECo" /><g i="30" c="292" charCode="101" p="#^CIQp%QAQpQAPqOBBrvC3sRD3s6G3s2IEq%2I5vNFawmDawbAawsyruWvcs$vYn4wtkqypi7ATgvCSg%vCSgFFQggH4jHI3lHIpoHIZoCIQp^8Eqm4EWlADtl5D0lqC_kOB_kiBslPAWlKAqm" /><g i="31" c="293" charCode="65" p="#^XJ$v%mE$v%mEBs%oBBs%oB$v%$v$v%$vKi$vXfWx$dSz2cRC4cTF6cVH8eXJagXJ8j^mEMn%mEfjmExiWD_hvDrhRCrhbCrhNB$hoByioBfj%oBMn" /><g i="32" c="294" charCode="103" p="#^SI6vSIfyFGzzAEyBJByBbzyBkxjA%kxHvpyDwqz5xrAAxvBAxHCAxoD$wbElw9Ecv%9Ecv%9E8vbD4wJB4wYy4wlxvtZvlr$vvo1wblzx4j6zYgBBYgVBYgiC_gTDbh9ESh%9E3h%SI3h^9EDp%9EonRDplvCplNAnlMAtoKAyrvCyrRDyr9EDp" /><g i="33" c="295" charCode="97" p="#^HH$v%UC$v%UCiv_B4wEA4wNy4wtxJu9wlt$vir%$virTvSotxhnZyPlbBPleCPlUC9mUCklMCbllCGk0BGkLyGkpxOl%pxFhuzKgVBKglEKgRFIhHHTiHHel^TCJr%TCTpOCGpvCvpdCjpUBkplBmpZANpBAbqBAOqBArrZASrlBgsVBhsFCjsTCJr" /><g i="34" c="298" charCode="100" p="#^QI$v%dE$v%cEcvGD4w$B4wFz4wTxYt1wLr$vyo%$vyoZvelDx6jhz_gPB_g5C_gqC0hBD8h9EIh%9Elc%QIlc^9EDp%9EonRDslvCslKAslMAyoMAFrvCErRDDr9EDp" /><g i="35" c="299" charCode="99" p="#^0GnvBEawQCawpzawBxQt2wRr2wEo2wmmWwBkKxRiwzOh2BTgXCTgsETgVFBh%VFHlvE2luD2ljC2lEBLlLANmKAloKAnqEBjrrC4sED4sNE4s0Gmr" /><g i="36" c="300" charCode="115" p="#^TEulNCCkVBKkUAUkUAylUAYltBqmSBUm_CznXDmouE6p4F1q4Fer4F6tODhudCbwEzbw5ybw$vyv%$verSwKrFx2stymsbzmsKzms0A9stASrtAqrtAXq_zvqazYpCxKo5wqn5wrl5wikIw8jUxYg8BMgSCFgTEeh" /><g i="37" c="301" charCode="8220" p="%^1wlcjziiuBiiBzlc^YzlcLBiiYDiizDlc" /><g i="38" c="302" charCode="82" p="#^nK$v%wE$v%6Crq%iBrq%iB$v%$v$v%$vlc%3DlceGlcQH2e$J_f$Jaj$JWkbJumnI1oaHSo^uEtjuEzi_DZhoDjheCjh%iBjh%iBBl%eCBlrEBluEtj" /><g i="39" c="303" charCode="69" p="%^5H$v$v$v$vlc$Glc$GthiBthiBIjMGIjMGFoiBFoiBXq5HXq" /><g i="40" c="304" charCode="68" p="#^8Lbm6LRqWIqtKG$vGC$v%$v$v%$vlc%JClcPGlc_IYe9Lyh8Lbm^zF9mzFRjNEDi$DphyCph%iBph%iBYq%yCYqzFYqzF9m" /><g i="41" c="305" charCode="89" p="%^BMlcZG5pZG$vFB$vFB5p1wlc8ClclEmjKGlc" /><g i="42" c="306" charCode="8221" p="%^XDlcDAiiuyiilAlc^$zlcbyii$viiowlc" /><g i="43" c="307" charCode="243" p="#^QIIkEJomEJyoEJJr$HNt1GbwNCbw%NCbwEzbwCxIt1wJr1wyo1wmmWwykHxWilzUhWAWgNCWgFEWgfGVhZHUiQIIk^XECoXEZmhE$lHD8lNC8lVB8liB3mIA_mHAloHA8qiB3rVB_rNC_rGD_rkE4r_E9qXECo^yFlc%wDwg%4Bwg%8Clc" /><g i="44" c="308" charCode="253" p="#^1Ihw1IQy$FXz4EjBkBjBxyjBwwbA%wwXvFyux6BuxkDuxkD4w%kD8vxDtvLCLvZB1w$A1w$y1wWxVu$vmt$vpq%$v3h%MA3h%MAzqMAdr9BErzB3s3C3s5D3skDyq%kD3h%1I3h^dFlc%bDwg%LAwg%PBlc" /><g i="45" c="309" charCode="297" p="#^WA$v%dw$v%dw3h%WA3h^jyIdqz_dMz_diA_diA6d%MC6dMCrgIArg3ArgYy5gRxLfzxLfcxLfcxtg%EutgEupdGwpdcxpdjyId" /><g i="46" c="310" charCode="120" p="%^$I3huF$nWI$vUD$vwClr0B$v2w$vIzbo$v3h$A3hxChlUD3h" /><g i="47" c="311" charCode="225" p="#^HH$v%UC$v%UCiv_B4wEA4wNy4wtxJu9wlt$vir%$virTvSotxhnZyPlbBPleCPlUC9mUCklMCbllCGk0BGkLyGkpxOl%pxFhuzKgVBKglEKgRFIhHHTiHHel^TCJr%TCTpOCGpvCvpdCjpUBkplBmpZANpBAbqBAOqBArrZASrlBgsVBhsFCjsTCJr^UElc%RCwg%qAwg%uBlc" /><g i="48" c="312" charCode="107" p="%^ZH$vHC$vHA3rHA$v$v$v$vlcHAlcHAqljC3hdH3hQDvn" /><g i="49" c="313" charCode="7845" p="#^HH$v%UC$v%UCiv_B4wEA4wNy4wtxJu9wlt$vir%$virTvSotxhnZyPlbBPleCPlUC9mUCklMCbllCGk0BGkLyGkpxOl%pxFhuzKgVBKglEKgRFIhHHTiHHel^TCJr%TCTpOCGpvCvpdCjpUBkplBmpZANpBAbqBAOqBArrZASrlBgsVBhsFCjsTCJr^dJu9%bHFd%LEFd%PFu9^vGpg%wDpg%bCde%RApg%Rxpg%KAlc%CDlc" /><g i="50" c="314" charCode="7897" p="#^QIIkEJomEJyoEJJr$HNt1GbwNCbw%NCbwEzbwCxIt1wJr1wyo1wmmWwykHxWilzUhWAWgNCWgFEWgfGVhZHUiQIIk^XECoXEZmhE$lHD8lNC8lVB8liB3mIA_mHAloHA8qiB3rVB_rNC_rGD_rkE4r_E9qXECo^aHpg%cEpg%QCde%vBpg%uypg%pBlc%fElc^OEfzOE2AdECAEDbBQCbB%QCbB$BbBqBCASA2ASAfzSAryqBSx$BixQCixEDixdETxOEsyOEfz" /><g i="51" c="315" charCode="119" p="%^tO3h3M$vhG$vhFrncE$vry$v$v3hNA3hEBLpIC3hOH3hQILpHJ3h" /><g i="52" c="316" charCode="76" p="%^3H$v$v$v$vlciBlciBSq3HSq" /><g i="53" c="317" charCode="7871" p="#^CIQp%QAQpQAPqOBBrvC3sRD3s6G3s2IEq%2I5vNFawmDawbAawsyruWvcs$vYn4wtkqypi7ATgvCSg%vCSgFFQggH4jHI3lHIpoHIZoCIQp^8Eqm4EWlADtl5D0lqC_kOB_kiBslPAWlKAqm^AJu9%xHFd%5FFd%9Gu9^RGpg%SDpg%wCde%cBpg%aypg%4Blc%YDlc" /><g i="54" c="318" charCode="7857" p="#^HH$v%UC$v%UCiv_B4wEA4wNy4wtxJu9wlt$vir%$virTvSotxhnZyPlbBPleCPlUC9mUCklMCbllCGk0BGkLyGkpxOl%pxFhuzKgVBKglEKgRFIhHHTiHHel^TCJr%TCTpOCGpvCvpdCjpUBkplBmpZANpBAbqBAOqBArrZASrlBgsVBhsFCjsTCJr^mDIc%5GIcXFeeTEef8EtgkCtgCAtgvz7fNyfeEyIc%lBIctBhdyBsdWB_dkC_dLC_d0DDdfDhdmDIc^HD4d%fB4d%czV8%DCV8" /><g i="55" c="319" charCode="112" p="#^QIioSIErbHStwF4w_C4wHC4woC0w%oC0wbBUvHAjv%HAlB%$vlB%$v3h%HA3h%HAVhWAghAC3h$C1hhD1hNF1hiH1jPI1lQIio^5Evo5EplkCpl_AplHAnn%HAHp$ABrkCBr5EBr5Evo" /><g i="56" c="320" charCode="122" p="%^qGQkABXrhGXrhG$vow$vZvgsVAhllwhllw3hdG3h" /><g i="57" c="321" charCode="81" p="#^aNbm9NysJJEuCKJu9LJuWLJuWMqu%WMFyNL8zBK8zKJ8z6INyuGryHFryyEry0DNy%1Ddw7wrv$vbmWvmh7yIelA2cAE2cOI2c$KJecNnhaNbm^DHbmDHghAEgh6DghkCxiyBNjABbmDB5rAE7r%AE7rBH7rDHbm" /></glyphs></font></bwFonts>