﻿<?xml version="1.0" encoding="utf-8"?><bwFonts xmlns:xsi="http://www.w3.org/2001/XMLSchema-instance" xmlns:xsd="http://www.w3.org/2001/XMLSchema" fontfactoryurl="story_content/FontFactory.swf"><font id="00" name="ArialBold Charset1_ 5fCGZrlZrla"><glyphs><g i="0" c="888" charCode="89" p="%^wC$vwCtoZv5ecA5eqEblyI5eJM5e7Guo7G$v" /><g i="1" c="889" charCode="111" p="#^$wlp$wDnRx1mHyrkdABjMBLiGDLiCGLiuIFknKzmnKupnKqstImuAGiwIDiwWBiwiAvvHyHuRx8t$wAr$wlp^wAxpwAsrqBuslCvtHDvt1FvtXFusRGsrRGvpRGBnXFAm1FylHDyllCylqBAmwABnwAxp" /><g i="2" c="896" charCode="117" p="#^jG$v%jG3uCF5vsEIviDiw0CiwJAiwGzKvEy9vay7uJx4tJxer%Jx1j%9B1j%9B_o9BJrlBlsxBYs1CjtxCGtiDGtaEGtSEbtyFIsOF$r3Ghr3Gvo%3G1j%vJ1j%vJ$v" /><g i="3" c="897" charCode="32" p="#" /><g i="4" c="898" charCode="109" p="#^xx1j%HA1j%HAOkoCLiKELi_FLiVGgjQHNjpIPkgJNjfKgjfLLinMLiONLiNOkjNPVjgQ1lDQSlDQJn%DQ$v%bN$v%bNBobNGmQM6mmMnlmLnlEKnl$JPlnJfm5J6nPIYnPINp%PI$v%nF$v%nFVonF0nbFtm0FVlDEEleEnlADnlNCnl8CPlwBemeB2nZARnZAIp%ZA$v%xx$v" /><g i="5" c="899" charCode="115" p="#^Bwjs%1ANrfANsWAitBBPtPCPt8EPtPEktgF_sgFpsgF0s0FMrMEwrTDjrJzpqCyEp3xBo3xKm3x2loyVjJzLixCLibFLiuGDjNHukgIbm%1FNmQE1meEDlFDdlACdleBdlEABlfASlfAimfAFmBAVm3BfnODTnyGvoDHppIIjqIIYrIIKtcH0vJFiwPCiw9AiwCyev3x9uBwjs" /><g i="6" c="907" charCode="116" p="#^KD1j%KDMl%oBMl%oB$qoBAssBRsxB6tMBht$BstlCstQCstJD7t%0ENvPCiwjBiwnAiwDz_vUyGvyybvcyHu3yRtYxftYxqr%YxMl%nwMl%nw1j%Yx1j%Yxsg%oBre%oB1j" /><g i="7" c="909" charCode="99" p="#^5JTm%JFunyFtmXEZlkEslmDsl4CsljBlmyAdnyAipyABrjBys5CvtpDvtoEvt0FYsEFosUF1r%gJCrKIWtfH6vMFiwgDiwpAiwJyvu1xIs1xxp1xkmJyykqALijDLiHFLi4HMjuINk5JTm" /><g i="8" c="930" charCode="112" p="#^Ix1j%VA1j%VAXkxBYjBCmjFDLiXELicHLiMIxklKimlKsplKIsLIvuaHiwWEiwRDiwZCTv6Crv8Bpu%8BXA%IxXA^5Bip5BurYBxsQCAt4EAtgFAt3GDsSGFrSGtpSGrn1GsmdFsl0EslLCslWBqm5Bon5Bip" /><g i="9" c="1328" charCode="108" p="%^Ox$vOx5eeB5eeB$v" /><g i="10" c="1367" charCode="101" p="#^iFTr%JIss3IkuEGjvdFiw4DiwIziw4y5uOwjsOwDpOwpmuyAkaALiKCLiEFLijHGk_IAmVIwq%jAwqlA2s8BUsXBKt6DKtWDKttEit0FSsiFTr^vFqotFWmKE9m$DnlYCnlQBnl5BbmmA0nnAqo" /><g i="11" c="1368" charCode="104" p="#^cB5e%cBIkSCLiaFLimGLijHbjgIDjKIjkdJ$koJQlAJFmAJpo%AJ$v%8G$v%8G9p8G7nXFAmLF0mfFIlMEnl0EnlaDnlvCOlQBcmwB2ncBTncBwp%cB$v%Mx$v%Mx5e" /><g i="12" c="1376" charCode="113" p="#^fGXA%fGquAFhvAEOvADiwqCiwdAiwOyEu6xIs6xnp6xfmHyvkgALiCCLiVDLiREijOFRjxGYk%xG1j%HJ1j%HJXA^mGnpmGnnyFpmLErlxDrliCrlsBrmDAqnDAzpDAIrqBFseCBtpDBtAEBttFxsmGtrmGnp" /><g i="13" c="1416" charCode="105" p="%^OxghOx5eeB5eeBgh^Ox$vOx1jeB1jeB$v" /><g i="14" c="1419" charCode="110" p="#^AJ$v%8G$v%8Gop8GinWFHmIF3mcFJlJEnl1Enl8DnlqCSlJBlmsB9ncBZncB7q%cB$v%Mx$v%Mx1j%YA1j%YAXkFCLidFLimGLiiH9jeIzjJIckcJRkoJFlAJsmAJYn" /><g i="15" c="1420" charCode="98" p="#^Ex$v%Ex5e%4B5e%4BzkFCLiQELicHLiLItkiKamiKopiKIsJIvu8HiwTEiwMDiwHCLvCBbvQA5u%QA$v^2Bfp2BgrHBdsACBt2EBtbFBt_FDsNGFrNGzpNGlnZFmmaFnlVDnlHCnlSBlm2Bin2Bfp" /><g i="16" c="1424" charCode="102" p="#^iw1j%cy1j%cy3icyqgyyDfVyPeQzjeMAOdbCOdFDOd3Fee%BEDgNDqg1DqghCqgYBNgEB7hEB6i%EB1j%cE1j%cEKl%EBKl%EB$v%cy$v%cyKl%iwKl" /><g i="17" c="1480" charCode="114" p="#^4B$v%Ex$v%Ex1j%QA1j%QATkEBzjiC9jYCLiNDLiYELi2Goj%$Eom7EQlnDQlFCQl9CemFBDmmBFn4BHo4B$r" /><g i="18" c="1481" charCode="103" p="#^txRw%oBjxuB$xRBgykCEynDEyJEEyoFeyRFZx4GnxeGXweGOv%fGVtIE$vmC$vLz$veyOt1x2s1xsp1xbmBytkaALivCLiVELitGSk%tG1j%GJ1j%GJGuGJZwiJ5yWIezeITzyHxApGUAgFgBwDgBdAgBQy7Asx$ysxgxsx5xtxRw^yAfpyAjrlBhs8CetjDetzEetqFfshGgrhGlphGknsFmmDEnlmDnl8CnllBlmyAinyAfp" /><g i="19" c="1482" charCode="46" p="%^Nx$vNxzsdBzsdB$v" /><g i="20" c="1483" charCode="69" p="%^Qx$vQx5e4L5e4L7hrB7hrB5lpK5lpK7orB7orBZsqLZsqL$v" /><g i="21" c="1484" charCode="121" p="#^aw1j%Qz1j%XCes%YF1j%vJ1j%XEwv%6EMxFDVyfDvzRC6AjCtANBRA$A2BeAgBfzgBgygBjx3B%$wnyPxxysyxyFzxydAQxOA7x6B1w" /><g i="22" c="1485" charCode="97" p="#^mA$m%fxrmNxzk3zFjlALiTCLiaFLihGijpHRjSHGkkIvlkIKn%hIKrhIstrIguCI4v3J$v%GF$vxFFvlF_ufFHudFAulErvlDTvlCiwcBiwcziw2ydvUw7uUwtsUwmrpxvqXxEpTybpQzKoDBoo1EXnYEyn%YEcnYEdmsEOlZDnlDCnlIBnlbBKlGA5mmA$m^YENpiE$pSCjqrBCq$AVqkAnrkA6skAQsSAmtpBTteCTt9DTt$DgtDEOsPE7sYEHrYEtq" /><g i="23" c="1486" charCode="100" p="#^GJ$v%uG$v%uG5uHFcvCELvxDiwrCiwcAiwCyvu1xIs1xtp1xamAytk7ALiuCLiFELieGzk%eG5e%GJ5e^yAfpyAkr7BfsXBBtqDBtBEBtqFBsfGArfGApfGlnrFmmEEnlpDnlbCnlmBlmyAjnyAfp" /><g i="24" c="1487" charCode="119" p="%^cA$v6w1jrz1jTBxr6E1jpH1jzJxr2M1jrP1jgL$vZH$vLFFnyD$v" /><g i="25" c="1515" charCode="58" p="%^rytmry1jTB1jTBtm^ry$vryzsTBzsTB$v" /><g i="26" c="1516" charCode="87" p="%^kA$v4w5eNz5etCoqKF5e2K5ebNBqWP5ezT5eeP$vnL$vPHCigE$v" /><g i="27" c="1517" charCode="107" p="%^Gx$vGx5e6B5e6BBn7F1jlJ1jWENnFJ$vZF$vICaq6BRr6B$v" /><g i="28" c="1518" charCode="63" p="#^9Fnr%2Cnr1CIq1Czq1C2pxC4o1D5nxETl1GFkkGhkNGHjNGYiNGZh_FghbFygQDygxCygEBihMA1irAzj%hxajqx_g8zsfTAWdGDWdEGWdnItf7K0h7K3j7KbkuJclRIdmLGYnFFSooFpp7FYp9Fnr^2C$v%2Czs%9Fzs%9F$v" /></glyphs></font><font id="10" name="Arial Charset1_ 6fYKLq9SEer"><glyphs><g i="0" c="888" charCode="79" p="#^cxhncxQiBzjg_BNdNFNdfINdeKZeeM9ghNhikOokkO3nkOOpdNYr7M5u6Kcv5IiwMFiweDiweB4vfzStdyLrcxDpcxhn^EzjnEzyqnBps7DguLFgurIgu9KosULvqUL2nULSk8LejpKCh_IJgzHPfOFPfgDPfsByhEzgjEzjn" /><g i="1" c="889" charCode="75" p="%^Qx$vQx5ecA5ecAZm5J5eiM5eOEmlDM$vvJ$v8DYmcAOpcA$v" /><g i="2" c="896" charCode="89" p="#^ZC$v%ZCqo%4w5e%Yy5e%uCvjtD$kiEwm6F7lfGmj%KJ5e%uM5e%lFqo%lF$v" /><g i="3" c="897" charCode="101" p="#^xGPr%OI6sgI5uPGcvmFiw5DiwfAiwAyyuWwOsWwDpWwlmCyykiAKi_CKiAFKidHwkTIhmTIupTIHpSI4q%bz4qjzdsoAmtuBuu6DuukEuuaFRt1GctxGPr^jzgo%zGgoqGDmKFPlHEyk$CykuByksAzlqzAmjzgo" /><g i="4" c="898" charCode="115" p="#^Mw7s%XyNr7z5tYzOtOAuuiCuuPDuuyETthFfthFqshFGrEEfrbEYqoCvqYzUp0zsp5y$oCxdo7xqn7xtm7xClwxTkWx7kCyEj7zgj$z$iUAKiVBKirDKiBEajLFCjiGmkSG6l3Hnm%VEGmMEGl2E6llDyk3CykyAykUz2lfzylfzdmfzEmwz_mNzlnmAAnHAHnjC8oFELoAF9pvGyp0HjqyH3ryHbsyHitVGgugGev2FMvRDiwjCiwNziwsyfv7xbuMw7s" /><g i="5" c="899" charCode="78" p="%^Vx$vVx5ekA5eKJ9sKJ5e$L5e$L$vAJ$vaAXhaA$v" /><g i="6" c="907" charCode="111" p="#^QwwpQwVlQyakvAKiVCKiBFKihHuk_Iem_Ikp_IRreIhtuHIu2GvvCEiwVCiwbAiwvyyuQwOsQwwp^5zwp5z$raAftgBuuVCuuyEuuDFetJG_rJGrpJG1nDFOlxEykVCykgBykaANl5z0n5zwp" /><g i="7" c="909" charCode="83" p="#^8xfq%nz2qxzor6AgsHA7tVBFt7DbuEEbu$Fbu1HNt3IntzIGs4JZr4J8r4JiqBIGp6I2p_GCogGkoODKnlB8nlADm3zYlryYkPxYjPxJiPxmhAybglz$ePAoeiCNd6ENd5GNdCHqe7J3fXJjgMKyhQK7j%zIijnIChjHLggGTfcETf3CTf4BGg5Ash5Azi5AxjOA9ktBNkmErlfH4mjIAmTJinCKpomLvpmLXqmLnsyKEtKJUucIBvGGiwLEiwkCiwHABv2zTu6yttbx2s8xfq" /><g i="8" c="930" charCode="116" p="#^sC1u%MC_vRBaw6BawVzawezOvAyqvjyPu2ybu2ycs%2yKk%qwKk%qw1j%2y1j%2yQf%fAve%fA1j%sC1j%sCKk%fAKk%fAksfAgtmAytuAPtKAZt$A7uuB7uSB7usC1u" /><g i="9" c="1328" charCode="112" p="#^ExZA%Ex1j%Ez1j%EzIklAJjeBej7CKipDKi3FKikGBjBHrkeI$lUIznUIqpUIpraI$stHBu6GsvLEiwfDiw8CiwgBQvpAmvRzFu%RzZA^DzApDz5sDAitEBuu4DuuyEuuAFftDG$rDGppDGWmCFHlBEskbDskNBskIAMlDz4nDzAp" /><g i="10" c="1367" charCode="32" p="#" /><g i="11" c="1368" charCode="49" p="%^jF$v6D$v6D$h#jCLi1Bwj#LzgkJyEkJyxi#zAFhXBqg#jDbfUD1ejF1e" /><g i="12" c="1376" charCode="58" p="%^gyxlgy1jMA1jMAxl^gy$vgyvtMAvtMA$v" /><g i="13" c="1416" charCode="105" p="%^FxDgFx5eSz5eSzDg^Fx$vFx1jSz1jSz$v" /><g i="14" c="1419" charCode="108" p="%^Bx$vBx5eOz5eOz$v" /><g i="15" c="1420" charCode="102" p="#^ay$v%ayKk%ewKk%ew1j%ay1j%ayFhaylgpyJfJySewzkekAOdMBOdHCOdPD0e%uDXfOCPfbCPfbBPfMAfgmAGgmARh%mA1j%UC1j%UCKk%nAKk%nA$v" /><g i="16" c="1424" charCode="50" p="#^BIUt%BI$v%Lw$vJwcv$wtusxgtsy5sszWqkBopfE_mgFBliGbkiGXiiGEhmFLgrERfXCRflBRfoAOgszLhrzrj%axcjpxGgWymfrA1e_C1ezF1e3HtfzIUgzI$izI4k7I6lHH8mFGinEFrohDsqiB6sKAIsbAitPzUt" /><g i="17" c="1480" charCode="51" p="#^2xfr%fzYqDzQsxAFtrBuuLCuujEuunFqtrGlsrGMqrGfprFgosEhnXChnjChnoBxn%DBClRBEl_BEloDElvEVkDFakDFEiDFrhOEEg_DRfICRfqBRfzAFgJzshtz3j%gxGiGxtg5zffxA1eFC1e6E1elFGeAGifeHogUHthUHHiUHRjgHOkEGLlqFjm0HHmUHRnMI_oMIIqMI2t2HGulFiwKCiwnAiwPyUugxut2xfr" /><g i="18" c="1481" charCode="52" p="%^4E$v4EJrjwJrjwIpuE6ehG6ehGIpIIIpIIJrhGJrhG$v^4EIp4EEhtyIp" /><g i="19" c="1482" charCode="53" p="#^1xir%lz5rBzNsxAEttBuuOCuuoEuuuFitAG5sAG6qAGeowF9ntE3mLC3mGB3mPAymZz1nuzOn%qxxn%9zke%3Ike%3Iqg%VAqg%XzflzB7kkD7kGF7khHLlVInnVIWpVImsuH7uMFiwNCiwlAiwOyXufxzt1xir" /><g i="20" c="1483" charCode="54" p="#^sIui%gGFiZFmhrFNgyERfeDRfbCRfnBqglAbhLzEi9z5k7zMmWzzl3B_kdCoktDokGFokdH0mMIDnMIbqMITr1IktjHMu1GxvMEiw9DiwpAiwGyhuXwgsXwDnXwriSy4gxA1enD1euF1eQGdfbIogsIui^tzbqtzkrYznsrAptiBYt9Cuu6DuuwEuuvFmtvGesvGjqvGtowFpnxEkm1DkmyBkmvApntztotzbq" /><g i="21" c="1484" charCode="55" p="#^axrg%axke%MIke%MI1g3HShnFTkIDUnNC4r7CktXB$v%Gz$vIzUtvAVqiBVnNC7lhEliYFrg" /></glyphs></font><font id="20" name="UTM American Sans Charset1_ 6gNLIwTZXy5"><glyphs><g i="0" c="256" charCode="100" p="#^AI$v%nE$v%kEbvtD4wTB4wBz4wSx$t1wQr$vFo%$vFoZvmlBxhjdzbhGBbh_BbhfCchoDkhkEWh%kErc%AIrc^kEOp%kErnZDflnCflkAfllAFolA3snC2sZD0skEOp" /><g i="1" c="257" charCode="114" p="#^CDgloCclvBJlJA9msA_mgAyngAGo%gA$v%$v$v%$vfh%gAfh%gAKiJA5iHBFhFCchCDbh" /><g i="2" c="260" charCode="97" p="#^pH$v%1D$v%1DhvNB4wuA4wIy4wqxLu9wqt$vqr%$vqrTv2pqxxnTy5m1B5m3C5m1Dum1DglRC4llCskSAskqyskqxBl%qxNhmzWgNBWgaEWgFFThpH$ipHgl^$CWr%$CZpUCDpwCpp9CapJBcp4BdpDAJpaAdqaAYqaAGrDAbs4BHsJBIsJCLs$CWr" /><g i="3" c="261" charCode="103" p="#^BImvBIqylG9ApEFBABFB4zFBmxvA%mxbw1y4x7zAxdA5ylB5yFC5ysDsxlEJwkEqv%kEqv%kE7v$C4wAB4wVy4wkxAtZvqr$vCo1wilxxdj2z8hsB8hNB8h6CbhFDnhkE5i%kEfh%BIfh^kEOp%kErnZDclnCclnAallAAokAYrnCYrZDYrkEOp" /><g i="4" c="262" charCode="32" p="#" /><g i="5" c="263" charCode="110" p="#^GH$v%nD$v%nDnmnDDlVCblrCLkQBLkvALkdAnm%dA$v%$v$v%$vfh%dAfh%dAcisAOhhBwh6Ceh6Dfh$EkhbGhiGHxjGH5m" /><g i="6" c="264" charCode="111" p="#^BIQkpJvmpJFopJOrNHQtRFbwFCbw%FCbwAzbwDxOt1wOr1wFo1wumQwQkGx4jiz4iRA7hFC7hvE7h2G4iLH2jBIQk^7FIo7FYmpEVlKDWkFCWkDBWkYAYliA_mgAIogAlqXAnrDBpsFCpsIDpsqEor9Fnq7FIo" /><g i="7" c="265" charCode="112" p="#^AIooBIKrYGVtkF4wTC4wCC4wkC1w%kC1w7BVvgAiv%gArB%$vrB%$vfh%gAfh%gA8iUAshvCfhRCehaDehBFeh3HbjyI8lAIoo^fECofEclcCclCAclgAsn%gAQpDA$rcC$rfE$rfECo" /><g i="8" c="266" charCode="99" p="#^IFtvsEawICawlzawAxTt2wWr2wLo2wumTwOkJx$ioz0iZA4hQC4hiE4hBFIh%BFulvEQknDQk4CQkfBJllALmkAIokACqkBDrcCvsyDvsOEvsIFNr" /><g i="9" c="267" charCode="116" p="#^RDVvOC5wRB5wQz5wFy6vux7uuxfs%uxtk%$vtk%$vfh%uxfh%uxde%OBGc%OBfh%DDfh%DDtk%OBtk%OBfrOBssRCssfDssRDhs" /><g i="10" c="270" charCode="105" p="#^IAheIApf4A7gszRgnyRggxRgEw7g1wpf1whe1wadEwscgxJbnyIb%nyIbszIb4ArcIAadIAhe^vA$v%dw$v%dwfh%vAfh" /><g i="11" c="271" charCode="118" p="%^LIfh9F$vBz$v$vfhyAfhnCRqeEfh" /><g i="12" c="274" charCode="121" p="#^LHywLH$yHFiAUDqBaBqBpyqBxwnA%xwswmy$xYA$xtD$xtDkw%tD7vfDvvwCMvNB1wRA1wVy1wBxTu$vst$vzq%$vfh%lAfh%lAIqlAtrPAZriBtsWBtscDtstDJq%tDfh%LHfh" /><g i="13" c="275" charCode="67" p="#^WIpveHkwVEkwUCkw9BBvdzOu1yft$vDq$vnm$vmj4x4hdyIeuAndAC7c2F7c0H7cNIXc%NI$hiH8hLF8hUD8hLCmirBJjqBjmoBToQCdq2EorWForGHorWIoq" /><g i="14" c="276" charCode="117" p="#^KH$v%tD$v%tD4vdDvvlCOvuB5wsA4wIy2wsxTu$vwt$vir%$vfh%iAfh%iAJqiAwrMA0sfBvsTBvsaDvssDLq%sDfh%KHfh" /><g i="15" c="277" charCode="101" p="#^nIIp%pAIppA4rpBQriCtsLDts9GtsNH2r%NHavFFawfDaw7AawcypuWvhs$v2o4wBkfyEi2A4hnC2h%nC2hsF0h0HdjqIalqIvoqI6pnIIp^iEJmeESlFDkl4DOkiCMkyBMkZAjlpASlkAJm" /><g i="16" c="278" charCode="108" p="%^gA$v$v$v$vrcgArc" /><g i="17" c="279" charCode="104" p="#^HH$v%oD$v%oDpmoDDlVCblqCLkOBMkxAOkgAlm%gA$v%$v$v%$vrc%gArc%gAYhuADhnBjhhC$gkD$g9F$giG0iHHjjHH_l" /><g i="18" c="280" charCode="115" p="#^yEglICnkFBxkuAIkuABluA7m4BBmUBdnJCRnFDDo9EkpLEdqLEorLEctsDBuZBbwszbwWxbw$vBv%$vFrtw6slxssdyNs$yNsFzNs1AvsyA9syAAryAZq_zsq7zTpxxDo5won5wul5wnkDwnjQx8h$AYgICRgyEnh" /><g i="19" c="281" charCode="55" p="%^$HzgAC$v2x$voCZg$vZg$vrc$Hrc" /><g i="20" c="282" charCode="63" p="#^xFJdtHfftHThtH1kbGTlOEOnGCoo%GCRq%IyRq%IyLlDAIlxBIkhCVjhCHihCGhRBbhcBsgQzsgMxsg$vQh%$vndcyacGAacADacxFJd^TC2uTC5vhCOvIBvwFAvw%FAvwBztw$yNvqy5vqy2uqy$s0zjsDzCrFACrGBCrgCjsTC$sTC2u" /><g i="21" c="283" charCode="68" p="#^WKfmVKUqKIstAG$vzC$v%$v$v%$vrc%CCrcEGrcOI0fYKBhWKfm^LFdmLFNjUEsi2E7hqC7h%UA7h%UAlr%qClrLFlrLFdm" /><g i="22" c="284" charCode="102" p="#^cEsfDDhfcDhf4Chf4Csg%4Cfh%DDfh%DDpk%4Cpk%4C$v%Ox$v%Oxpk%$vpk%$vfh%Oxfh%OxtfOxDd1zFcaAIbdCIb9DIbcEUb" /><g i="23" c="285" charCode="98" p="#^AIFo%AIFoAIQrLGZt0F1wLC1w7B1wgA5v%gA$v%$v$v%$vrc%gArc%gAWhaBkhkCchDCbhWCbhnFbh_GhjBImlAIFo^fEFohEfldCflDAflgArn%gAOpCA0sdC2seE3sfEFo" /><g i="24" c="286" charCode="119" p="%^kOfhVL$vsG$veFgnUD$vsy$v$vfhoAfhuB7qOCfhyHfhSI7qWJfh" /><g i="25" c="287" charCode="46" p="%^dA$v$v$v$vwrdAwr" /><g i="26" c="288" charCode="77" p="%^sQ$vsL$vsL4jEI$vND$v_A4j_A$v$v$v$vrcaErcfGFnGIrcsQrc" /><g i="27" c="289" charCode="107" p="%^HH$vJC$vgAZqgA$v$v$v$vrcgArcgAJllCfhWGfhtDAn" /><g i="28" c="290" charCode="8217" p="%^QzrcOx0i$v0iDwrc" /><g i="29" c="291" charCode="44" p="%^dAvr5y9ymv9y$vvr" /><g i="30" c="292" charCode="109" p="#^dP$v%VK$v%VKrmVKBlpKblWJMkfJQkNHVkNHvm%NH$v%oD$v%oDrmoDDlYC8lzCLkWBLkkBJkRA9lnAAlgApm%gA$v%$v$v%$vfh%gAfh%gA8ivALhgBvh1CehYCehtFehNG1jhHeiiILhjJfhsKfhoMfhJNmidPEjdP1m" /><g i="31" c="293" charCode="49" p="#^AB$v%Iw$v%IwWh%LvWhpwsgCwVf8xhe9xrc%ABrc" /><g i="32" c="294" charCode="50" p="#^$H$v%Pw$v%$vssYyzpyB9mJCDkJC4jJCNgdANg5yNgjwki%jwtdAyic7Bic2EicQFRdLHyfLH4iLHqk0G$mFE2pvEfpyDAqFCtr%$Htr" /><g i="33" c="295" charCode="51" p="#^AG2gLGzgLGchLGDi0GTjfFcl0EFlFF9mvGnnhHvohH$phHvrwGVsLEaw7Aawayaw$vAv%$vCq_xFryzFrLAFrqB3r6Ctq7CzpaCDnvzDnAyDnvxUn%vxYjay7kOy7k5A7kTAqjCBOiuBZhoBphMA_g9Ayg9zygMxyg7wnh%5wNc$xhc_zhcwFhcAG2g" /><g i="34" c="298" charCode="52" p="%^SKesAIesAI$vLD$vLDesYwes$vooCCrcAIrcAI$nSK$n^LD$nLDpi$A$n" /><g i="35" c="299" charCode="53" p="#^jI_ojI7slG5uaEhw9Ahwgyhw$vnv%$vvqJw9rWxAr7z$rgA$r4D$r4DDp4DgnGzgnVxgnawQn%8wrc%kGrc%kGQg%xAQg%xAmj9BhjJBhjcFhjZGsljI2njI_o" /><g i="36" c="300" charCode="54" p="#^OKRnVKuoVK4pVKas$Ieu0HnwYDkwXzfwQxit$vIq$vum$v$iuxkgRz2c0F7ccH9cjJOc%jJLhWGhg$EhgJBhgcBNjDCGi$EGieHGiNIZjuKmlOKRn^NFzpNFPmLDPmOCPmdCunCBcoDBzpFBRqiCCrUCfsLDfs%LDfsNFfsNFzp" /><g i="37" c="301" charCode="45" p="%^pEun$vun$v_kpE_k" /><g i="38" c="302" charCode="122" p="%^7GOkaBlsZFlsZF$vnw$vZvvs$A4lmw4lmwfhWFfh" /><g i="39" c="303" charCode="56" p="#^mKFqmKwtZH2v$FkwhDkwxAkwuy1v$vqt$vzq$v6pOwOnBxum1zPlywpkywvhywpfYxYdIz7ccD7cGG7ctIWdWJnfVJfhSJgkkHJlLIpmyJJnmK1pmKFq^bFVhbF5hBExg0EZfdDZfqCZfRBxghB5hhBVhhBGiRBfjqCQjdDQj%dDQj0EQjBEfjbFGibFVh^nFaqnFhpIEEo2E_n7D_ncC_nxBEoTAhpTAaqTA6rxBMrcCps7Dps%7Dps2EpsIEMrnF6rnFaq" /><g i="40" c="304" charCode="62" p="%^ZH4q$v$v$vtrlECo$vJl$vfhZH7n" /><g i="41" c="305" charCode="48" p="#^aL7maLlq5KzskIkwqDkwnzkwxxht$vNq$vsm$vOhsxkfjz7cGD7caL7caL7m^FFfmFFpgwDpgvBpgvBamvB0sDD0s%DD0sFF0sFFfm" /><g i="42" c="306" charCode="84" p="%^pIbhwEbhwE$vFz$vFzbh$vbh$vrcpIrc" /><g i="43" c="307" charCode="39" p="%^QzrcOx0i$v0iDwrc" /><g i="44" c="308" charCode="33" p="#^LAfc%LzsqJzvqIzvq%WwvqTwvqTwsq%$vfc$vcc2wcc%IAccLAccLAfc^uAOtuATuUzAvizhwfyfwcxfwCwzv1wSu1wOt1wLsDw2sdxlrfylrgznrTz3suALsuAOt" /><g i="45" c="309" charCode="89" p="%^qMrcGG9pGG$vNB$vNB9p1wrcQBrcfEDjTGrc" /><g i="46" c="310" charCode="87" p="%^cSrcWO$vNI$v4H9msF$v7z$v$vrc_ArcoCsn2ErcIJrcvLcn$Mrc" /><g i="47" c="311" charCode="80" p="#^EJgkBJynIHKpQFWr$CWr%UAWr%UA$v%$v$v%$vrc%YCrcZFrcPHHeGJWgEJgk^LEnkLEZi9E5itD5h7C5h%UA5h%UABn%7CBnIEBnLEnk" /><g i="48" c="312" charCode="65" p="#^IJ$v%wE$v%wEws%_Aws%_A$v%$v$v%$vKi$vZfUx3eOz9cJCacIFccIHceIJcgIJ8j^wE6o%wEfjwEqi0ENhwD8hJC8hWB8hsBOh_Asi_Afj%_A6o" /><g i="49" c="313" charCode="78" p="%^VK$vsF$v_Aml_A$v$v$v$vrc6CrcKFMlKFrcVKrc" /></glyphs></font><font id="30" name="UTM American SansBold Charset1_ 6NuRskLW1WM"><glyphs><g i="0" c="256" charCode="67" p="#^aJjvkHkwZEkwYCkwcBBvfzNu1ydt$vAq$vjm$vij4x0heyDewAhdDC1c7F1c6H1c1JWc%1JgigHrhPFrh6Erh2DyiQBPjPBgmNBFo6DWpeE$q_F$qCH$qaJ$p" /><g i="1" c="257" charCode="111" p="#^QIIkEJomEJyoEJJr$HNt1GbwNCbw%NCbwEzbwCxIt1wJr1wyo1wmmWwykHxWilzUhWAWgNCWgFEWgfGVhZHUiQIIk^XECoXEZmhE$lHD8lNC8lVB8liB3mIA_mHAloHA8qiB3rVB_rNC_rGD_rkE4r_E9qXECo" /><g i="2" c="260" charCode="114" p="#^YDulBCplNBUl4BgmSA_mHAvnHAzo%HA$v%$v$v%$v3h%HA3h%HAuiIAXhIBuhIC0hYDZg" /><g i="3" c="261" charCode="101" p="#^CIQp%QAQpQAPqOBBrvC3sRD3s6G3s2IEq%2I5vNFawmDawbAawsyruWvcs$vYn4wtkqypi7ATgvCSg%vCSgFFQggH4jHI3lHIpoHIZoCIQp^8Eqm4EWlADtl5D0lqC_kOB_kiBslPAWlKAqm" /><g i="4" c="262" charCode="99" p="#^0GnvBEawQCawpzawBxQt2wRr2wEo2wmmWwBkKxRiwzOh2BTgXCTgsETgVFBh%VFHlvE2luD2ljC2lEBLlLANmKAloKAnqEBjrrC4sED4sNE4s0Gmr" /><g i="5" c="263" charCode="116" p="#^cESvXC5w_B5wVz5wGy3vsx1usx4s%sxIk%$vIk%$v3h%sx3h%sx9e%bCyc%bC3h%_D3h%_DIk%bCIk%bC5rbC1sZC1skD1scERr" /><g i="6" c="264" charCode="73" p="%^hB$v$v$v$vlchBlc" /><g i="7" c="265" charCode="110" p="#^XH$v%eD$v%eDjmeDHlRCkltCZkYBZkTAZkEAlm%EA$v%$v$v%$v3h%EA3h%EAZhrAEhjBlhbC1hdD3haF8huGciXHpjXH2m" /></glyphs></font><font id="40" name="Open Sans Charset1_ 6BOsHoSA4HD"><glyphs><g i="0" c="384" charCode="78" p="%^oM$v0K$vgA1haA1h#nAFjnASlnA$vsy$vsy9eOA9ewK4tDK4t#BKKsvKYq#qKapsKoosK9eoM9e" /><g i="1" c="385" charCode="117" p="#^2ADi%2Air2AXsOALtyByu7DyueFyucGptaHfsaHFp%aHDi%bJDi%bJ$v%wH$v%eHdu%7HduvGcvoFKvhEfwTCfwrAfwdz5v$xXt$xnr%$xDi" /><g i="2" c="386" charCode="110" p="#^iH$v%iHlniHIlyGVkPF5keE5k7C5k8BelaAmmaA_o%aA$v%9y$v%9yDi%OzDi%7Ask%dAskRAtjZBWi5DnitEniUGni6IyjkJIkkJgn%kJ$v" /><g i="3" c="387" charCode="99" p="#^vDfwBAfw$ytupxGspxoppx1m0zckEAniDDniBEnizFBixGOi4H4j%sGOkNFxk_EmkbEakADakvzakvznpvzRrvAatvBuusDuu7FuuTGMt%TGzvxFfwvDfw" /><g i="4" c="388" charCode="32" p="#" /><g i="5" c="389" charCode="118" p="%^4B$v$vDiayDi3Bzq#1CltcCauiCau#rCwt8Dur#SDspmGDixIDisD$v" /><g i="6" c="390" charCode="105" p="#^aA$v%9y$v%9yDi%aADi^_x$e_xiejy_dFyFdazFdFzFd0A_dnAjenA$enAHf0A1gFzmgazmgFymgjy1g_xHf_x$e" /><g i="7" c="391" charCode="101" p="#^ODfwQAfw6zsupxEspxqppxbm$yhkBAnihDniOFnifH1kJIHlJIoo%JIGp%vzGpzz1sHAgtQBuuTDuu1Guu9IAt%9Iov4HRv6G2w9FfwODfw^fD4kEB4kGA7lJzamyz1o%yG1oyG6mHF5lRE4kfD4k" /><g i="8" c="392" charCode="114" p="#^fEni8FniRFwi%zFpkKEdk6EdkuCdkkBylaASmaAQo%aA$v%8y$v%8yDi%PzDi%2A5l%9A5lUAOjXB5j$CnifEni" /><g i="9" c="393" charCode="97" p="#^nG$v%ZF5u%TF5uTEmvTDPvUCfwoBfwpzfwgyev8xcu8xjs8xfoDD3o%VF_n%VF9nVFAldFQkyE4k3D4koB4kgz6l%FyyjEz0jPAJi$BpiaDpiAFpiJGtjTHxkTHTm%TH$v^OBAuHDAuMEytSFvsSFDq%SFqp%QDvppBBpkAgqgzWqgzksgzrtXz0uCAAuOBAu" /><g i="10" c="394" charCode="109" p="#^cP$v%cPincPHlwOUkQN5koM5kvK5kBJblHIgmHIxo%HI$v%GG$v%GGinGGHl_FUkiF5kRD5kXB5k2BelaAnmaA_o%aA$v%8y$v%8yDi%OzDi%7Ask%dAskOAtjRBWiUCniaEnijHnihIFk%nIFkZIBj6K_ifLniIMniZOni5QyjdRIkdRgn%dR$v" /><g i="11" c="395" charCode="112" p="#^nEfw3Dfw_BMvVAhvaAhu%1AhuaAsvaAvw%aA$B%8y$B%8yDi%OzDi%4Ask%aAskYAmj_BTi1DninEni1HnitIckWJ0mWJipWJBssIqu_GfwnEfw^4E5k1C5k6BelcAmmaARo%aAipaA6s6Bkt2Cyu7EyuSFyuRG8tQHKrQHgpQHMmRGrlSF5k4E5k" /><g i="12" c="396" charCode="100" p="#^fHcu%8HcuKFfwXCfwjAfwSysupxFspxlppx1mSyckkAniXCniFFni6Hmk%gHmk%bHoj%8Hsi%8H$c%aJ$c%aJ$v%wH$v^cDyugFyucGqt8His8HNp%8Hlp8HvmbGilfF4kaD4koB4krAtlvzRmvznpvzXrrAftnByucDyu" /><g i="13" c="397" charCode="116" p="#^tCAu0DAuwDvu0EquiEku%iEUvZD2wkD8wHCfwaCfwiyfwiy9s%iyck%nwck%nwej%iyoi%9zxf%kAxf%kADi%cEDi%cEck%kAck%kA4skAhtUAXttBAutCAu" /><g i="14" c="398" charCode="46" p="#^SxIuSxUtdyttBy2tiz2t$z2toAttOAUtOAIuOAvvoAXv$zmwizmwGymwgy_vSxBvSxIu" /><g i="15" c="399" charCode="70" p="%^xA$vsy$vsy9epI9epI$fxA$fxAxmWHxmWHnoxAno" /><g i="16" c="400" charCode="115" p="#^NGmsNGduoFev$DfwuBfwPyfwkxpv%kxwtiy0uoziuvAAuxBAu6DAuZD4uQEztQExsQELr8EbrtDDqvBTpEzapRyFo3y8oGxunixQmixVlixgkDykjYznigCnirEnivGfj%NFVkMD4k7C4kHA4kYzxkdz_kdzMldzjmuzHmMz3nnApn_ALnJCoo6FgpXF8qNG0rNGms" /><g i="17" c="401" charCode="86" p="#^EI9e%TK9e%rE$v%oC$v%$v9e%cy9e%iCIp$CHrqDAtSDBrzEDp" /><g i="18" c="403" charCode="108" p="%^aA$v9y$v9y$caA$c" /><g i="19" c="404" charCode="80" p="#^MJmjMJ3mVHxn3G_oDC_o%xA_o%xA$v%sy$v%sy9e%4D9eMJ9eMJmj^xAcn%oCcn9FcnoGjmDHqlDHsjDHHhsGQgiFYfRCYf%xAYf" /><g i="20" c="405" charCode="113" p="#^cDyudFyu8Gtt4Hns8HOp%8Hlp8HymbGjleF4kaD4koB4krAtlvzRmvznpvzVrrAetnByucDyu^UCfwjAfwSyrupxCspxlppx3mSydkkAniXCniHFni9Hsk%gHsk%zHDi%aJDi%aJ$B%8H$B%8Hhw8H3vgHcu%6HcuJFfwUCfw" /><g i="21" c="406" charCode="104" p="#^iH$v%iHmniHJlyGWkPF6keE6k6C6k8BglaApmaA0p%aA$v%9y$v%9y$c%aA$c%aALiaAOj4Auk%cAukOAwjUBZi$CpiqEpiTGpi5IAjkJKkkJhn%kJ$v" /><g i="22" c="407" charCode="98" p="#^nEpi$GpisIckWJ$lWJipWJBssIqu_GfwnEfw3Dfw_BMvVAhvaAhu%1Ahu%Bz$v%8y$v%8y$c%aA$c%aADhaAaj4Apk%aApkBBpinEpi^4E6k$B6k4BilaAumaAipaA7s6Blt2Cyu7Eyu$FyuVGbtQHQrQHhpQHGmVGol$F6k4E6k" /><g i="23" c="408" charCode="111" p="#^HJipHJAs1IquoGfwuDfwIBfwjApvWyzu9y_spxprpxippx1m1zckGAniADnioGni1IfkHJ6mHJip^vzipvzSrwActyByuyDyuxFyuzGdtBHTrBHipBHLmzGqlxF5kwD5kxB5kwAplvzImvzip" /><g i="24" c="409" charCode="102" p="#^aEbk%MAbk%MA$v%Ly$v%Lybk%mwbk%mwhj%Lyyi%LyOhLyTc3DTc6ETcyFid%0FWeRDye0DyeTByejBjfMA4gMALh%MADi%aEDi" /><g i="25" c="410" charCode="103" p="#^6JDi%6JVj%DGckZGDkeHjlvH$lvHTmvHQo9G$pPEartCarTBarlB4r2AMr2AOs2AltvACtYATt3CTt%qETtBGTtMHOuXIIvXIsxXIGz9HQAnF$BYB$Bkz$BUx0Btw2Atwgytw2xfx9w2ygvszYuXyJuByeufyKtfy5tfymsEyPr1zgrTzLqQyjqayipxxgoxxYmxxLkRyzjaAniACniEDnitEDi^qyeyqykzlzUzgAsAZBsAxEsALFHz_GWy_GDx_GxwjG6wEFHvNDHv%lBHvZzHvbzlwqy$wqyey^xzVmxzjojA1p6BLpxCLpvFLpvFTmvFSjvCSj3BSjiADkxzolxzVm" /><g i="26" c="411" charCode="121" p="#^1wDi%cyDi%7Bfq5CSskC0u%qC0uACot4DUrBDoqoGDi%zIDi%QCSxZB6AQA2BHz$B1y$B5x$BbwOB%bwaASwjAIxjANzjAGAZx%qB3w" /><g i="27" c="412" charCode="77" p="%^mG$viAbgcAbg#nA3inAFknA$vsy$vsy9eAB9eeHTskHTs1N9e8Q9e8Q$v3O$v3Ovk#3OxieOcg8Ocg1I$v" /><g i="28" c="413" charCode="76" p="%^sy$vsy9exA9exA7uoI7uoI$v" /><g i="29" c="414" charCode="44" p="#^gA5t%sAnt8ABuxzcwXyQxiydz%Mwdz5xYxux4wUxdu2y5t" /><g i="30" c="415" charCode="73" p="%^sy$vsy9exA9exA$v" /></glyphs></font></bwFonts>