﻿<?xml version="1.0" encoding="utf-8"?>
<manifest identifier="_5l5e8PAVzTh_course_id" version="1.0" xmlns="http://www.imsproject.org/xsd/imscp_rootv1p1p2" xmlns:adlcp="http://www.adlnet.org/xsd/adlcp_rootv1p2" xmlns:xsi="http://www.w3.org/2001/XMLSchema-instance" xsi:schemaLocation="http://www.imsproject.org/xsd/imscp_rootv1p1p2 imscp_rootv1p1p2.xsd http://www.imsglobal.org/xsd/imsmd_rootv1p2p1 imsmd_rootv1p2p1.xsd http://www.adlnet.org/xsd/adlcp_rootv1p2 adlcp_rootv1p2.xsd">
  <metadata>
    <schema>ADL SCORM</schema>
    <schemaversion>1.2</schemaversion>
    <lom xmlns="http://www.imsglobal.org/xsd/imsmd_rootv1p2p1" xmlns:xsi="http://www.w3.org/2001/XMLSchema-instance" xsi:schemaLocation="http://www.imsglobal.org/xsd/imsmd_rootv1p2p1 imsmd_rootv1p2p1.xsd">
      <general>
        <title>
          <langstring xml:lang="x-none">changduongdabuocqua</langstring>
        </title>
      </general>
      <lifecycle>
        <version>
          <langstring xml:lang="x-none">1</langstring>
        </version>
        <status>
          <source>
            <langstring xml:lang="x-none">LOMv1.0</langstring>
          </source>
          <value>
            <langstring xml:lang="x-none">Final</langstring>
          </value>
        </status>
      </lifecycle>
      <metametadata>
        <metadatascheme>ADL SCORM 1.2</metadatascheme>
      </metametadata>
      <educational>
        <typicallearningtime>
          <datetime>PT0H0M0S</datetime>
        </typicallearningtime>
      </educational>
      <rights>
        <cost>
          <source>
            <langstring xml:lang="x-none">LOMv1.0</langstring>
          </source>
          <value>
            <langstring xml:lang="x-none">yes</langstring>
          </value>
        </cost>
        <copyrightandotherrestrictions>
          <source>
            <langstring xml:lang="x-none">LOMv1.0</langstring>
          </source>
          <value>
            <langstring xml:lang="x-none">yes</langstring>
          </value>
        </copyrightandotherrestrictions>
      </rights>
    </lom>
  </metadata>
  <organizations default="changduongdabuocqua_ORG">
    <organization identifier="changduongdabuocqua_ORG">
      <title>changduongdabuocqua</title>
      <item identifier="Weekly_Challenge_24_SCO" isvisible="true" identifierref="__5l5e8PAVzTh_course_id_RES">
        <title>changduongdabuocqua</title>
      </item>
    </organization>
  </organizations>
  <resources>
    <resource identifier="__5l5e8PAVzTh_course_id_RES" type="webcontent" href="index_lms.html" adlcp:scormtype="sco">
      <file href="story_content/thumbnail.jpg" />
      <file href="story_content/video_5o81CPVgivP_22_48_720x406.mp4" />
      <file href="mobile/video_5o81CPVgivP_22_48_720x406.jpg" />
      <file href="story_content/6j19bKfJ7u7_80_DX208_DY208.swf" />
      <file href="mobile/6j19bKfJ7u7_80_DX208_DY208_CX155_CY63.png" />
      <file href="mobile/6j19bKfJ7u7_80_DX208_DY208_CX155_CY63.swf" />
      <file href="story_content/video_5a01xC5F2qo_22_48_720x406.mp4" />
      <file href="mobile/video_5a01xC5F2qo_22_48_720x406.jpg" />
      <file href="story_content/67DrAbL63VX_22050_48_0.mp3" />
      <file href="story_content/txt__default_5XdwIFikrY1.swf" />
      <file href="story_content/txt__default_5knX5DwWisY.swf" />
      <file href="story_content/txt__default_62IY7bjHp4c.swf" />
      <file href="story_content/txt__default_5nGNWk4Vn6O.swf" />
      <file href="story_content/txt__default_6krfCxPzuwf.swf" />
      <file href="story_content/txt__default_6jho2h7B2YY.swf" />
      <file href="story_content/txt__default_6TV7bQrvFNY.swf" />
      <file href="story_content/6nxKNak3A6o_80_DX162_DY162.swf" />
      <file href="mobile/6nxKNak3A6o_80_DX162_DY162_CX47_CY39.png" />
      <file href="mobile/6nxKNak3A6o_80_DX162_DY162_CX47_CY39.swf" />
      <file href="story_content/6O0IyIFeNFp_80_DX254_DY254.swf" />
      <file href="mobile/6O0IyIFeNFp_80_DX254_DY254_CX188_CY40.png" />
      <file href="mobile/6O0IyIFeNFp_80_DX254_DY254_CX188_CY40.swf" />
      <file href="mobile/6nxKNak3A6o_80_DX162_DY162_CX73_CY60.png" />
      <file href="mobile/6nxKNak3A6o_80_DX162_DY162_CX73_CY60.swf" />
      <file href="mobile/6nxKNak3A6o_80_DX162_DY162_CX34_CY28.png" />
      <file href="mobile/6nxKNak3A6o_80_DX162_DY162_CX34_CY28.swf" />
      <file href="story_content/6FGnnZ6mqHt_80_DX172_DY172.swf" />
      <file href="mobile/6FGnnZ6mqHt_80_DX172_DY172_CX90_CY129.png" />
      <file href="mobile/6FGnnZ6mqHt_80_DX172_DY172_CX90_CY129.swf" />
      <file href="story_content/5Y8cljZ4dXy_80_DX132_DY132.swf" />
      <file href="mobile/5Y8cljZ4dXy_80_DX132_DY132_CX48_CY48.png" />
      <file href="mobile/5Y8cljZ4dXy_80_DX132_DY132_CX48_CY48.swf" />
      <file href="story_content/6FCTslVlZgB_80_DX230_DY230.swf" />
      <file href="mobile/6FCTslVlZgB_80_DX230_DY230_CX172_CY168.png" />
      <file href="mobile/6FCTslVlZgB_80_DX230_DY230_CX172_CY168.swf" />
      <file href="story_content/5sEhUcOvca7_80_DX210_DY210.swf" />
      <file href="mobile/5sEhUcOvca7_80_DX210_DY210_CX141_CY129.png" />
      <file href="mobile/5sEhUcOvca7_80_DX210_DY210_CX141_CY129.swf" />
      <file href="story_content/5sEhUcOvca7_80_DX212_DY212.swf" />
      <file href="mobile/5sEhUcOvca7_80_DX212_DY212_CX141_CY129.png" />
      <file href="mobile/5sEhUcOvca7_80_DX212_DY212_CX141_CY129.swf" />
      <file href="story_content/5Y8cljZ4dXy_80_DX130_DY130.swf" />
      <file href="mobile/5Y8cljZ4dXy_80_DX130_DY130_CX72_CY72.png" />
      <file href="mobile/5Y8cljZ4dXy_80_DX130_DY130_CX72_CY72.swf" />
      <file href="mobile/5Y8cljZ4dXy_80_DX130_DY130_CX37_CY37.png" />
      <file href="mobile/5Y8cljZ4dXy_80_DX130_DY130_CX37_CY37.swf" />
      <file href="story_content/5fiYNCSD1ZR_22050_48_0.mp3" />
      <file href="story_content/5mPo33W6Uov_22050_48_0.mp3" />
      <file href="story_content/txt__default_5q9wgFuevRI.swf" />
      <file href="story_content/txt__default_6blKaG7JfLV.swf" />
      <file href="story_content/txt__default_6cqigqORUYG.swf" />
      <file href="story_content/txt__default_6KvOtQwc9Tm.swf" />
      <file href="story_content/txt__default_5kX9jggQPkr.swf" />
      <file href="story_content/txt__default_5ZyFnvTLpA5.swf" />
      <file href="story_content/txt__default_6K4RJrOYOg2.swf" />
      <file href="story_content/6NNRtAUh0iw_22050_48_0.mp3" />
      <file href="story_content/66O2gTzsVof_22050_48_0.mp3" />
      <file href="story_content/txt__default_5xR1e378NZc.swf" />
      <file href="story_content/txt__default_6g5YU2FVyL4.swf" />
      <file href="story_content/txt__default_6N3V1rZ76WQ.swf" />
      <file href="story_content/txt__default_6eZmmvcJpEf.swf" />
      <file href="story_content/txt__default_6Ohd9gYJkEU.swf" />
      <file href="story_content/txt__default_66laKpHGSES.swf" />
      <file href="story_content/txt__default_6QFTXBePzJc.swf" />
      <file href="story_content/5WwPHGq27cR_80_DX200_DY200.swf" />
      <file href="mobile/5WwPHGq27cR_80_DX200_DY200_CX149_CY105.png" />
      <file href="mobile/5WwPHGq27cR_80_DX200_DY200_CX149_CY105.swf" />
      <file href="story_content/5XBdw775Zmm_80_DX312_DY312.jpg" />
      <file href="mobile/5XBdw775Zmm_80_DX312_DY312_CX128_CY128.jpg" />
      <file href="story_content/txt__default_6pAgjyv7OcL.swf" />
      <file href="story_content/6nwrOTfpqev_22050_48_0.mp3" />
      <file href="story_content/txt__default_6mP65nVUYcB.swf" />
      <file href="story_content/txt__default_6VYcB0SJpCd.swf" />
      <file href="story_content/txt__default_5yxFaRjuD2S.swf" />
      <file href="story_content/txt__default_5kruTRXYm1I.swf" />
      <file href="story_content/txt__default_5ekBB0cfSDT.swf" />
      <file href="story_content/txt__default_5x78aGK8iPc.swf" />
      <file href="story_content/txt__default_5sOZ0UoXyzE.swf" />
      <file href="story_content/txt__default_6MfUwzV5eOo.swf" />
      <file href="story_content/txt__default_6EhFdZo0pO3.swf" />
      <file href="story_content/txt__default_6c319WnqJTI.swf" />
      <file href="story_content/txt__default_6ogAKaecDoS.swf" />
      <file href="story_content/txt__default_5zWJlxMKoE8.swf" />
      <file href="story_content/txt__default_5gyHtWisND8.swf" />
      <file href="story_content/txt__default_5cfQT8ePixl.swf" />
      <file href="story_content/txt__default_6LvaMqeVuBk.swf" />
      <file href="story_content/txt__default_5isyR3xznPP.swf" />
      <file href="story_content/txt__default_6178tQr1uR9.swf" />
      <file href="story_content/txt__default_6oDG857rqSr.swf" />
      <file href="story_content/txt__default_6iFyTSYJGCR.swf" />
      <file href="story_content/txt__default_6DPJoW0FEZ2.swf" />
      <file href="story_content/txt__default_5sfXz2uDqqN.swf" />
      <file href="story_content/txt__default_5byve1t7za9.swf" />
      <file href="story_content/txt__default_5yfEf7pzxH5.swf" />
      <file href="story_content/txt__default_6W7qcUdJ0ko.swf" />
      <file href="story_content/txt__default_6ZapHdcbudD.swf" />
      <file href="story_content/txt__default_6hELjziU5CP.swf" />
      <file href="story_content/txt__default_6C17hQBQRVI.swf" />
      <file href="story_content/txt__default_6WtsXgO3bvU.swf" />
      <file href="story_content/txt__default_5iizthmVnWS.swf" />
      <file href="story_content/txt__default_6YzmAk3b6tT.swf" />
      <file href="story_content/txt__default_6KK88NAMkLi.swf" />
      <file href="story_content/txt__default_65pLctr93YH.swf" />
      <file href="story_content/txt__default_6pfG1dZt1jl.swf" />
      <file href="story_content/txt__default_5e59daZrYni.swf" />
      <file href="story_content/txt__default_6kFMGc5jWXA.swf" />
      <file href="story_content/txt__default_68xJQj8NXRq.swf" />
      <file href="story_content/txt__default_5heB4bFkGRf.swf" />
      <file href="story_content/txt__default_5XruJv48OOZ.swf" />
      <file href="story_content/txt__default_69Ex23Cdxmk.swf" />
      <file href="story_content/txt__default_6Q4s3jTRBZW.swf" />
      <file href="story_content/txt__default_5hGRRSzzBNb.swf" />
      <file href="story_content/txt__default_61dDySbbRX3.swf" />
      <file href="story_content/txt__default_5sALensrDsY.swf" />
      <file href="story_content/txt__default_5fTPxEQZuTw.swf" />
      <file href="story_content/txt__default_6A5PwxQOmC2.swf" />
      <file href="story_content/txt__default_5dLefynI08p.swf" />
      <file href="story_content/txt__default_6WIUqGGHIcG.swf" />
      <file href="story_content/txt__default_6DMEg7xwhj5.swf" />
      <file href="story_content/txt__default_5ttWboJdxYz.swf" />
      <file href="story_content/txt__default_5jkgAOIhmMo.swf" />
      <file href="story_content/txt__default_6PJiDX6ShLk.swf" />
      <file href="story_content/txt__default_68h8UTQWOAm.swf" />
      <file href="story_content/txt__default_5qnotop6N3m.swf" />
      <file href="story_content/txt__default_66ALybwh9J5.swf" />
      <file href="story_content/txt__default_6B9mz2yr0XP.swf" />
      <file href="story_content/txt__default_5k0KVZi8nHs.swf" />
      <file href="story_content/txt__default_5aJx9UNCzrg.swf" />
      <file href="story_content/txt__default_69Q1HYcZDnT.swf" />
      <file href="story_content/txt__default_6SXTEHVg3Nk.swf" />
      <file href="story_content/txt__default_5wm15O2DH01.swf" />
      <file href="story_content/txt__default_6BM6kWnJopv.swf" />
      <file href="story_content/txt__default_6JavfynHiDL.swf" />
      <file href="story_content/txt__default_6Cr2VydzCrA.swf" />
      <file href="story_content/txt__default_6XZL90KhUhJ.swf" />
      <file href="story_content/txt__default_5mWFtfW34if.swf" />
      <file href="story_content/txt__default_6iOZ2Tud3Z6.swf" />
      <file href="story_content/txt__default_6CLMPchQV2Z.swf" />
      <file href="story_content/txt__default_6ZQyt91Pgee.swf" />
      <file href="story_content/txt__default_5t7XIYSgqzm.swf" />
      <file href="story_content/txt__default_6bd1NU7WFl2.swf" />
      <file href="story_content/txt__default_5sTEjuMaoO5.swf" />
      <file href="story_content/txt__default_67VLPplgq7y.swf" />
      <file href="story_content/txt__default_6UM3YfyBpgM.swf" />
      <file href="story_content/txt__default_5nOUgcJ5EYo.swf" />
      <file href="story_content/txt__default_5VSkl4VFyzZ.swf" />
      <file href="story_content/txt__default_6M7aNjwXfYi.swf" />
      <file href="story_content/txt__default_6jxIFXtJfss.swf" />
      <file href="story_content/txt__default_5Uv7ZDdpaBy.swf" />
      <file href="story_content/txt__default_6dQUiCZrvIc.swf" />
      <file href="story_content/txt__default_6AuVd3bhNqT.swf" />
      <file href="story_content/txt__default_6aB8uDg2UlZ.swf" />
      <file href="story_content/txt__default_6mHmdes6J8d.swf" />
      <file href="story_content/txt__default_6WqrWWFXY5F.swf" />
      <file href="story_content/txt__default_6m3HP2dbsLq.swf" />
      <file href="story_content/txt__default_5uZeWX1E8KL.swf" />
      <file href="story_content/txt__default_60GWI1uRBav.swf" />
      <file href="story_content/txt__default_6kyN3Svqyw8.swf" />
      <file href="story_content/txt__default_6gPfuBM0oBw.swf" />
      <file href="story_content/txt__default_6R26GDtuS83.swf" />
      <file href="story_content/txt__default_5iQYbHsCmp6.swf" />
      <file href="story_content/txt__default_6XAn6tk1Cao.swf" />
      <file href="story_content/txt__default_6OOXIFZJ6K2.swf" />
      <file href="story_content/txt__default_5q7Zi9T0tif.swf" />
      <file href="story_content/txt__default_5d0GNvLpjWW.swf" />
      <file href="story_content/txt__default_6H7FyjA96qS.swf" />
      <file href="story_content/txt__default_64uIemZJJzR.swf" />
      <file href="story_content/txt__default_5oMsgtDCW40.swf" />
      <file href="story_content/txt__default_6qzP4i19Y1k.swf" />
      <file href="story_content/txt__default_5Ui9JNcjHCI.swf" />
      <file href="story_content/txt__default_5Vs8YI8EwML.swf" />
      <file href="story_content/txt__default_61dyVin5WlP.swf" />
      <file href="story_content/txt__default_5ihliZmownp.swf" />
      <file href="story_content/txt__default_5f8bEAJk2s9.swf" />
      <file href="story_content/txt__default_6oXp8IQvEKz.swf" />
      <file href="story_content/txt__default_5mw2wpSet7D.swf" />
      <file href="story_content/6r3MTVNxVCw_80_DX162_DY162.jpg" />
      <file href="mobile/6r3MTVNxVCw_80_DX162_DY162_CX121_CY118.jpg" />
      <file href="story_content/6b6gQItKBVs_80_DX172_DY172.jpg" />
      <file href="mobile/6b6gQItKBVs_80_DX172_DY172_CX67_CY126.jpg" />
      <file href="story_content/5ytbqva8eRE_80_DX180_DY180.jpg" />
      <file href="mobile/5ytbqva8eRE_80_DX180_DY180_CX75_CY135.jpg" />
      <file href="story_content/5wNjZu3snRa_80_DX192_DY192.jpg" />
      <file href="mobile/5wNjZu3snRa_80_DX192_DY192_CX76_CY144.jpg" />
      <file href="mobile/5wNjZu3snRa_80_DX192_DY192_CX70_CY132.jpg" />
      <file href="story_content/62RY9ZepkzC_80_DX160_DY160.jpg" />
      <file href="mobile/62RY9ZepkzC_80_DX160_DY160_CX62_CY120.jpg" />
      <file href="story_content/5WwPHGq27cR_80_P_0_0_700_232_DX200_DY200.swf" />
      <file href="mobile/5WwPHGq27cR_80_P_0_0_700_232_DX200_DY200_CX148_CY49.png" />
      <file href="mobile/5WwPHGq27cR_80_P_0_0_700_232_DX200_DY200_CX148_CY49.swf" />
      <file href="mobile/5WwPHGq27cR_80_DX200_DY200_CX116_CY82.png" />
      <file href="mobile/5WwPHGq27cR_80_DX200_DY200_CX116_CY82.swf" />
      <file href="story_content/6jpypVONgnn_22050_48_0.mp3" />
      <file href="story_content/6PwXQOzGvCE_80_P_0_10_358_318_DX198_DY198.swf" />
      <file href="mobile/6PwXQOzGvCE_80_P_0_10_358_318_DX198_DY198_CX148_CY132.png" />
      <file href="mobile/6PwXQOzGvCE_80_P_0_10_358_318_DX198_DY198_CX148_CY132.swf" />
      <file href="mobile/5WwPHGq27cR_80_DX200_DY200_CX102_CY72.png" />
      <file href="mobile/5WwPHGq27cR_80_DX200_DY200_CX102_CY72.swf" />
      <file href="story_content/6JvJv3MpEp5_22050_48_0.mp3" />
      <file href="story_content/txt__default_6S0yQZKxKSM.swf" />
      <file href="story_content/txt__default_6obdeS44imT.swf" />
      <file href="story_content/txt__default_5rxsEcHnsIm.swf" />
      <file href="story_content/txt__default_5iltbrYj6SL.swf" />
      <file href="story_content/txt__default_5oHYab5swzZ.swf" />
      <file href="story_content/txt__default_6TVW2zay6YL.swf" />
      <file href="story_content/txt__default_5XLJDBWAHcV.swf" />
      <file href="story_content/5jEVeQmLrmB_80_DX128_DY128.swf" />
      <file href="mobile/5jEVeQmLrmB_80_DX128_DY128_CX96_CY96.png" />
      <file href="mobile/5jEVeQmLrmB_80_DX128_DY128_CX96_CY96.swf" />
      <file href="story_content/64M9k4btekk_80_DX128_DY128.swf" />
      <file href="mobile/64M9k4btekk_80_DX128_DY128_CX96_CY96.png" />
      <file href="mobile/64M9k4btekk_80_DX128_DY128_CX96_CY96.swf" />
      <file href="story_content/6HhXuKsl2mD_80_DX124_DY124.swf" />
      <file href="mobile/6HhXuKsl2mD_80_DX124_DY124_CX63_CY93.png" />
      <file href="mobile/6HhXuKsl2mD_80_DX124_DY124_CX63_CY93.swf" />
      <file href="story_content/Shape5yQ9Zwzi45I.swf" />
      <file href="mobile/64M9k4btekk_80_DX128_DY128_CX34_CY34.png" />
      <file href="mobile/64M9k4btekk_80_DX128_DY128_CX34_CY34.swf" />
      <file href="mobile/5jEVeQmLrmB_80_DX128_DY128_CX45_CY45.png" />
      <file href="mobile/5jEVeQmLrmB_80_DX128_DY128_CX45_CY45.swf" />
      <file href="mobile/6HhXuKsl2mD_80_DX124_DY124_CX31_CY45.png" />
      <file href="mobile/6HhXuKsl2mD_80_DX124_DY124_CX31_CY45.swf" />
      <file href="story_content/5o8ZzH1bQOW_22050_48_0.mp3" />
      <file href="story_content/5q4vx88xgqj_22050_48_0.mp3" />
      <file href="story_content/txt__default_6c8QTwsBMaD.swf" />
      <file href="story_content/txt__default_5gcyiM7mNsk.swf" />
      <file href="story_content/txt__default_6BsQmTkzxeJ.swf" />
      <file href="story_content/txt__default_5h2dvjepM9m.swf" />
      <file href="story_content/txt__default_6dBzLQUlYpK.swf" />
      <file href="story_content/txt__default_5nlSzE4MieJ.swf" />
      <file href="story_content/txt__default_62kSs6K2qOS.swf" />
      <file href="story_content/6nD3Ial2l3K_80_DX230_DY230.swf" />
      <file href="mobile/6nD3Ial2l3K_80_DX230_DY230_CX170_CY43.png" />
      <file href="mobile/6nD3Ial2l3K_80_DX230_DY230_CX170_CY43.swf" />
      <file href="story_content/5bWjPD6yE5s_80_DX158_DY158.swf" />
      <file href="mobile/5bWjPD6yE5s_80_DX158_DY158_CX118_CY83.png" />
      <file href="mobile/5bWjPD6yE5s_80_DX158_DY158_CX118_CY83.swf" />
      <file href="story_content/6R2jo74LJAQ_22050_48_0.mp3" />
      <file href="story_content/6NAogaakTAj_22050_48_0.mp3" />
      <file href="story_content/txt__default_6KVdnp2gQWI.swf" />
      <file href="story_content/txt__default_6YkyIg0ZEPC.swf" />
      <file href="story_content/txt__default_6hprONMJFsV.swf" />
      <file href="story_content/txt__default_6df7oZwBQnL.swf" />
      <file href="story_content/txt__default_5fawfG8ay3O.swf" />
      <file href="story_content/txt__default_6nAC6YXHIqS.swf" />
      <file href="story_content/txt__default_6ANYnbJC7H6.swf" />
      <file href="story_content/5rKWqBL6gtI_80_DX162_DY162.swf" />
      <file href="mobile/5rKWqBL6gtI_80_DX162_DY162_CX107_CY96.png" />
      <file href="mobile/5rKWqBL6gtI_80_DX162_DY162_CX107_CY96.swf" />
      <file href="story_content/txt__default_6OdA17OBHwA.swf" />
      <file href="story_content/txt__default_6mmVCTrPz1p.swf" />
      <file href="story_content/txt__default_5mJqvEdyLVy.swf" />
      <file href="story_content/txt__default_6LvkSf3xMvq.swf" />
      <file href="story_content/5b2x7a3HSIq_22050_48_0.mp3" />
      <file href="story_content/5wDLSxrOKPN_22050_48_0.mp3" />
      <file href="story_content/txt__default_5nHjeS8V6uA.swf" />
      <file href="story_content/txt__default_5WEK3JYT5bY.swf" />
      <file href="story_content/txt__default_5r3Y7LR2qHy.swf" />
      <file href="story_content/txt__default_5sss8ty5J08.swf" />
      <file href="story_content/txt__default_5ynm9TUz7eu.swf" />
      <file href="story_content/txt__default_6pzKsDJqxXA.swf" />
      <file href="story_content/txt__default_6TMRWYAtCfP.swf" />
      <file href="story_content/5w2IkQpp5g4_80_DX246_DY246.swf" />
      <file href="mobile/5w2IkQpp5g4_80_DX246_DY246_CX184_CY90.png" />
      <file href="mobile/5w2IkQpp5g4_80_DX246_DY246_CX184_CY90.swf" />
      <file href="story_content/5nNWznbpPBb_22050_48_0.mp3" />
      <file href="story_content/5XX9vXvNfFo_22050_48_0.mp3" />
      <file href="story_content/txt__default_6CyGzDKfsWi.swf" />
      <file href="story_content/txt__default_6GixYGbCYP4.swf" />
      <file href="story_content/txt__default_6fKpZ5UKKCR.swf" />
      <file href="story_content/txt__default_5modYzQq7fH.swf" />
      <file href="story_content/txt__default_6Qr6ZgBwy2N.swf" />
      <file href="story_content/txt__default_61OxhUCOHDR.swf" />
      <file href="story_content/txt__default_5w1HvWhOCnz.swf" />
      <file href="story_content/5b9tu4SNLd4_80_DX268_DY268.swf" />
      <file href="mobile/5b9tu4SNLd4_80_DX268_DY268_CX87_CY201.png" />
      <file href="mobile/5b9tu4SNLd4_80_DX268_DY268_CX87_CY201.swf" />
      <file href="story_content/603uNZn0p6l_22050_48_0.mp3" />
      <file href="story_content/5zir4DTgfmj_22050_48_0.mp3" />
      <file href="story_content/txt__default_6gAHDhAf48q.swf" />
      <file href="story_content/txt__default_6dxwPsl4WqA.swf" />
      <file href="story_content/txt__default_6C5EaMHpKF8.swf" />
      <file href="story_content/txt__default_5qdvdYoE8fO.swf" />
      <file href="story_content/txt__default_6BsuQKhMaMQ.swf" />
      <file href="story_content/txt__default_5xpqrKGJnDE.swf" />
      <file href="story_content/txt__default_6I8KeRTDGB5.swf" />
      <file href="story_content/5bI1o18HYaq_80_DX232_DY232.swf" />
      <file href="mobile/5bI1o18HYaq_80_DX232_DY232_CX174_CY171.png" />
      <file href="mobile/5bI1o18HYaq_80_DX232_DY232_CX174_CY171.swf" />
      <file href="story_content/5a24IokchHU_80_DX266_DY266.swf" />
      <file href="mobile/5a24IokchHU_80_DX266_DY266_CX199_CY134.png" />
      <file href="mobile/5a24IokchHU_80_DX266_DY266_CX199_CY134.swf" />
      <file href="story_content/5WQiVdUFZvh_22050_48_0.mp3" />
      <file href="story_content/6rocTgaRU1Z_22050_48_0.mp3" />
      <file href="meta.xml" />
      <file href="story_content/FontFactory.swf" />
      <file href="story_content/fonts.swf" />
      <file href="story_content/fonts.xml" />
      <file href="story_content/frame.xml" />
      <file href="story_content/frame.json" />
      <file href="story_content/user.js" />
      <file href="mobile/app_store.png" />
      <file href="mobile/mobile_icon.png" />
      <file href="mobile/linen_background.jpg" />
      <file href="mobile/txt__default_5XdwIFikrY1.png" />
      <file href="mobile/txt__default_5knX5DwWisY.png" />
      <file href="mobile/txt__default_62IY7bjHp4c.png" />
      <file href="mobile/txt__default_5nGNWk4Vn6O.png" />
      <file href="mobile/txt__default_6krfCxPzuwf.png" />
      <file href="mobile/txt__default_6jho2h7B2YY.png" />
      <file href="mobile/txt__default_6TV7bQrvFNY.png" />
      <file href="mobile/txt__default_5q9wgFuevRI.png" />
      <file href="mobile/txt__default_6blKaG7JfLV.png" />
      <file href="mobile/txt__default_6cqigqORUYG.png" />
      <file href="mobile/txt__default_6KvOtQwc9Tm.png" />
      <file href="mobile/txt__default_5kX9jggQPkr.png" />
      <file href="mobile/txt__default_5ZyFnvTLpA5.png" />
      <file href="mobile/txt__default_6K4RJrOYOg2.png" />
      <file href="mobile/txt__default_5xR1e378NZc.png" />
      <file href="mobile/txt__default_6g5YU2FVyL4.png" />
      <file href="mobile/txt__default_6N3V1rZ76WQ.png" />
      <file href="mobile/txt__default_6eZmmvcJpEf.png" />
      <file href="mobile/txt__default_6Ohd9gYJkEU.png" />
      <file href="mobile/txt__default_66laKpHGSES.png" />
      <file href="mobile/txt__default_6QFTXBePzJc.png" />
      <file href="mobile/txt__default_6pAgjyv7OcL.png" />
      <file href="mobile/txt__default_6mP65nVUYcB.png" />
      <file href="mobile/txt__default_6VYcB0SJpCd.png" />
      <file href="mobile/txt__default_5yxFaRjuD2S.png" />
      <file href="mobile/txt__default_5kruTRXYm1I.png" />
      <file href="mobile/txt__default_5ekBB0cfSDT.png" />
      <file href="mobile/txt__default_5x78aGK8iPc.png" />
      <file href="mobile/txt__default_5sOZ0UoXyzE.png" />
      <file href="mobile/txt__default_6MfUwzV5eOo.png" />
      <file href="mobile/txt__default_6EhFdZo0pO3.png" />
      <file href="mobile/txt__default_6c319WnqJTI.png" />
      <file href="mobile/txt__default_6ogAKaecDoS.png" />
      <file href="mobile/txt__default_5zWJlxMKoE8.png" />
      <file href="mobile/txt__default_5gyHtWisND8.png" />
      <file href="mobile/txt__default_5cfQT8ePixl.png" />
      <file href="mobile/txt__default_6LvaMqeVuBk.png" />
      <file href="mobile/txt__default_5isyR3xznPP.png" />
      <file href="mobile/txt__default_6178tQr1uR9.png" />
      <file href="mobile/txt__default_6oDG857rqSr.png" />
      <file href="mobile/txt__default_6iFyTSYJGCR.png" />
      <file href="mobile/txt__default_6DPJoW0FEZ2.png" />
      <file href="mobile/txt__default_5sfXz2uDqqN.png" />
      <file href="mobile/txt__default_5byve1t7za9.png" />
      <file href="mobile/txt__default_5yfEf7pzxH5.png" />
      <file href="mobile/txt__default_6W7qcUdJ0ko.png" />
      <file href="mobile/txt__default_6ZapHdcbudD.png" />
      <file href="mobile/txt__default_6hELjziU5CP.png" />
      <file href="mobile/txt__default_6C17hQBQRVI.png" />
      <file href="mobile/txt__default_6WtsXgO3bvU.png" />
      <file href="mobile/txt__default_5iizthmVnWS.png" />
      <file href="mobile/txt__default_6YzmAk3b6tT.png" />
      <file href="mobile/txt__default_6KK88NAMkLi.png" />
      <file href="mobile/txt__default_65pLctr93YH.png" />
      <file href="mobile/txt__default_6pfG1dZt1jl.png" />
      <file href="mobile/txt__default_5e59daZrYni.png" />
      <file href="mobile/txt__default_6kFMGc5jWXA.png" />
      <file href="mobile/txt__default_68xJQj8NXRq.png" />
      <file href="mobile/txt__default_5heB4bFkGRf.png" />
      <file href="mobile/txt__default_5XruJv48OOZ.png" />
      <file href="mobile/txt__default_69Ex23Cdxmk.png" />
      <file href="mobile/txt__default_6Q4s3jTRBZW.png" />
      <file href="mobile/txt__default_5hGRRSzzBNb.png" />
      <file href="mobile/txt__default_61dDySbbRX3.png" />
      <file href="mobile/txt__default_5sALensrDsY.png" />
      <file href="mobile/txt__default_5fTPxEQZuTw.png" />
      <file href="mobile/txt__default_6A5PwxQOmC2.png" />
      <file href="mobile/txt__default_5dLefynI08p.png" />
      <file href="mobile/txt__default_6WIUqGGHIcG.png" />
      <file href="mobile/txt__default_6DMEg7xwhj5.png" />
      <file href="mobile/txt__default_5ttWboJdxYz.png" />
      <file href="mobile/txt__default_5jkgAOIhmMo.png" />
      <file href="mobile/txt__default_6PJiDX6ShLk.png" />
      <file href="mobile/txt__default_68h8UTQWOAm.png" />
      <file href="mobile/txt__default_5qnotop6N3m.png" />
      <file href="mobile/txt__default_66ALybwh9J5.png" />
      <file href="mobile/txt__default_6B9mz2yr0XP.png" />
      <file href="mobile/txt__default_5k0KVZi8nHs.png" />
      <file href="mobile/txt__default_5aJx9UNCzrg.png" />
      <file href="mobile/txt__default_69Q1HYcZDnT.png" />
      <file href="mobile/txt__default_6SXTEHVg3Nk.png" />
      <file href="mobile/txt__default_5wm15O2DH01.png" />
      <file href="mobile/txt__default_6BM6kWnJopv.png" />
      <file href="mobile/txt__default_6JavfynHiDL.png" />
      <file href="mobile/txt__default_6Cr2VydzCrA.png" />
      <file href="mobile/txt__default_6XZL90KhUhJ.png" />
      <file href="mobile/txt__default_5mWFtfW34if.png" />
      <file href="mobile/txt__default_6iOZ2Tud3Z6.png" />
      <file href="mobile/txt__default_6CLMPchQV2Z.png" />
      <file href="mobile/txt__default_6ZQyt91Pgee.png" />
      <file href="mobile/txt__default_5t7XIYSgqzm.png" />
      <file href="mobile/txt__default_6bd1NU7WFl2.png" />
      <file href="mobile/txt__default_5sTEjuMaoO5.png" />
      <file href="mobile/txt__default_67VLPplgq7y.png" />
      <file href="mobile/txt__default_6UM3YfyBpgM.png" />
      <file href="mobile/txt__default_5nOUgcJ5EYo.png" />
      <file href="mobile/txt__default_5VSkl4VFyzZ.png" />
      <file href="mobile/txt__default_6M7aNjwXfYi.png" />
      <file href="mobile/txt__default_6jxIFXtJfss.png" />
      <file href="mobile/txt__default_5Uv7ZDdpaBy.png" />
      <file href="mobile/txt__default_6dQUiCZrvIc.png" />
      <file href="mobile/txt__default_6AuVd3bhNqT.png" />
      <file href="mobile/txt__default_6aB8uDg2UlZ.png" />
      <file href="mobile/txt__default_6mHmdes6J8d.png" />
      <file href="mobile/txt__default_6WqrWWFXY5F.png" />
      <file href="mobile/txt__default_6m3HP2dbsLq.png" />
      <file href="mobile/txt__default_5uZeWX1E8KL.png" />
      <file href="mobile/txt__default_60GWI1uRBav.png" />
      <file href="mobile/txt__default_6kyN3Svqyw8.png" />
      <file href="mobile/txt__default_6gPfuBM0oBw.png" />
      <file href="mobile/txt__default_6R26GDtuS83.png" />
      <file href="mobile/txt__default_5iQYbHsCmp6.png" />
      <file href="mobile/txt__default_6XAn6tk1Cao.png" />
      <file href="mobile/txt__default_6OOXIFZJ6K2.png" />
      <file href="mobile/txt__default_5q7Zi9T0tif.png" />
      <file href="mobile/txt__default_5d0GNvLpjWW.png" />
      <file href="mobile/txt__default_6H7FyjA96qS.png" />
      <file href="mobile/txt__default_64uIemZJJzR.png" />
      <file href="mobile/txt__default_5oMsgtDCW40.png" />
      <file href="mobile/txt__default_6qzP4i19Y1k.png" />
      <file href="mobile/txt__default_5Ui9JNcjHCI.png" />
      <file href="mobile/txt__default_5Vs8YI8EwML.png" />
      <file href="mobile/txt__default_61dyVin5WlP.png" />
      <file href="mobile/txt__default_5ihliZmownp.png" />
      <file href="mobile/txt__default_5f8bEAJk2s9.png" />
      <file href="mobile/txt__default_6oXp8IQvEKz.png" />
      <file href="mobile/txt__default_5mw2wpSet7D.png" />
      <file href="mobile/txt__default_6S0yQZKxKSM.png" />
      <file href="mobile/txt__default_6obdeS44imT.png" />
      <file href="mobile/txt__default_5rxsEcHnsIm.png" />
      <file href="mobile/txt__default_5iltbrYj6SL.png" />
      <file href="mobile/txt__default_5oHYab5swzZ.png" />
      <file href="mobile/txt__default_6TVW2zay6YL.png" />
      <file href="mobile/txt__default_5XLJDBWAHcV.png" />
      <file href="mobile/Shape5yQ9Zwzi45I.png" />
      <file href="mobile/txt__default_6c8QTwsBMaD.png" />
      <file href="mobile/txt__default_5gcyiM7mNsk.png" />
      <file href="mobile/txt__default_6BsQmTkzxeJ.png" />
      <file href="mobile/txt__default_5h2dvjepM9m.png" />
      <file href="mobile/txt__default_6dBzLQUlYpK.png" />
      <file href="mobile/txt__default_5nlSzE4MieJ.png" />
      <file href="mobile/txt__default_62kSs6K2qOS.png" />
      <file href="mobile/txt__default_6KVdnp2gQWI.png" />
      <file href="mobile/txt__default_6YkyIg0ZEPC.png" />
      <file href="mobile/txt__default_6hprONMJFsV.png" />
      <file href="mobile/txt__default_6df7oZwBQnL.png" />
      <file href="mobile/txt__default_5fawfG8ay3O.png" />
      <file href="mobile/txt__default_6nAC6YXHIqS.png" />
      <file href="mobile/txt__default_6ANYnbJC7H6.png" />
      <file href="mobile/txt__default_6OdA17OBHwA.png" />
      <file href="mobile/txt__default_6mmVCTrPz1p.png" />
      <file href="mobile/txt__default_5mJqvEdyLVy.png" />
      <file href="mobile/txt__default_6LvkSf3xMvq.png" />
      <file href="mobile/txt__default_5nHjeS8V6uA.png" />
      <file href="mobile/txt__default_5WEK3JYT5bY.png" />
      <file href="mobile/txt__default_5r3Y7LR2qHy.png" />
      <file href="mobile/txt__default_5sss8ty5J08.png" />
      <file href="mobile/txt__default_5ynm9TUz7eu.png" />
      <file href="mobile/txt__default_6pzKsDJqxXA.png" />
      <file href="mobile/txt__default_6TMRWYAtCfP.png" />
      <file href="mobile/txt__default_6CyGzDKfsWi.png" />
      <file href="mobile/txt__default_6GixYGbCYP4.png" />
      <file href="mobile/txt__default_6fKpZ5UKKCR.png" />
      <file href="mobile/txt__default_5modYzQq7fH.png" />
      <file href="mobile/txt__default_6Qr6ZgBwy2N.png" />
      <file href="mobile/txt__default_61OxhUCOHDR.png" />
      <file href="mobile/txt__default_5w1HvWhOCnz.png" />
      <file href="mobile/txt__default_6gAHDhAf48q.png" />
      <file href="mobile/txt__default_6dxwPsl4WqA.png" />
      <file href="mobile/txt__default_6C5EaMHpKF8.png" />
      <file href="mobile/txt__default_5qdvdYoE8fO.png" />
      <file href="mobile/txt__default_6BsuQKhMaMQ.png" />
      <file href="mobile/txt__default_5xpqrKGJnDE.png" />
      <file href="mobile/txt__default_6I8KeRTDGB5.png" />
      <file href="story.swf" />
      <file href="story_content/frame.swf" />
      <file href="story_content/slides/5dReKwyPBsl.swf" />
      <file href="mobile/slides/5dReKwyPBsl.gz" />
      <file href="story_content/slides/6po9Sdq5pz9.swf" />
      <file href="mobile/slides/6po9Sdq5pz9.gz" />
      <file href="story_content/slides/6R8q2HhpOXd.swf" />
      <file href="mobile/slides/6R8q2HhpOXd.gz" />
      <file href="story_content/slides/6Db8N21w5YX.swf" />
      <file href="mobile/slides/6Db8N21w5YX.gz" />
      <file href="story_content/slides/65eR3bNNT49.swf" />
      <file href="mobile/slides/65eR3bNNT49.gz" />
      <file href="story_content/slides/5mXEWnNLnAL.swf" />
      <file href="mobile/slides/5mXEWnNLnAL.gz" />
      <file href="story_content/slides/6fj7DpQMSMR.swf" />
      <file href="mobile/slides/6fj7DpQMSMR.gz" />
      <file href="story_content/slides/6Sadr0C7E7e.swf" />
      <file href="mobile/slides/6Sadr0C7E7e.gz" />
      <file href="story_content/slides/6UwlA8IzPcc.swf" />
      <file href="mobile/slides/6UwlA8IzPcc.gz" />
      <file href="story_content/slides/61ED8Eau3BO.swf" />
      <file href="mobile/slides/61ED8Eau3BO.gz" />
      <file href="story_content/slides/6OYkEYYdWd2.swf" />
      <file href="mobile/slides/6OYkEYYdWd2.gz" />
      <file href="story_content/slides/5wGWqdniifu.swf" />
      <file href="mobile/slides/5wGWqdniifu.gz" />
      <file href="story_content/slides/6PeaVDvHIAO.swf" />
      <file href="mobile/slides/6PeaVDvHIAO.gz" />
      <file href="story_content/slides/5hDKkF5tqV1.swf" />
      <file href="mobile/slides/5hDKkF5tqV1.gz" />
      <file href="story_content/slides/6EIlNvvUfaP.swf" />
      <file href="mobile/slides/6EIlNvvUfaP.gz" />
      <file href="story_content/slides/6W7ms8YNeJ0.swf" />
      <file href="mobile/slides/6W7ms8YNeJ0.gz" />
      <file href="story_content/slides/5lyvIeNwBWG.swf" />
      <file href="mobile/slides/5lyvIeNwBWG.gz" />
      <file href="story_content/slides/6if9ai8CH1g.swf" />
      <file href="mobile/slides/6if9ai8CH1g.gz" />
      <file href="story_content/slides/6FaQ2NoTZj0.swf" />
      <file href="mobile/slides/6FaQ2NoTZj0.gz" />
      <file href="story_content/slides/5kvXYEyF8oA.swf" />
      <file href="mobile/slides/5kvXYEyF8oA.gz" />
      <file href="story_content/slides/66MRaZ2JCte.swf" />
      <file href="mobile/slides/66MRaZ2JCte.gz" />
      <file href="story_content/slides/63UnxW9MkBM.swf" />
      <file href="mobile/slides/63UnxW9MkBM.gz" />
      <file href="story_content/slides/5wCBSKvAjQx.swf" />
      <file href="mobile/slides/5wCBSKvAjQx.gz" />
      <file href="story_content/slides/6is7FT1MyXk.swf" />
      <file href="mobile/slides/6is7FT1MyXk.gz" />
      <file href="story_content/slides/5bPVVCyPY0D.swf" />
      <file href="mobile/slides/5bPVVCyPY0D.gz" />
      <file href="story_content/slides/5oaKh4QvJeE.swf" />
      <file href="mobile/slides/5oaKh4QvJeE.gz" />
      <file href="story_content/data.swf" />
      <file href="mobile/data.gz" />
      <file href="html5/data/css/output.min.css" />
      <file href="html5/data/js/5bPVVCyPY0D.js" />
      <file href="html5/data/js/5dReKwyPBsl.js" />
      <file href="html5/data/js/5hDKkF5tqV1.js" />
      <file href="html5/data/js/5kvXYEyF8oA.js" />
      <file href="html5/data/js/5lyvIeNwBWG.js" />
      <file href="html5/data/js/5mXEWnNLnAL.js" />
      <file href="html5/data/js/5oaKh4QvJeE.js" />
      <file href="html5/data/js/5wCBSKvAjQx.js" />
      <file href="html5/data/js/5wGWqdniifu.js" />
      <file href="html5/data/js/61ED8Eau3BO.js" />
      <file href="html5/data/js/63UnxW9MkBM.js" />
      <file href="html5/data/js/65eR3bNNT49.js" />
      <file href="html5/data/js/66MRaZ2JCte.js" />
      <file href="html5/data/js/6Db8N21w5YX.js" />
      <file href="html5/data/js/6EIlNvvUfaP.js" />
      <file href="html5/data/js/6FaQ2NoTZj0.js" />
      <file href="html5/data/js/6fj7DpQMSMR.js" />
      <file href="html5/data/js/6if9ai8CH1g.js" />
      <file href="html5/data/js/6is7FT1MyXk.js" />
      <file href="html5/data/js/6OYkEYYdWd2.js" />
      <file href="html5/data/js/6PeaVDvHIAO.js" />
      <file href="html5/data/js/6po9Sdq5pz9.js" />
      <file href="html5/data/js/6R8q2HhpOXd.js" />
      <file href="html5/data/js/6Sadr0C7E7e.js" />
      <file href="html5/data/js/6UwlA8IzPcc.js" />
      <file href="html5/data/js/6W7ms8YNeJ0.js" />
      <file href="html5/data/js/data.js" />
      <file href="html5/data/js/frame.js" />
      <file href="html5/data/js/paths.js" />
      <file href="html5/lib/scripts/app.min.js" />
      <file href="html5/lib/stylesheets/main.min.css" />
      <file href="html5/lib/stylesheets/mobile-fonts/open-sans-bold.woff" />
      <file href="html5/lib/stylesheets/mobile-fonts/open-sans-light.woff" />
      <file href="html5/lib/stylesheets/mobile-fonts/open-sans-regular.woff" />
      <file href="story.html" />
      <file href="story_flash.html" />
      <file href="story_html5.html" />
      <file href="story_content/blank.html" />
      <file href="story_content/story.js" />
      <file href="amplaunch.html" />
      <file href="mobile/mobileinstall.html" />
      <file href="index_lms.html" />
      <file href="index_lms_html5.html" />
      <file href="index_lms_flash.html" />
      <file href="lms/AICCComm.html" />
      <file href="lms/AICCFunctions.js" />
      <file href="lms/API.js" />
      <file href="lms/APIConstants.js" />
      <file href="lms/blank.html" />
      <file href="lms/browsersniff.js" />
      <file href="lms/Configuration.js" />
      <file href="lms/goodbye.html" />
      <file href="lms/lms.js" />
      <file href="lms/LMSAPI.js" />
      <file href="lms/NONEFunctions.js" />
      <file href="lms/SCORM2004Functions.js" />
      <file href="lms/SCORMFunctions.js" />
      <file href="lms/UtilityFunctions.js" />
    </resource>
  </resources>
</manifest>