﻿<?xml version="1.0" encoding="utf-8"?><bwFonts xmlns:xsi="http://www.w3.org/2001/XMLSchema-instance" xmlns:xsd="http://www.w3.org/2001/XMLSchema" fontfactoryurl="story_content/FontFactory.swf"><font id="00" name="ArialBold Charset1_ 6dxokHbLa6R"><glyphs><g i="0" c="888" charCode="89" p="%^wC$vwCtoZv5ecA5eqEblyI5eJM5e7Guo7G$v" /><g i="1" c="889" charCode="111" p="#^$wlp$wDnRx1mHyrkdABjMBLiGDLiCGLiuIFknKzmnKupnKqstImuAGiwIDiwWBiwiAvvHyHuRx8t$wAr$wlp^wAxpwAsrqBuslCvtHDvt1FvtXFusRGsrRGvpRGBnXFAm1FylHDyllCylqBAmwABnwAxp" /><g i="2" c="896" charCode="117" p="#^jG$v%jG3uCF5vsEIviDiw0CiwJAiwGzKvEy9vay7uJx4tJxer%Jx1j%9B1j%9B_o9BJrlBlsxBYs1CjtxCGtiDGtaEGtSEbtyFIsOF$r3Ghr3Gvo%3G1j%vJ1j%vJ$v" /><g i="3" c="897" charCode="32" p="#" /><g i="4" c="898" charCode="109" p="#^xx1j%HA1j%HAOkoCLiKELi_FLiVGgjQHNjpIPkgJNjfKgjfLLinMLiONLiNOkjNPVjgQ1lDQSlDQJn%DQ$v%bN$v%bNBobNGmQM6mmMnlmLnlEKnl$JPlnJfm5J6nPIYnPINp%PI$v%nF$v%nFVonF0nbFtm0FVlDEEleEnlADnlNCnl8CPlwBemeB2nZARnZAIp%ZA$v%xx$v" /><g i="5" c="899" charCode="115" p="#^Bwjs%1ANrfANsWAitBBPtPCPt8EPtPEktgF_sgFpsgF0s0FMrMEwrTDjrJzpqCyEp3xBo3xKm3x2loyVjJzLixCLibFLiuGDjNHukgIbm%1FNmQE1meEDlFDdlACdleBdlEABlfASlfAimfAFmBAVm3BfnODTnyGvoDHppIIjqIIYrIIKtcH0vJFiwPCiw9AiwCyev3x9uBwjs" /><g i="6" c="907" charCode="116" p="#^KD1j%KDMl%oBMl%oB$qoBAssBRsxB6tMBht$BstlCstQCstJD7t%0ENvPCiwjBiwnAiwDz_vUyGvyybvcyHu3yRtYxftYxqr%YxMl%nwMl%nw1j%Yx1j%Yxsg%oBre%oB1j" /><g i="7" c="909" charCode="99" p="#^5JTm%JFunyFtmXEZlkEslmDsl4CsljBlmyAdnyAipyABrjBys5CvtpDvtoEvt0FYsEFosUF1r%gJCrKIWtfH6vMFiwgDiwpAiwJyvu1xIs1xxp1xkmJyykqALijDLiHFLi4HMjuINk5JTm" /><g i="8" c="930" charCode="112" p="#^Ix1j%VA1j%VAXkxBYjBCmjFDLiXELicHLiMIxklKimlKsplKIsLIvuaHiwWEiwRDiwZCTv6Crv8Bpu%8BXA%IxXA^5Bip5BurYBxsQCAt4EAtgFAt3GDsSGFrSGtpSGrn1GsmdFsl0EslLCslWBqm5Bon5Bip" /><g i="9" c="1328" charCode="108" p="%^Ox$vOx5eeB5eeB$v" /><g i="10" c="1367" charCode="101" p="#^iFTr%JIss3IkuEGjvdFiw4DiwIziw4y5uOwjsOwDpOwpmuyAkaALiKCLiEFLijHGk_IAmVIwq%jAwqlA2s8BUsXBKt6DKtWDKttEit0FSsiFTr^vFqotFWmKE9m$DnlYCnlQBnl5BbmmA0nnAqo" /><g i="11" c="1368" charCode="104" p="#^cB5e%cBIkSCLiaFLimGLijHbjgIDjKIjkdJ$koJQlAJFmAJpo%AJ$v%8G$v%8G9p8G7nXFAmLF0mfFIlMEnl0EnlaDnlvCOlQBcmwB2ncBTncBwp%cB$v%Mx$v%Mx5e" /><g i="12" c="1376" charCode="113" p="#^fGXA%fGquAFhvAEOvADiwqCiwdAiwOyEu6xIs6xnp6xfmHyvkgALiCCLiVDLiREijOFRjxGYk%xG1j%HJ1j%HJXA^mGnpmGnnyFpmLErlxDrliCrlsBrmDAqnDAzpDAIrqBFseCBtpDBtAEBttFxsmGtrmGnp" /><g i="13" c="1416" charCode="105" p="%^OxghOx5eeB5eeBgh^Ox$vOx1jeB1jeB$v" /><g i="14" c="1419" charCode="110" p="#^AJ$v%8G$v%8Gop8GinWFHmIF3mcFJlJEnl1Enl8DnlqCSlJBlmsB9ncBZncB7q%cB$v%Mx$v%Mx1j%YA1j%YAXkFCLidFLimGLiiH9jeIzjJIckcJRkoJFlAJsmAJYn" /><g i="15" c="1420" charCode="98" p="#^Ex$v%Ex5e%4B5e%4BzkFCLiQELicHLiLItkiKamiKopiKIsJIvu8HiwTEiwMDiwHCLvCBbvQA5u%QA$v^2Bfp2BgrHBdsACBt2EBtbFBt_FDsNGFrNGzpNGlnZFmmaFnlVDnlHCnlSBlm2Bin2Bfp" /><g i="16" c="1424" charCode="102" p="#^iw1j%cy1j%cy3icyqgyyDfVyPeQzjeMAOdbCOdFDOd3Fee%BEDgNDqg1DqghCqgYBNgEB7hEB6i%EB1j%cE1j%cEKl%EBKl%EB$v%cy$v%cyKl%iwKl" /><g i="17" c="1480" charCode="114" p="#^4B$v%Ex$v%Ex1j%QA1j%QATkEBzjiC9jYCLiNDLiYELi2Goj%$Eom7EQlnDQlFCQl9CemFBDmmBFn4BHo4B$r" /><g i="18" c="1481" charCode="103" p="#^txRw%oBjxuB$xRBgykCEynDEyJEEyoFeyRFZx4GnxeGXweGOv%fGVtIE$vmC$vLz$veyOt1x2s1xsp1xbmBytkaALivCLiVELitGSk%tG1j%GJ1j%GJGuGJZwiJ5yWIezeITzyHxApGUAgFgBwDgBdAgBQy7Asx$ysxgxsx5xtxRw^yAfpyAjrlBhs8CetjDetzEetqFfshGgrhGlphGknsFmmDEnlmDnl8CnllBlmyAinyAfp" /><g i="19" c="1482" charCode="46" p="%^Nx$vNxzsdBzsdB$v" /><g i="20" c="1483" charCode="69" p="%^Qx$vQx5e4L5e4L7hrB7hrB5lpK5lpK7orB7orBZsqLZsqL$v" /><g i="21" c="1484" charCode="121" p="#^aw1j%Qz1j%XCes%YF1j%vJ1j%XEwv%6EMxFDVyfDvzRC6AjCtANBRA$A2BeAgBfzgBgygBjx3B%$wnyPxxysyxyFzxydAQxOA7x6B1w" /><g i="22" c="1485" charCode="97" p="#^mA$m%fxrmNxzk3zFjlALiTCLiaFLihGijpHRjSHGkkIvlkIKn%hIKrhIstrIguCI4v3J$v%GF$vxFFvlF_ufFHudFAulErvlDTvlCiwcBiwcziw2ydvUw7uUwtsUwmrpxvqXxEpTybpQzKoDBoo1EXnYEyn%YEcnYEdmsEOlZDnlDCnlIBnlbBKlGA5mmA$m^YENpiE$pSCjqrBCq$AVqkAnrkA6skAQsSAmtpBTteCTt9DTt$DgtDEOsPE7sYEHrYEtq" /><g i="23" c="1486" charCode="100" p="#^GJ$v%uG$v%uG5uHFcvCELvxDiwrCiwcAiwCyvu1xIs1xtp1xamAytk7ALiuCLiFELieGzk%eG5e%GJ5e^yAfpyAkr7BfsXBBtqDBtBEBtqFBsfGArfGApfGlnrFmmEEnlpDnlbCnlmBlmyAjnyAfp" /><g i="24" c="1487" charCode="119" p="%^cA$v6w1jrz1jTBxr6E1jpH1jzJxr2M1jrP1jgL$vZH$vLFFnyD$v" /><g i="25" c="1515" charCode="58" p="%^rytmry1jTB1jTBtm^ry$vryzsTBzsTB$v" /><g i="26" c="1516" charCode="87" p="%^kA$v4w5eNz5etCoqKF5e2K5ebNBqWP5ezT5eeP$vnL$vPHCigE$v" /><g i="27" c="1517" charCode="107" p="%^Gx$vGx5e6B5e6BBn7F1jlJ1jWENnFJ$vZF$vICaq6BRr6B$v" /><g i="28" c="1518" charCode="63" p="#^9Fnr%2Cnr1CIq1Czq1C2pxC4o1D5nxETl1GFkkGhkNGHjNGYiNGZh_FghbFygQDygxCygEBihMA1irAzj%hxajqx_g8zsfTAWdGDWdEGWdnItf7K0h7K3j7KbkuJclRIdmLGYnFFSooFpp7FYp9Fnr^2C$v%2Czs%9Fzs%9F$v" /></glyphs></font><font id="10" name="Arial Charset1_ 6dd9OZ3XGe5"><glyphs><g i="0" c="888" charCode="79" p="#^cxhncxQiBzjg_BNdNFNdfINdeKZeeM9ghNhikOokkO3nkOOpdNYr7M5u6Kcv5IiwMFiweDiweB4vfzStdyLrcxDpcxhn^EzjnEzyqnBps7DguLFgurIgu9KosULvqUL2nULSk8LejpKCh_IJgzHPfOFPfgDPfsByhEzgjEzjn" /><g i="1" c="889" charCode="75" p="%^Qx$vQx5ecA5ecAZm5J5eiM5eOEmlDM$vvJ$v8DYmcAOpcA$v" /><g i="2" c="896" charCode="89" p="#^ZC$v%ZCqo%4w5e%Yy5e%uCvjtD$kiEwm6F7lfGmj%KJ5e%uM5e%lFqo%lF$v" /><g i="3" c="897" charCode="101" p="#^xGPr%OI6sgI5uPGcvmFiw5DiwfAiwAyyuWwOsWwDpWwlmCyykiAKi_CKiAFKidHwkTIhmTIupTIHpSI4q%bz4qjzdsoAmtuBuu6DuukEuuaFRt1GctxGPr^jzgo%zGgoqGDmKFPlHEyk$CykuByksAzlqzAmjzgo" /><g i="4" c="898" charCode="115" p="#^Mw7s%XyNr7z5tYzOtOAuuiCuuPDuuyETthFfthFqshFGrEEfrbEYqoCvqYzUp0zsp5y$oCxdo7xqn7xtm7xClwxTkWx7kCyEj7zgj$z$iUAKiVBKirDKiBEajLFCjiGmkSG6l3Hnm%VEGmMEGl2E6llDyk3CykyAykUz2lfzylfzdmfzEmwz_mNzlnmAAnHAHnjC8oFELoAF9pvGyp0HjqyH3ryHbsyHitVGgugGev2FMvRDiwjCiwNziwsyfv7xbuMw7s" /><g i="5" c="899" charCode="78" p="%^Vx$vVx5ekA5eKJ9sKJ5e$L5e$L$vAJ$vaAXhaA$v" /><g i="6" c="907" charCode="111" p="#^QwwpQwVlQyakvAKiVCKiBFKihHuk_Iem_Ikp_IRreIhtuHIu2GvvCEiwVCiwbAiwvyyuQwOsQwwp^5zwp5z$raAftgBuuVCuuyEuuDFetJG_rJGrpJG1nDFOlxEykVCykgBykaANl5z0n5zwp" /></glyphs></font><font id="20" name="UTM American Sans Charset1_ 6alxzAZwhjf"><glyphs><g i="0" c="256" charCode="84" p="%^pIbhwEbhwE$vFz$vFzbh$vbh$vrcpIrc" /><g i="1" c="257" charCode="82" p="#^8K$v%CE$v%9Ckq%UAkq%UA$v%$v$v%$vrc%YCrc4GrcVHceMJ0gMJajMJVkZIrmaIYnTGUo^FEtjFEsi4ENhoD0h6C0h%UA0h%UATl%6CTlCETlFEtj" /><g i="2" c="260" charCode="7892" p="#^$Mdm_M6rVKHtLIkwvEkw8whw$vdmWvph6yMeiA7cvE7cII7cSKMe1Nph$Mdm^SHdmTHYgvEYgRCYg$Bki9BHjaBdmdBtrvEvr%vEvrOHwrSHdm^SGU3AHA3mIA3wJA3hKb42LO42LR52LH6xKq7_Jb89Jq8%9JW8%AHW8%AHn7lIm7HIZ6$IE6$Ia6$IL5QIz5AIh51Ih5pHh5SGA5^EIob%$Fob%vEa9%_Cob%kAob%9DL7%QFL7" /><g i="3" c="261" charCode="32" p="#" /><g i="4" c="262" charCode="192" p="#^IJ$v%wE$v%wEws%_Aws%_A$v%$v$v%$vKi$vZfUx3eOz9cJCacIFccIHceIJcgIJ8j^wE6o%wEfjwEqi0ENhwD8hJC8hWB8hsBOh_Asi_Afj%_A6o^CEvb%xCvb%yAL7%ADL7" /><g i="5" c="263" charCode="73" p="%^TA$v$v$v$vrcTArc" /><g i="6" c="264" charCode="72" p="%^tJ$vyE$vyE$qUA$qUA$v$v$v$vrcUArcUAdmyEdmyErctJrc" /><g i="7" c="265" charCode="7884" p="#^$Mdm_M6rVKHtLIkwvEkw8whw$vdmWvph6yMeiA7cvE7cII7cSKMe1Nph$Mdm^SHdmTHYgvEYgRCYg$Bki9BHjaBdmdBtrvEvr%vEvrOHwrSHdm^fGAzfGgAKFNAeFiBvEiB%vEiBNDiBgDNALCgALCAzLCRygDkyNDPxvEPxeFPxKFkyfGRyfGAz" /><g i="8" c="266" charCode="65" p="#^IJ$v%wE$v%wEws%_Aws%_A$v%$v$v%$vKi$vZfUx3eOz9cJCacIFccIHceIJcgIJ8j^wE6o%wEfjwEqi0ENhwD8hJC8hWB8hsBOh_Asi_Afj%_A6o" /><g i="9" c="267" charCode="83" p="#^8HTh9FQgQDQg4DQgvCbhQBAhQBhiQB$iCCDjGDskLEgl$FimDGdnqHooqHXpqHlsKFeuODkwvAkwvykw$vxv%$viqEwWqLxmrTyOrRzOrJAOrfBqrWBYqWBcqWBnpcBJoJAfoBzunuyJm$xim8wEk8w8i8wHgQwnfnyqcxC9cLE$b8HIc" /><g i="10" c="270" charCode="296" p="#^TA$v%$v$v%$vrc%TArc^Ix_8Pyh9czh9_zh9_zn8%$Bn8$Bhb9AhbyzhbpyXahxBaYwBakwBakwjb%eujbeuH81wH8AwH8Ix_8" /><g i="11" c="271" charCode="79" p="#^$Mdm_M6rVKHtLIkwvEkw8whw$vdmWvph6yMeiA7cvE7cII7cSKMe1Nph$Mdm^SHdmTHYgvEYgRCYg$Bki9BHjaBdmdBtrvEvr%vEvrOHwrSHdm" /><g i="12" c="274" charCode="7840" p="#^IJ$v%wE$v%wEws%_Aws%_A$v%$v$v%$vKi$vZfUx3eOz9cJCacIFccIHceIJcgIJ8j^wE6o%wEfjwEqi0ENhwD8hJC8hWB8hsBOh_Asi_Afj%_A6o^sEAzsEgAXDNArDiBJCiB%JCiB_BiBtBNAYAgAYAAzYARytBky_BPxJCPxrDPxXDkysERysEAz" /><g i="13" c="275" charCode="272" p="#^xMfmvMUqkKstaI$v9E$v%Bx$v%Bxun%$vun%$vYk%BxYk%Bxrc%cErcfIrcoK0fyMBhxMfm^mHdmmHNjvGsiFF7h2E7h%tC8h%tCYk%DEYk%DEun%tCun%tClr%2ElrmHlrmHdm" /><g i="14" c="276" charCode="7896" p="#^$Mdm_M6rVKHtLIkwvEkw8whw$vdmWvph6yMeiA7cvE7cII7cSKMe1Nph$Mdm^SHdmTHYgvEYgRCYg$Bki9BHjaBdmdBtrvEvr%vEvrOHwrSHdm^EIob%$Fob%vEa9%_Cob%kAob%9DL7%QFL7^fGAzfGgAKFNAeFiBvEiB%vEiBNDiBgDNALCgALCAzLCRygDkyNDPxvEPxeFPxKFkyfGRyfGAz" /><g i="15" c="277" charCode="78" p="%^VK$vsF$v_Aml_A$v$v$v$vrc6CrcKFMlKFrcVKrc" /><g i="16" c="278" charCode="71" p="#^NKIuSHnw6EjwsAdwcyft4woq$v4mWv5iWxsfJz4dFCqcRD9c6F9cbH9c_JZc%_JciLHfghFvgvDHgqC0idBvjaB7m9BcoNBGpxCqr4EGrWEQr4Gkr%4G2p%xD2p%xD2l%NK2l" /><g i="17" c="279" charCode="75" p="%^QJ$v7E$vUARoUA$v$v$v$vrcUArcUAYjeErcaJrcGE2m" /><g i="18" c="280" charCode="201" p="%^OG$v$v$v$vrcIGrcIGbhUAbhUAYjtGYjtGvoUAvoUAkrOGkr^6EL77Cvb2Avb4BL7" /><g i="19" c="281" charCode="45" p="%^pEun$vun$v_kpE_k" /><g i="20" c="282" charCode="7842" p="#^IJ$v%wE$v%wEws%_Aws%_A$v%$v$v%$vKi$vZfUx3eOz9cJCacIFccIHceIJcgIJ8j^wE6o%wEfjwEqi0ENhwD8hJC8hWB8hsBOh_Asi_Afj%_A6o^XAe6EBW5rCW5ADW5lEx67F877Fb87F19CEM93ExadDMa%dDgb%FBgb%FBJ9pCI9MCj93D_83Dw83D58UCV7ECD75CD7uBD7XAW7" /><g i="21" c="283" charCode="7855" p="#^pH$v%1D$v%1DhvNB4wuA4wIy4wqxLu9wqt$vqr%$vqrTv2pqxxnTy5m1B5m3C5m1Dum1DglRC4llCskSAskqyskqxBl%qxNhmzWgNBWgaEWgFFThpH$ipHgl^$CWr%$CZpUCDpwCpp9CapJBcp4BdpDAJpaAdqaAYqaAGrDAbs4BHsJBIsJCLs$CWr^tDPc%NFPcDF2eYEUeWDagcCagzAagwzUeQy2eIyPc%$APc4BfdiBBdFB7ecC7eMC7e9DBdoDgdtDPc^8CX8%aFX8%bDIc%6BIc" /><g i="22" c="284" charCode="112" p="#^AIooBIKrYGVtkF4wTC4wCC4wkC1w%kC1w7BVvgAiv%gArB%$vrB%$vfh%gAfh%gA8iUAshvCfhRCehaDehBFeh3HbjyI8lAIoo^fECofEclcCclCAclgAsn%gAQpDA$rcC$rfE$rfECo" /><g i="23" c="285" charCode="120" p="%^LIfh9F4oGI$vZD$voCfrGA$v2w$vMzgo$vfhGAfhqCAlZDfh" /><g i="24" c="286" charCode="7871" p="#^nIIp%pAIppA4rpBQriCtsLDts9GtsNH2r%NHavFFawfDaw7AawcypuWvhs$v2o4wBkfyEi2A4hnC2h%nC2hsF0h0HdjqIalqIvoqI6pnIIp^iEJmeESlFDkl4DOkiCMkyBMkZAjlpASlkAJm^kJx9%mHhd%hFhd%iGx9^yG5g%UD5g%oCTd%VA5g%dy5g%2Brc%KDrc" /><g i="25" c="287" charCode="99" p="#^IFtvsEawICawlzawAxTt2wWr2wLo2wumTwOkJx$ioz0iZA4hQC4hiE4hBFIh%BFulvEQknDQk4CQkfBJllALmkAIokACqkBDrcCvsyDvsOEvsIFNr" /><g i="26" c="288" charCode="225" p="#^pH$v%1D$v%1DhvNB4wuA4wIy4wqxLu9wqt$vqr%$vqrTv2pqxxnTy5m1B5m3C5m1Dum1DglRC4llCskSAskqyskqxBl%qxNhmzWgNBWgaEWgFFThpH$ipHgl^$CWr%$CZpUCDpwCpp9CapJBcp4BdpDAJpaAdqaAYqaAGrDAbs4BHsJBIsJCLs$CWr^zErc%ACcg%vAcg%xBrc" /><g i="27" c="289" charCode="253" p="#^LHywLH$yHFiAUDqBaBqBpyqBxwnA%xwswmy$xYA$xtD$xtDkw%tD7vfDvvwCMvNB1wRA1wVy1wBxTu$vst$vzq%$vfh%lAfh%lAIqlAtrPAZriBtsWBtscDtstDJq%tDfh%LHfh^VErc%WCcg%RAcg%TBrc" /><g i="28" c="290" charCode="98" p="#^AIFo%AIFoAIQrLGZt0F1wLC1w7B1wgA5v%gA$v%$v$v%$vrc%gArc%gAWhaBkhkCchDCbhWCbhnFbh_GhjBImlAIFo^fEFohEfldCflDAflgArn%gAOpCA0sdC2seE3sfEFo" /><g i="29" c="291" charCode="234" p="#^nIIp%pAIppA4rpBQriCtsLDts9GtsNH2r%NHavFFawfDaw7AawcypuWvhs$v2o4wBkfyEi2A4hnC2h%nC2hsF0h0HdjqIalqIvoqI6pnIIp^iEJmeESlFDkl4DOkiCMkyBMkZAjlpASlkAJm^yG5g%UD5g%oCTd%VA5g%dy5g%2Brc%KDrc" /><g i="30" c="292" charCode="110" p="#^GH$v%nD$v%nDnmnDDlVCblrCLkQBLkvALkdAnm%dA$v%$v$v%$vfh%dAfh%dAcisAOhhBwh6Ceh6Dfh$EkhbGhiGHxjGH5m" /><g i="31" c="293" charCode="100" p="#^AI$v%nE$v%kEbvtD4wTB4wBz4wSx$t1wQr$vFo%$vFoZvmlBxhjdzbhGBbh_BbhfCchoDkhkEWh%kErc%AIrc^kEOp%kErnZDflnCflkAfllAFolA3snC2sZD0skEOp" /><g i="32" c="294" charCode="432" p="#^xIShxIpi7IOiKHbjaHbj%aHbjBGbjbGOiOFpiOFShOFihbGUgBGugaHugKHug7IUgxIihxISh^KHHj%KH$v%tD$v%tD4vdDvvlCOvuB5wsA4wIy2wsxTu$vwt$vir%$vfh%iAfh%iAJqiAwrMA0sfBvsTBvsaDvssDLq%sDfh%mFfhhFxhhFShhFEiRFcjpGLjdHLjuHLjKHHj" /><g i="33" c="295" charCode="7899" p="#^7FIo7FYmpEVlKDWkFCWkDBWkYAYliA_mgAIogAlqXAnrDBpsFCpsIDpsqEor9Fnq7FIo^eFrc%fDcg%aBcg%cCrc^GIShGIpigIOiTHbjjHbj%jHbjLGbjlGOiYFpiYFShYFihlGUgLGugjHugTHuggIUgGIihGISh^VHHjjIckBIQkpJvmpJFopJOrNHQtRFbwFCbwAzbwDxOt1wOr1wFo1wumQwQkGx4jiz4iRA7hFC7h7E7hqFKh%qFShqFEiZFcjxGLjmHLjEHLjVHHj" /><g i="34" c="298" charCode="105" p="#^IAheIApf4A7gszRgnyRggxRgEw7g1wpf1whe1wadEwscgxJbnyIb%nyIbszIb4ArcIAadIAhe^vA$v%dw$v%dwfh%vAfh" /><g i="35" c="299" charCode="116" p="#^RDVvOC5wRB5wQz5wFy6vux7uuxfs%uxtk%$vtk%$vfh%uxfh%uxde%OBGc%OBfh%DDfh%DDtk%OBtk%OBfrOBssRCssfDssRDhs" /><g i="36" c="300" charCode="104" p="#^HH$v%oD$v%oDpmoDDlVCblqCLkOBMkxAOkgAlm%gA$v%$v$v%$vrc%gArc%gAYhuADhnBjhhC$gkD$g9F$giG0iHHjjHH_l" /><g i="37" c="301" charCode="101" p="#^nIIp%pAIppA4rpBQriCtsLDts9GtsNH2r%NHavFFawfDaw7AawcypuWvhs$v2o4wBkfyEi2A4hnC2h%nC2hsF0h0HdjqIalqIvoqI6pnIIp^iEJmeESlFDkl4DOkiCMkyBMkZAjlpASlkAJm" /><g i="38" c="302" charCode="111" p="#^BIQkpJvmpJFopJOrNHQtRFbwFCbw%FCbwAzbwDxOt1wOr1wFo1wumQwQkGx4jiz4iRA7hFC7hvE7h2G4iLH2jBIQk^7FIo7FYmpEVlKDWkFCWkDBWkYAYliA_mgAIogAlqXAnrDBpsFCpsIDpsqEor9Fnq7FIo" /><g i="39" c="303" charCode="114" p="#^CDgloCclvBJlJA9msA_mgAyngAGo%gA$v%$v$v%$vfh%gAfh%gAKiJA5iHBFhFCchCDbh" /><g i="40" c="304" charCode="236" p="%^gA$v$v$v$vfhgAfh^5Acg1ycg2wrc4zrc" /><g i="41" c="305" charCode="7921" p="#^bEAzbEgAGDNAaDiBrCiB%rCiBJBiBcBNAHAgAHAAzHARycBkyJBPxrCPxaDPxGDkybERybEAz^xIShxIpi7IOiKHbjaHbj%aHbjBGbjbGOiOFpiOFShOFihbGUgBGugaHugKHug7IUgxIihxISh^KHHj%KH$v%tD$v%tD4vdDvvlCOvuB5wsA4wIy2wsxTu$vwt$vir%$vfh%iAfh%iAJqiAwrMA0sfBvsTBvsaDvssDLq%sDfh%mFfhhFxhhFShhFEiRFcjpGLjdHLjuHLjKHHj" /><g i="42" c="306" charCode="7907" p="#^7FIo7FYmpEVlKDWkFCWkDBWkYAYliA_mgAIogAlqXAnrDBpsFCpsIDpsqEor9Fnq7FIo^tEAztEgAYDNAsDiBJCiB%JCiB$BiBuBNAZAgAZAAzZARyuBky$BPxJCPxsDPxYDkytERytEAz^GIShGIpigIOiTHbjjHbj%jHbjLGbjlGOiYFpiYFShYFihlGUgLGugjHugTHuggIUgGIihGISh^VHHjjIckBIQkpJvmpJFopJOrNHQtRFbwFCbwAzbwDxOt1wOr1wFo1wumQwQkGx4jiz4iRA7hFC7h7E7hqFKh%qFShqFEiZFcjxGLjmHLjEHLjVHHj" /><g i="43" c="307" charCode="108" p="%^gA$v$v$v$vrcgArc" /><g i="44" c="308" charCode="237" p="%^gA$v$v$v$vfhgAfh^gArciycgdwcgfxrc" /><g i="45" c="309" charCode="44" p="%^dAvr5y9ymv9y$vvr" /><g i="46" c="310" charCode="109" p="#^dP$v%VK$v%VKrmVKBlpKblWJMkfJQkNHVkNHvm%NH$v%oD$v%oDrmoDDlYC8lzCLkWBLkkBJkRA9lnAAlgApm%gA$v%$v$v%$vfh%gAfh%gA8ivALhgBvh1CehYCehtFehNG1jhHeiiILhjJfhsKfhoMfhJNmidPEjdP1m" /><g i="47" c="311" charCode="244" p="#^BIQkpJvmpJFopJOrNHQtRFbwFCbw%FCbwAzbwDxOt1wOr1wFo1wumQwQkGx4jiz4iRA7hFC7hvE7h2G4iLH2jBIQk^7FIo7FYmpEVlKDWkFCWkDBWkYAYliA_mgAIogAlqXAnrDBpsFCpsIDpsqEor9Fnq7FIo^UG5g%eE5g%JCTd%dB5g%xy5g%oBrc%1Erc" /><g i="48" c="312" charCode="7843" p="#^pH$v%1D$v%1DhvNB4wuA4wIy4wqxLu9wqt$vqr%$vqrTv2pqxxnTy5m1B5m3C5m1Dum1DglRC4llCskSAskqyskqxBl%qxNhmzWgNBWgaEWgFFThpH$ipHgl^$CWr%$CZpUCDpwCpp9CapJBcp4BdpDAJpaAdqaAYqaAGrDAbs4BHsJBIsJCLs$CWr^IA4bpBMacCMalDMa6EobUE$bUE1dUEUdnEDeQDnf$CDf%$C6g%qB6g%qBzeaCyexC9eRCRdRCmdRCXcGCLcpCtcSBtcfBtcIANc" /><g i="49" c="313" charCode="7841" p="#^pH$v%1D$v%1DhvNB4wuA4wIy4wqxLu9wqt$vqr%$vqrTv2pqxxnTy5m1B5m3C5m1Dum1DglRC4llCskSAskqyskqxBl%qxNhmzWgNBWgaEWgFFThpH$ipHgl^$CWr%$CZpUCDpwCpp9CapJBcp4BdpDAJpaAdqaAYqaAGrDAbs4BHsJBIsJCLs$CWr^oDAzoDgATCNAnCiBFBiB%FBiBWAiBpANAUzgAUzAzUzRypAkyWAPxFBPxnCPxTCkyoDRyoDAz" /><g i="50" c="314" charCode="273" p="#^kEOp%kErnZDflnCflkAfllAFolA3snC2sZD0skEOp^kEXd%kErc%AIwb%AI$v%nE$v%kEbvtD4wTB4wBz4wSx$t1wQr$vFoZvmlBxhjdzbhGBbhZBbhfCchoDkhkEWh%kEig%DBig%DBXd" /><g i="51" c="315" charCode="7897" p="#^BIQkpJvmpJFopJOrNHQtRFbwFCbw%FCbwAzbwDxOt1wOr1wFo1wumQwQkGx4jiz4iRA7hFC7hvE7h2G4iLH2jBIQk^7FIo7FYmpEVlKDWkFCWkDBWkYAYliA_mgAIogAlqXAnrDBpsFCpsIDpsqEor9Fnq7FIo^UG5g%eE5g%JCTd%dB5g%xy5g%oBrc%1Erc^sEAzsEgAXDNArDiBJCiB%JCiB_BiBtBNAYAgAYAAzYARytBky_BPxJCPxrDPxXDkysERysEAz" /><g i="52" c="316" charCode="103" p="#^BImvBIqylG9ApEFBABFB4zFBmxvA%mxbw1y4x7zAxdA5ylB5yFC5ysDsxlEJwkEqv%kEqv%kE7v$C4wAB4wVy4wkxAtZvqr$vCo1wilxxdj2z8hsB8hNB8h6CbhFDnhkE5i%kEfh%BIfh^kEOp%kErnZDclnCclnAallAAokAYrnCYrZDYrkEOp" /><g i="53" c="317" charCode="118" p="%^LIfh9F$vBz$v$vfhyAfhnCRqeEfh" /><g i="54" c="318" charCode="224" p="#^pH$v%1D$v%1DhvNB4wuA4wIy4wqxLu9wqt$vqr%$vqrTv2pqxxnTy5m1B5m3C5m1Dum1DglRC4llCskSAskqyskqxBl%qxNhmzWgNBWgaEWgFFThpH$ipHgl^$CWr%$CZpUCDpwCpp9CapJBcp4BdpDAJpaAdqaAYqaAGrDAbs4BHsJBIsJCLs$CWr^dDcg%9Bcg%azrc%cCrc" /><g i="55" c="319" charCode="7873" p="#^nIIp%pAIppA4rpBQriCtsLDts9GtsNH2r%NHavFFawfDaw7AawcypuWvhs$v2o4wBkfyEi2A4hnC2h%nC2hsF0h0HdjqIalqIvoqI6pnIIp^iEJmeESlFDkl4DOkiCMkyBMkZAjlpASlkAJm^kHpd%fFpd%hDF9%iGF9^yG5g%UD5g%oCTd%VA5g%dy5g%2Brc%KDrc" /><g i="56" c="320" charCode="117" p="#^KH$v%tD$v%tD4vdDvvlCOvuB5wsA4wIy2wsxTu$vwt$vir%$vfh%iAfh%iAJqiAwrMA0sfBvsTBvsaDvssDLq%sDfh%KHfh" /><g i="57" c="321" charCode="107" p="%^HH$vJC$vgAZqgA$v$v$v$vrcgArcgAJllCfhWGfhtDAn" /><g i="58" c="322" charCode="7875" p="#^nIIp%pAIppA4rpBQriCtsLDts9GtsNH2r%NHavFFawfDaw7AawcypuWvhs$v2o4wBkfyEi2A4hnC2h%nC2hsF0h0HdjqIalqIvoqI6pnIIp^iEJmeESlFDkl4DOkiCMkyBMkZAjlpASlkAJm^FEz8mFf89Gf8iHf83IT8RIu9RIwaRInbkI6cNHScYG6d%YGBd%nFBd%nF2c7G1cuGEbOGkbOGRaOGraDGeamGY9PFY9cFY9FEga^yG5g%UD5g%oCTd%VA5g%dy5g%2Brc%KDrc" /><g i="59" c="323" charCode="226" p="#^pH$v%1D$v%1DhvNB4wuA4wIy4wqxLu9wqt$vqr%$vqrTv2pqxxnTy5m1B5m3C5m1Dum1DglRC4llCskSAskqyskqxBl%qxNhmzWgNBWgaEWgFFThpH$ipHgl^$CWr%$CZpUCDpwCpp9CapJBcp4BdpDAJpaAdqaAYqaAGrDAbs4BHsJBIsJCLs$CWr^cG5g%zD5g%3CTd%yA5g%Tx5g%IArc%nDrc" /><g i="60" c="324" charCode="7853" p="#^pH$v%1D$v%1DhvNB4wuA4wIy4wqxLu9wqt$vqr%$vqrTv2pqxxnTy5m1B5m3C5m1Dum1DglRC4llCskSAskqyskqxBl%qxNhmzWgNBWgaEWgFFThpH$ipHgl^$CWr%$CZpUCDpwCpp9CapJBcp4BdpDAJpaAdqaAYqaAGrDAbs4BHsJBIsJCLs$CWr^cG5g%zD5g%3CTd%yA5g%Tx5g%IArc%nDrc^oDAzoDgATCNAnCiBFBiB%FBiBWAiBpANAUzgAUzAzUzRypAkyWAPxFBPxnCPxTCkyoDRyoDAz" /><g i="61" c="325" charCode="121" p="#^LHywLH$yHFiAUDqBaBqBpyqBxwnA%xwswmy$xYA$xtD$xtDkw%tD7vfDvvwCMvNB1wRA1wVy1wBxTu$vst$vzq%$vfh%lAfh%lAIqlAtrPAZriBtsWBtscDtstDJq%tDfh%LHfh" /><g i="62" c="326" charCode="250" p="#^KH$v%tD$v%tD4vdDvvlCOvuB5wsA4wIy2wsxTu$vwt$vir%$vfh%iAfh%iAJqiAwrMA0sfBvsTBvsaDvssDLq%sDfh%KHfh^NErc%OCcg%JAcg%LBrc" /><g i="63" c="327" charCode="46" p="%^dA$v$v$v$vwrdAwr" /><g i="64" c="328" charCode="66" p="#^jIoqpIRstGtuFE$v9C$v%$v$v%$vrc%$BrcfErcVFYdAHtfHHIhSHnkTF9maIGnjIoq^3DDi0DYhyCth4CZgqBZg%UAZg%UAjk%rBjk7CkkBCQj3Dkj3DDi^iDDpfD_oPCzonC7oOB7o%UA7o%UAir%TBirvCirWCOqlDiqiDDp" /><g i="65" c="329" charCode="242" p="#^BIQkpJvmpJFopJOrNHQtRFbwFCbw%FCbwAzbwDxOt1wOr1wFo1wumQwQkGx4jiz4iRA7hFC7hvE7h2G4iLH2jBIQk^7FIo7FYmpEVlKDWkFCWkDBWkYAYliA_mgAIogAlqXAnrDBpsFCpsIDpsqEor9Fnq7FIo^cEcg%7Ccg%9Arc%aDrc" /><g i="66" c="330" charCode="113" p="#^AIfh%AIrB%iErB%iEivqDVvfC1w%fC1w_B4wIB4wfz4wCxVtZvKr$voo1w8lvxbj_yehnBehJBeh4CfhIDshiE8i%iEfh^iEQp%iEsnYDcllCcllAclkACoiA$rlC$rYD$riEQp" /><g i="67" c="331" charCode="7845" p="#^pH$v%1D$v%1DhvNB4wuA4wIy4wqxLu9wqt$vqr%$vqrTv2pqxxnTy5m1B5m3C5m1Dum1DglRC4llCskSAskqyskqxBl%qxNhmzWgNBWgaEWgFFThpH$ipHgl^$CWr%$CZpUCDpwCpp9CapJBcp4BdpDAJpaAdqaAYqaAGrDAbs4BHsJBIsJCLs$CWr^ZIx9%$Ghd%WEhd%YFx9^cG5g%zD5g%3CTd%yA5g%Tx5g%IArc%nDrc" /><g i="68" c="332" charCode="227" p="#^pH$v%1D$v%1DhvNB4wuA4wIy4wqxLu9wqt$vqr%$vqrTv2pqxxnTy5m1B5m3C5m1Dum1DglRC4llCskSAskqyskqxBl%qxNhmzWgNBWgaEWgFFThpH$ipHgl^$CWr%$CZpUCDpwCpp9CapJBcp4BdpDAJpaAdqaAYqaAGrDAbs4BHsJBIsJCLs$CWr^SBQd_C7emD7e9E7e9Edd%9Gdd9G7gjE7gJD7gACNfrBrf6BrfvArfvA9g%oy9goyxdcAxdJAxdSBQd" /><g i="69" c="333" charCode="97" p="#^pH$v%1D$v%1DhvNB4wuA4wIy4wqxLu9wqt$vqr%$vqrTv2pqxxnTy5m1B5m3C5m1Dum1DglRC4llCskSAskqyskqxBl%qxNhmzWgNBWgaEWgFFThpH$ipHgl^$CWr%$CZpUCDpwCpp9CapJBcp4BdpDAJpaAdqaAYqaAGrDAbs4BHsJBIsJCLs$CWr" /><g i="70" c="334" charCode="7879" p="#^nIIp%pAIppA4rpBQriCtsLDts9GtsNH2r%NHavFFawfDaw7AawcypuWvhs$v2o4wBkfyEi2A4hnC2h%nC2hsF0h0HdjqIalqIvoqI6pnIIp^iEJmeESlFDkl4DOkiCMkyBMkZAjlpASlkAJm^yG5g%UD5g%oCTd%VA5g%dy5g%2Brc%KDrc^bEAzbEgAGDNAaDiBrCiB%rCiBJBiBcBNAHAgAHAAzHARycBkyJBPxrCPxaDPxGDkybERybEAz" /><g i="71" c="335" charCode="59" p="%^GAvryy9yPv9yswvr^GALpswLpswglGAgl" /><g i="72" c="336" charCode="49" p="#^AB$v%Iw$v%IwWh%LvWhpwsgCwVf8xhe9xrc%ABrc" /><g i="73" c="337" charCode="50" p="#^$H$v%Pw$v%$vssYyzpyB9mJCDkJC4jJCNgdANg5yNgjwki%jwtdAyic7Bic2EicQFRdLHyfLH4iLHqk0G$mFE2pvEfpyDAqFCtr%$Htr" /><g i="74" c="338" charCode="51" p="#^AG2gLGzgLGchLGDi0GTjfFcl0EFlFF9mvGnnhHvohH$phHvrwGVsLEaw7Aawayaw$vAv%$vCq_xFryzFrLAFrqB3r6Ctq7CzpaCDnvzDnAyDnvxUn%vxYjay7kOy7k5A7kTAqjCBOiuBZhoBphMA_g9Ayg9zygMxyg7wnh%5wNc$xhc_zhcwFhcAG2g" /><g i="75" c="339" charCode="52" p="%^SKesAIesAI$vLD$vLDesYwes$vooCCrcAIrcAI$nSK$n^LD$nLDpi$A$n" /><g i="76" c="340" charCode="53" p="#^jI_ojI7slG5uaEhw9Ahwgyhw$vnv%$vvqJw9rWxAr7z$rgA$r4D$r4DDp4DgnGzgnVxgnawQn%8wrc%kGrc%kGQg%xAQg%xAmj9BhjJBhjcFhjZGsljI2njI_o" /><g i="77" c="341" charCode="54" p="#^OKRnVKuoVK4pVKas$Ieu0HnwYDkwXzfwQxit$vIq$vum$v$iuxkgRz2c0F7ccH9cjJOc%jJLhWGhg$EhgJBhgcBNjDCGi$EGieHGiNIZjuKmlOKRn^NFzpNFPmLDPmOCPmdCunCBcoDBzpFBRqiCCrUCfsLDfs%LDfsNFfsNFzp" /><g i="78" c="342" charCode="55" p="%^$HzgAC$v2x$voCZg$vZg$vrc$Hrc" /><g i="79" c="343" charCode="115" p="#^yEglICnkFBxkuAIkuABluA7m4BBmUBdnJCRnFDDo9EkpLEdqLEorLEctsDBuZBbwszbwWxbw$vBv%$vFrtw6slxssdyNs$yNsFzNs1AvsyA9syAAryAZq_zsq7zTpxxDo5won5wul5wnkDwnjQx8h$AYgICRgyEnh" /><g i="80" c="344" charCode="102" p="#^cEsfDDhfcDhf4Chf4Csg%4Cfh%DDfh%DDpk%4Cpk%4C$v%Ox$v%Oxpk%$vpk%$vfh%Oxfh%OxtfOxDd1zFcaAIbdCIb9DIbcEUb" /><g i="81" c="345" charCode="122" p="%^7GOkaBlsZFlsZF$vnw$vZvvs$A4lmw4lmwfhWFfh" /><g i="82" c="346" charCode="56" p="#^mKFqmKwtZH2v$FkwhDkwxAkwuy1v$vqt$vzq$v6pOwOnBxum1zPlywpkywvhywpfYxYdIz7ccD7cGG7ctIWdWJnfVJfhSJgkkHJlLIpmyJJnmK1pmKFq^bFVhbF5hBExg0EZfdDZfqCZfRBxghB5hhBVhhBGiRBfjqCQjdDQj%dDQj0EQjBEfjbFGibFVh^nFaqnFhpIEEo2E_n7D_ncC_nxBEoTAhpTAaqTA6rxBMrcCps7Dps%7Dps2EpsIEMrnF6rnFaq" /><g i="83" c="347" charCode="119" p="%^kOfhVL$vsG$veFgnUD$vsy$v$vfhoAfhuB7qOCfhyHfhSI7qWJfh" /><g i="84" c="348" charCode="63" p="#^xFJdtHfftHThtH1kbGTlOEOnGCoo%GCRq%IyRq%IyLlDAIlxBIkhCVjhCHihCGhRBbhcBsgQzsgMxsg$vQh%$vndcyacGAacADacxFJd^TC2uTC5vhCOvIBvwFAvw%FAvwBztw$yNvqy5vqy2uqy$s0zjsDzCrFACrGBCrgCjsTC$sTC2u" /><g i="85" c="349" charCode="62" p="%^ZH4q$v$v$vtrlECo$vJl$vfhZH7n" /><g i="86" c="350" charCode="48" p="#^aL7maLlq5KzskIkwqDkwnzkwxxht$vNq$vsm$vOhsxkfjz7cGD7caL7caL7m^FFfmFFpgwDpgvBpgvBamvB0sDD0s%DD0sFF0sFFfm" /><g i="87" c="351" charCode="39" p="%^QzrcOx0i$v0iDwrc" /><g i="88" c="352" charCode="33" p="#^LAfc%LzsqJzvqIzvq%WwvqTwvqTwsq%$vfc$vcc2wcc%IAccLAccLAfc^uAOtuATuUzAvizhwfyfwcxfwCwzv1wSu1wOt1wLsDw2sdxlrfylrgznrTz3suALsuAOt" /><g i="89" c="353" charCode="89" p="%^qMrcGG9pGG$vNB$vNB9p1wrcQBrcfEDjTGrc" /><g i="90" c="354" charCode="87" p="%^cSrcWO$vNI$v4H9msF$v7z$v$vrc_ArcoCsn2ErcIJrcvLcn$Mrc" /><g i="91" c="355" charCode="67" p="#^WIpveHkwVEkwUCkw9BBvdzOu1yft$vDq$vnm$vmj4x4hdyIeuAndAC7c2F7c0H7cNIXc%NI$hiH8hLF8hUD8hLCmirBJjqBjmoBToQCdq2EorWForGHorWIoq" /><g i="92" c="356" charCode="80" p="#^EJgkBJynIHKpQFWr$CWr%UAWr%UA$v%$v$v%$vrc%YCrcZFrcPHHeGJWgEJgk^LEnkLEZi9E5itD5h7C5h%UA5h%UABn%7CBnIEBnLEnk" /><g i="93" c="357" charCode="249" p="#^KH$v%tD$v%tD4vdDvvlCOvuB5wsA4wIy2wsxTu$vwt$vir%$vfh%iAfh%iAJqiAwrMA0sfBvsTBvsaDvssDLq%sDfh%KHfh^iDcg%dBcg%fzrc%hCrc" /><g i="94" c="358" charCode="243" p="#^BIQkpJvmpJFopJOrNHQtRFbwFCbw%FCbwAzbwDxOt1wOr1wFo1wumQwQkGx4jiz4iRA7hFC7hvE7h2G4iLH2jBIQk^7FIo7FYmpEVlKDWkFCWkDBWkYAYliA_mgAIogAlqXAnrDBpsFCpsIDpsqEor9Fnq7FIo^eFrc%fDcg%aBcg%cCrc" /><g i="95" c="359" charCode="245" p="#^BIQkpJvmpJFopJOrNHQtRFbwFCbw%FCbwAzbwDxOt1wOr1wFo1wumQwQkGx4jiz4iRA7hFC7hvE7h2G4iLH2jBIQk^7FIo7FYmpEVlKDWkFCWkDBWkYAYliA_mgAIogAlqXAnrDBpsFCpsIDpsqEor9Fnq7FIo^pCQdxD7eVD7eIE7eIEdd%IGddIG7gSE7ggE7g7DNf$BrfFBrf2Brf2B9g%Xy9gXyxdLAxdhBxdpCQd" /><g i="96" c="362" charCode="417" p="#^7FIo7FYmpEVlKDWkFCWkDBWkYAYliA_mgAIogAlqXAnrDBpsFCpsIDpsqEor9Fnq7FIo^GIShGIpigIOiTHbjjHbj%jHbjLGbjlGOiYFpiYFShYFihlGUgLGugjHugTHuggIUgGIihGISh^VHHjjIckBIQkpJvmpJFopJOrNHQtRFbwFCbwAzbwDxOt1wOr1wFo1wumQwQkGx4jiz4iRA7hFC7h7E7hqFKh%qFShqFEiZFcjxGLjmHLjEHLjVHHj" /><g i="97" c="363" charCode="7915" p="#^iDcg%dBcg%fzrc%hCrc^xIShxIpi7IOiKHbjaHbj%aHbjBGbjbGOiOFpiOFShOFihbGUgBGugaHugKHug7IUgxIihxISh^KHHj%KH$v%tD$v%tD4vdDvvlCOvuB5wsA4wIy2wsxTu$vwt$vir%$vfh%iAfh%iAJqiAwrMA0sfBvsTBvsaDvssDLq%sDfh%mFfhhFxhhFShhFEiRFcjpGLjdHLjuHLjKHHj" /><g i="98" c="364" charCode="233" p="#^nIIp%pAIppA4rpBQriCtsLDts9GtsNH2r%NHavFFawfDaw7AawcypuWvhs$v2o4wBkfyEi2A4hnC2h%nC2hsF0h0HdjqIalqIvoqI6pnIIp^iEJmeESlFDkl4DOkiCMkyBMkZAjlpASlkAJm^6Frc%7Dcg%2Bcg%4Crc" /><g i="99" c="365" charCode="58" p="%^dALp$vLp$vgldAgl^dA$v$v$v$vwrdAwr" /><g i="100" c="366" charCode="8220" p="%^1wrcgz0i4B0idzrc^1ArcOB0iCD0idDrc" /><g i="101" c="367" charCode="8221" p="%^ADrckA0ixy0inArc^AzrcOx0i$v0inwrc" /><g i="102" c="368" charCode="7889" p="#^BIQkpJvmpJFopJOrNHQtRFbwFCbw%FCbwAzbwDxOt1wOr1wFo1wumQwQkGx4jiz4iRA7hFC7hvE7h2G4iLH2jBIQk^7FIo7FYmpEVlKDWkFCWkDBWkYAYliA_mgAIogAlqXAnrDBpsFCpsIDpsqEor9Fnq7FIo^AJx9%BHhd%wFhd%yGx9^UG5g%eE5g%JCTd%dB5g%xy5g%oBrc%1Erc" /><g i="103" c="369" charCode="7869" p="#^nIIp%pAIppA4rpBQriCtsLDts9GtsNH2r%NHavFFawfDaw7AawcypuWvhs$v2o4wBkfyEi2A4hnC2h%nC2hsF0h0HdjqIalqIvoqI6pnIIp^iEJmeESlFDkl4DOkiCMkyBMkZAjlpASlkAJm^9CQdhD7eGD7esE7esEdd%tGddtG7gDE7g0E7gTCNfLBrfqBrfOArfOA9g%Iy9gIyxdvAxd1Bxd9CQd" /><g i="104" c="370" charCode="34" p="%^ADrckA0ixy0inArc^AzrcOx0i$v0inwrc" /><g i="105" c="371" charCode="7863" p="#^pH$v%1D$v%1DhvNB4wuA4wIy4wqxLu9wqt$vqr%$vqrTv2pqxxnTy5m1B5m3C5m1Dum1DglRC4llCskSAskqyskqxBl%qxNhmzWgNBWgaEWgFFThpH$ipHgl^$CWr%$CZpUCDpwCpp9CapJBcp4BdpDAJpaAdqaAYqaAGrDAbs4BHsJBIsJCLs$CWr^tDPc%NFPcDF2eYEUeWDagcCagzAagwzUeQy2eIyPc%$APc4BfdiBBdFB7ecC7eMC7e9DBdoDgdtDPc^oDAzoDgATCNAnCiBFBiB%FBiBWAiBpANAUzgAUzAzUzRypAkyWAPxFBPxnCPxTCkyoDRyoDAz" /><g i="106" c="372" charCode="7883" p="#^IAheIApf4A7gszRgnyRggxRgEw7g1wpf1whe1wadEwscgxJbnyIb%nyIbszIb4ArcIAadIAhe^vA$v%dw$v%dwfh%vAfh^fAAzfAgAKzNAdziBvyiB%vyiBMxiBfxNALwgALwAzLwRyfxkyMxPxvyPxdzPxKzkyfARyfAAz" /><g i="107" c="373" charCode="7881" p="#^vA$v%dw$v%dwfh%vAfh^Lw4bsxMafyMaozMa9AobXA$bXA1dXAUdqADeTznf2zDf%2z6g%tx6g%txzedyyeAy9eTyRdTymdTyXcIyLcsytcVxtcixtcLwNc" /><g i="108" c="374" charCode="7903" p="#^7FIo7FYmpEVlKDWkFCWkDBWkYAYliA_mgAIogAlqXAnrDBpsFCpsIDpsqEor9Fnq7FIo^bB4bUBMaHCMaRDMaCEobnF$bnF1dnFUdSEDejEnfuDDf%uD6g%VB6g%VBzeGCye0D9ekDRdkDmdkDXc9DLcUCtclCtcKBtcbBNc^GIShGIpigIOiTHbjjHbj%jHbjLGbjlGOiYFpiYFShYFihlGUgLGugjHugTHuggIUgGIihGISh^VHHjjIckBIQkpJvmpJFopJOrNHQtRFbwFCbwAzbwDxOt1wOr1wFo1wumQwQkGx4jiz4iRA7hFC7h7E7hqFKh%qFShqFEiZFcjxGLjmHLjEHLjVHHj" /><g i="109" c="375" charCode="7911" p="#^KH$v%tD$v%tD4vdDvvlCOvuB5wsA4wIy2wsxTu$vwt$vir%$vfh%iAfh%iAJqiAwrMA0sfBvsTBvsaDvssDLq%sDfh%KHfh^lA4b2BMaRBMa$CMaMDobxE$bxE1dxEUd0EDetDnfECDf%EC6g%3B6g%3BzeQByeaC9euCRduCmduCXcjCLc3CtcvBtcUAtclANc" /><g i="110" c="376" charCode="7902" p="#^SHdmTHYgvEYgRCYg$Bki9BHjaBdmdBtrvEvr%vEvrOHwrSHdm^OCe6vDW5iEW5sFW5dGx6_G87_Gb8_G19tGM9WFxa5FMa%5Fgb%wDgb%wDJ9hEI9DEj9XE_8XEw8XE58MEV7wED7YDD7lDD7OCW7^cL1dcLAdPK_dqKneSJne%SJnehJneTI_duIAduI1duItcTI3chJFbSJFbqKFbPK3ccLtccL1d^MKEePKIeTKMe1Nph$Mdm_M6rVKHtLIkwvEkw8whw$vdmWvph6yMeiA7cvE7ctG7c_HIcYHVcYH6dYHRduIoe1JWeNJWekKWeMKEe" /><g i="111" c="377" charCode="7887" p="#^BIQkpJvmpJFopJOrNHQtRFbwFCbw%FCbwAzbwDxOt1wOr1wFo1wumQwQkGx4jiz4iRA7hFC7hvE7h2G4iLH2jBIQk^7FIo7FYmpEVlKDWkFCWkDBWkYAYliA_mgAIogAlqXAnrDBpsFCpsIDpsqEor9Fnq7FIo^bB4bUBMaHCMaRDMaCEobnF$bnF1dnFUdSEDejEnfuDDf%uD6g%VB6g%VBzeGCye0D9ekDRdkDmdkDXc9DLcUCtclCtcKBtcbBNc" /><g i="112" c="378" charCode="68" p="#^WKfmVKUqKIstAG$vzC$v%$v$v%$vrc%CCrcEGrcOI0fYKBhWKfm^LFdmLFNjUEsi2E7hqC7h%UA7h%UAlr%qClrLFlrLFdm" /><g i="113" c="379" charCode="7885" p="#^BIQkpJvmpJFopJOrNHQtRFbwFCbw%FCbwAzbwDxOt1wOr1wFo1wumQwQkGx4jiz4iRA7hFC7hvE7h2G4iLH2jBIQk^7FIo7FYmpEVlKDWkFCWkDBWkYAYliA_mgAIogAlqXAnrDBpsFCpsIDpsqEor9Fnq7FIo^sEAzsEgAXDNArDiBJCiB%JCiB_BiBtBNAYAgAYAAzYARytBky_BPxJCPxrDPxXDkysERysEAz" /><g i="114" c="380" charCode="7847" p="#^pH$v%1D$v%1DhvNB4wuA4wIy4wqxLu9wqt$vqr%$vqrTv2pqxxnTy5m1B5m3C5m1Dum1DglRC4llCskSAskqyskqxBl%qxNhmzWgNBWgaEWgFFThpH$ipHgl^$CWr%$CZpUCDpwCpp9CapJBcp4BdpDAJpaAdqaAYqaAGrDAbs4BHsJBIsJCLs$CWr^ZGpd%VEpd%WCF9%YFF9^cG5g%zD5g%3CTd%yA5g%Tx5g%IArc%nDrc" /><g i="115" c="381" charCode="7901" p="#^7FIo7FYmpEVlKDWkFCWkDBWkYAYliA_mgAIogAlqXAnrDBpsFCpsIDpsqEor9Fnq7FIo^cEcg%7Ccg%9Arc%aDrc^GIShGIpigIOiTHbjjHbj%jHbjLGbjlGOiYFpiYFShYFihlGUgLGugjHugTHuggIUgGIihGISh^VHHjjIckBIQkpJvmpJFopJOrNHQtRFbwFCbwAzbwDxOt1wOr1wFo1wumQwQkGx4jiz4iRA7hFC7h7E7hqFKh%qFShqFEiZFcjxGLjmHLjEHLjVHHj" /><g i="116" c="382" charCode="7851" p="#^pH$v%1D$v%1DhvNB4wuA4wIy4wqxLu9wqt$vqr%$vqrTv2pqxxnTy5m1B5m3C5m1Dum1DglRC4llCskSAskqyskqxBl%qxNhmzWgNBWgaEWgFFThpH$ipHgl^$CWr%$CZpUCDpwCpp9CapJBcp4BdpDAJpaAdqaAYqaAGrDAbs4BHsJBIsJCLs$CWr^vCt9DDM9$DM9NEM9NET8%OGT8OGMbYEMblEMbdDqb5C4bLB4b7B4b7BOb%1zOb1za9QAa9nBa9vCt9^cG5g%zD5g%3CTd%yA5g%Tx5g%IArc%nDrc" /><g i="117" c="383" charCode="85" p="#^BJIqBJntsHYuvFmwJCkw_zjw5yVu$vlt$vJq%$vrc%WArc%WAopWAirRCirFEkrFElp%FErc%BJrc" /><g i="118" c="384" charCode="259" p="#^pH$v%1D$v%1DhvNB4wuA4wIy4wqxLu9wqt$vqr%$vqrTv2pqxxnTy5m1B5m3C5m1Dum1DglRC4llCskSAskqyskqxBl%qxNhmzWgNBWgaEWgFFThpH$ipHgl^$CWr%$CZpUCDpwCpp9CapJBcp4BdpDAJpaAdqaAYqaAGrDAbs4BHsJBIsJCLs$CWr^tDPc%NFPcDF2eYEUeWDagcCagzAagwzUeQy2eIyPc%$APc4BfdiBBdFB7ecC7eMC7e9DBdoDgdtDPc" /></glyphs></font><font id="30" name="UTM American SansBold Charset1_ 5hzE0Z7afSY"><glyphs><g i="0" c="256" charCode="66" p="#^zIdqFINsgGvuQE$vhC$v%$v$v%$vlc%8ClcrElc8GUdRHrfZHJh7ItkbG3mqItnzIdq^WCEiUC4iuCGh5CghzBgh%iBgh%iB2k%vB2k8C3kxCFjWCejWCEi^9Dwp7D_oLCEooChoXBho%iBho%iBVq%$BVqvCVqRCvqcD5q9Dwp" /><g i="1" c="257" charCode="7854" p="#^XJ$v%mE$v%mEBs%oBBs%oB$v%$v$v%$vKi$vXfWx$dSz2cRC4cTF6cVH8eXJagXJ8j^mEMn%mEfjmExiWD_hvDrhRCrhbCrhNB$hoByioBfj%oBMn^ZD$7%HG$7xGx9tFxaKEMbWCMbcBMb5Aqaozy9fz$7%YB$73CA89CL8xCh9WCh9lDh9DDV8SDA8ZD$7^LCZ3%9GZ3%7E88%HB88" /><g i="2" c="260" charCode="84" p="%^FIthSEthSE$vAz$vAzth$vth$vlcFIlc" /><g i="3" c="261" charCode="32" p="#" /><g i="4" c="262" charCode="272" p="#^IMbmHMRquKqtiI$vfE$v%zx$v%zxEn%$vEn%$vHk%zxHk%zxlc%iElcoIlczKYeKMyhIMbm^7H9m7HRjlGDiAFph8Eph%RCqh%RCHk%ZEHk%ZEEn%RCEn%RCYq%8EYq7HYq7H9m" /><g i="5" c="263" charCode="7846" p="%^XJ$vmE$vmEBsoBBsoB$v$v$v$vKi#$vXfWx$d#Sz2cRC4c#TF6cVH8e#XJagXJ8j^mEMnmEfj#mExiWD_h#vDrhRCrh#bCrhNB$h#oByioBfjoBMn^gHObfEObWCC9ABObByObvBK7nEK7^3I39DF39BDU4$GU4" /><g i="6" c="264" charCode="85" p="#^QJzqQJitDHWuEFlwRCkw3Aiw9yTu$vht$vAq%$vlc%kBlc%kBhpkBVqJCVquEXquEdp%uElc%QJlc" /><g i="7" c="265" charCode="67" p="#^aJjvkHkwZEkwYCkwcBBvfzNu1ydt$vAq$vjm$vij4x0heyDewAhdDC1c7F1c6H1c1JWc%1JgigHrhPFrh6Erh2DyiQBPjPBgmNBFo6DWpeE$q_F$qCH$qaJ$p" /><g i="8" c="266" charCode="111" p="#^QIIkEJomEJyoEJJr$HNt1GbwNCbw%NCbwEzbwCxIt1wJr1wyo1wmmWwykHxWilzUhWAWgNCWgFEWgfGVhZHUiQIIk^XECoXEZmhE$lHD8lNC8lVB8liB3mIA_mHAloHA8qiB3rVB_rNC_rGD_rkE4r_E9qXECo" /><g i="9" c="267" charCode="114" p="#^YDulBCplNBUl4BgmSA_mHAvnHAzo%HA$v%$v$v%$v3h%HA3h%HAuiIAXhIBuhIC0hYDZg" /><g i="10" c="270" charCode="101" p="#^CIQp%QAQpQAPqOBBrvC3sRD3s6G3s2IEq%2I5vNFawmDawbAawsyruWvcs$vYn4wtkqypi7ATgvCSg%vCSgFFQggH4jHI3lHIpoHIZoCIQp^8Eqm4EWlADtl5D0lqC_kOB_kiBslPAWlKAqm" /><g i="11" c="271" charCode="99" p="#^0GnvBEawQCawpzawBxQt2wRr2wEo2wmmWwBkKxRiwzOh2BTgXCTgsETgVFBh%VFHlvE2luD2ljC2lEBLlLANmKAloKAnqEBjrrC4sED4sNE4s0Gmr" /><g i="12" c="274" charCode="116" p="#^cESvXC5w_B5wVz5wGy3vsx1usx4s%sxIk%$vIk%$v3h%sx3h%sx9e%bCyc%bC3h%_D3h%_DIk%bCIk%bC5rbC1sZC1skD1scERr" /><g i="13" c="275" charCode="73" p="%^hB$v$v$v$vlchBlc" /><g i="14" c="276" charCode="110" p="#^XH$v%eD$v%eDjmeDHlRCkltCZkYBZkTAZkEAlm%EA$v%$v$v%$v3h%EA3h%EAZhrAEhjBlhbC1hdD3haF8huGciXHpjXH2m" /><g i="15" c="277" charCode="72" p="%^JJ$vnE$vnE5riB5riB$v$v$v$vlciBlciBWlnEWlnElcJJlc" /><g i="16" c="278" charCode="79" p="#^aNam9N1r3LEtTIkwAEkw8whw$vamWvmh7yIelA1cAE1cQI1c0LIecNmhaNam^DH9mEHehAEeh6DehkCviyBMjAB9mDB4rAE5r%AE5rAH6rDH9m" /><g i="17" c="279" charCode="193" p="#^XJ$v%mE$v%mEBs%oBBs%oB$v%$v$v%$vKi$vXfWx$dSz2cRC4cTF6cVH8eXJagXJ8j^mEMn%mEfjmExiWD_hvDrhRCrhbCrhNB$hoByioBfj%oBMn^EFK7%CDVb%aBVb%eCK7" /><g i="18" c="280" charCode="76" p="%^3H$v$v$v$vlciBlciBSq3HSq" /><g i="19" c="281" charCode="7862" p="#^XJ$v%mE$v%mEBs%oBBs%oB$v%$v$v%$vKi$vXfWx$dSz2cRC4cTF6cVH8eXJagXJ8j^mEMn%mEfjmExiWD_hvDrhRCrhbCrhNB$hoByioBfj%oBMn^ZD$7%HG$7xGx9tFxaKEMbWCMbcBMb5Aqaozy9fz$7%YB$73CA89CL8xCh9WCh9lDh9DDV8SDA8ZD$7^OEfzOE2AdECAEDbBQCbB%QCbB$BbBqBCASA2ASAfzSAryqBSx$BixQCixEDixdETxOEsyOEfz" /><g i="20" c="282" charCode="80" p="#^UJ$jQJznVHNp$F$r6D$r%iB$r%iB$v%$v$v%$vlc%3Dlc9Glc1IDeVJUgUJ$j^AEmkAE3j2EgirDohgCoh%iBoh%iBhn%gChnxEhnAEmk" /><g i="21" c="283" charCode="7840" p="#^XJ$v%mE$v%mEBs%oBBs%oB$v%$v$v%$vKi$vXfWx$dSz2cRC4cTF6cVH8eXJagXJ8j^mEMn%mEfjmExiWD_hvDrhRCrhbCrhNB$hoByioBfj%oBMn^OEfzOE2AdECAEDbBQCbB%QCbB$BbBqBCASA2ASAfzSAryqBSx$BixQCixEDixdETxOEsyOEfz" /></glyphs></font></bwFonts>