<?xml version="1.0" encoding="utf-8"?>
<manifest identifier="_6ckwRoBPRrC_course_id" version="1.0" xmlns="http://www.imsproject.org/xsd/imscp_rootv1p1p2" xmlns:adlcp="http://www.adlnet.org/xsd/adlcp_rootv1p2" xmlns:xsi="http://www.w3.org/2001/XMLSchema-instance" xsi:schemaLocation="http://www.imsproject.org/xsd/imscp_rootv1p1p2 imscp_rootv1p1p2.xsd http://www.imsglobal.org/xsd/imsmd_rootv1p2p1 imsmd_rootv1p2p1.xsd http://www.adlnet.org/xsd/adlcp_rootv1p2 adlcp_rootv1p2.xsd">
  <metadata>
    <schema>ADL SCORM</schema>
    <schemaversion>1.2</schemaversion>
    <lom xmlns="http://www.imsglobal.org/xsd/imsmd_rootv1p2p1" xmlns:xsi="http://www.w3.org/2001/XMLSchema-instance" xsi:schemaLocation="http://www.imsglobal.org/xsd/imsmd_rootv1p2p1 imsmd_rootv1p2p1.xsd">
      <general>
        <title>
          <langstring xml:lang="x-none">HD05_MANGUONMATHUAT</langstring>
        </title>
      </general>
      <lifecycle>
        <version>
          <langstring xml:lang="x-none">1</langstring>
        </version>
        <status>
          <source>
            <langstring xml:lang="x-none">LOMv1.0</langstring>
          </source>
          <value>
            <langstring xml:lang="x-none">Final</langstring>
          </value>
        </status>
      </lifecycle>
      <metametadata>
        <metadatascheme>ADL SCORM 1.2</metadatascheme>
      </metametadata>
      <educational>
        <typicallearningtime>
          <datetime>PT0H0M0S</datetime>
        </typicallearningtime>
      </educational>
      <rights>
        <cost>
          <source>
            <langstring xml:lang="x-none">LOMv1.0</langstring>
          </source>
          <value>
            <langstring xml:lang="x-none">yes</langstring>
          </value>
        </cost>
        <copyrightandotherrestrictions>
          <source>
            <langstring xml:lang="x-none">LOMv1.0</langstring>
          </source>
          <value>
            <langstring xml:lang="x-none">yes</langstring>
          </value>
        </copyrightandotherrestrictions>
      </rights>
    </lom>
  </metadata>
  <organizations default="HD05_MANGUONMATHUAT_ORG">
    <organization identifier="HD05_MANGUONMATHUAT_ORG">
      <title>HD05_MANGUONMATHUAT</title>
      <item identifier="HD05_MANGUONMATHUAT_SCO" isvisible="true" identifierref="__6ckwRoBPRrC_course_id_RES">
        <title>HD05_MANGUONMATHUAT</title>
      </item>
    </organization>
  </organizations>
  <resources>
    <resource identifier="__6ckwRoBPRrC_course_id_RES" type="webcontent" href="index_lms.html" adlcp:scormtype="sco">
      <file href="story_content/thumbnail.jpg" />
      <file href="story_content/Slide6Afp5JIX062.swf" />
      <file href="story_content/6eUDg9ObFrn_X_P_0_0_526_768_DX2048_DY2048.swf" />
      <file href="mobile/6eUDg9ObFrn_X_P_0_0_526_768_DX2048_DY2048_CX526_CY768.png" />
      <file href="story_content/64MYlVfbCMS_22050_160_0.mp3" />
      <file href="story_content/5aAbb1jmaQA_22050_160_0.mp3" />
      <file href="story_content/5ms62mFFv9j_22050_160_0.mp3" />
      <file href="story_content/5meKIDNy05B_DX2732_DY2732.swf" />
      <file href="mobile/5meKIDNy05B_DX2732_DY2732_CX1920_CY1080.png" />
      <file href="story_content/5cLEra1iPMF_DX1126_DY1126.swf" />
      <file href="mobile/5cLEra1iPMF_DX1126_DY1126_CX563_CY366.png" />
      <file href="story_content/5vjMXz358uA_DX1152_DY1152.swf" />
      <file href="mobile/5vjMXz358uA_DX1152_DY1152_CX291_CY864.png" />
      <file href="story_content/6WAdo1bZzOA_DX1152_DY1152.swf" />
      <file href="mobile/6WAdo1bZzOA_DX1152_DY1152_CX441_CY864.png" />
      <file href="story_content/6P75seffwdD_DX1152_DY1152.swf" />
      <file href="mobile/6P75seffwdD_DX1152_DY1152_CX345_CY864.png" />
      <file href="story_content/6VnQr4jTMnB_DX552_DY552.swf" />
      <file href="mobile/6VnQr4jTMnB_DX552_DY552_CX296_CY232.png" />
      <file href="story_content/Shape6ECM0MCa5rj.swf" />
      <file href="story_content/txt__default_5qzeAXTdynn.swf" />
      <file href="story_content/6VnQr4jTMnB_DX550_DY550.swf" />
      <file href="mobile/6VnQr4jTMnB_DX550_DY550_CX193_CY151.png" />
      <file href="story_content/61AUmOn0nps_DX1152_DY1152.swf" />
      <file href="mobile/61AUmOn0nps_DX1152_DY1152_CX322_CY864.png" />
      <file href="story_content/5tGbUveGvYa_DX1152_DY1152.swf" />
      <file href="mobile/5tGbUveGvYa_DX1152_DY1152_CX349_CY864.png" />
      <file href="story_content/6RGKRiCls7Y_DX1152_DY1152.swf" />
      <file href="mobile/6RGKRiCls7Y_DX1152_DY1152_CX409_CY862.png" />
      <file href="story_content/6frURG2Gn4P_DX1152_DY1152.swf" />
      <file href="mobile/6frURG2Gn4P_DX1152_DY1152_CX349_CY864.png" />
      <file href="story_content/5cJ8DF3zDMq_DX1152_DY1152.swf" />
      <file href="mobile/5cJ8DF3zDMq_DX1152_DY1152_CX349_CY864.png" />
      <file href="story_content/6IRPP9lZxYN_DX1152_DY1152.swf" />
      <file href="mobile/6IRPP9lZxYN_DX1152_DY1152_CX285_CY864.png" />
      <file href="story_content/6JpgWhi3XiX_X_DX608_DY608.swf" />
      <file href="mobile/6JpgWhi3XiX_X_DX608_DY608_CX426_CY456.png" />
      <file href="story_content/6pnpeAlbM3u_DX650_DY650.swf" />
      <file href="mobile/6pnpeAlbM3u_DX650_DY650_CX408_CY437.png" />
      <file href="story_content/5Vqhc0voknt_DX1152_DY1152.swf" />
      <file href="mobile/5Vqhc0voknt_DX1152_DY1152_CX476_CY864.png" />
      <file href="story_content/video_6KSxmvoywjS_18_160_1366x768.mp4" />
      <file href="mobile/video_6KSxmvoywjS_18_160_1366x768.jpg" />
      <file href="story_content/6NLtrtFvp46_DX1152_DY1152.swf" />
      <file href="mobile/6NLtrtFvp46_DX1152_DY1152_CX219_CY862.png" />
      <file href="story_content/txt__default_6063GInYxfm.swf" />
      <file href="story_content/txt__default_6LDtnnYoVBi.swf" />
      <file href="story_content/txt__default_5bBxi7nIqW4.swf" />
      <file href="story_content/txt__default_670heqOgjuF.swf" />
      <file href="story_content/txt__default_6gvFV7Ng2Ml.swf" />
      <file href="story_content/6HxkLdst5cQ_22050_160_0.mp3" />
      <file href="meta.xml" />
      <file href="story_content/FontFactory.swf" />
      <file href="story_content/fonts.swf" />
      <file href="story_content/frame.xml" />
      <file href="story_content/frame.json" />
      <file href="story_content/user.js" />
      <file href="mobile/Slide6Afp5JIX062.jpg" />
      <file href="mobile/Shape6ECM0MCa5rj.png" />
      <file href="mobile/txt__default_5qzeAXTdynn.png" />
      <file href="mobile/txt__default_6063GInYxfm.png" />
      <file href="mobile/txt__default_6LDtnnYoVBi.png" />
      <file href="mobile/txt__default_5bBxi7nIqW4.png" />
      <file href="mobile/txt__default_670heqOgjuF.png" />
      <file href="mobile/txt__default_6gvFV7Ng2Ml.png" />
      <file href="story.swf" />
      <file href="story_content/frame.swf" />
      <file href="story_content/slides/5YLFyw6HSkQ.swf" />
      <file href="story_content/slides/5wnfAVjehN1.swf" />
      <file href="story_content/slides/6VLs4h1zUfe.swf" />
      <file href="story_content/slides/6rTRJJJjwrz.swf" />
      <file href="story_content/slides/5u6vgnV29LJ.swf" />
      <file href="story_content/slides/6n7YBDA8hXM.swf" />
      <file href="story_content/slides/6HNLwVgcE3y.swf" />
      <file href="story_content/slides/5tk3LK8jUTR.swf" />
      <file href="story_content/slides/6V007mYdnq2.swf" />
      <file href="story_content/slides/5xS4Mx6pzMv.swf" />
      <file href="story_content/slides/6M3MC76T567.swf" />
      <file href="story_content/slides/65UahBHAu3p.swf" />
      <file href="story_content/slides/61WiVqw5C3N.swf" />
      <file href="story_content/slides/6MSgoTfxMVQ.swf" />
      <file href="story_content/slides/5hZi0KjamW1.swf" />
      <file href="story_content/slides/6ePD9meupvJ.swf" />
      <file href="story_content/slides/5fPsdOtoaLB.swf" />
      <file href="story_content/data.swf" />
      <file href="html5/data/css/output.min.css" />
      <file href="html5/data/js/5fPsdOtoaLB.js" />
      <file href="html5/data/js/5hZi0KjamW1.js" />
      <file href="html5/data/js/5tk3LK8jUTR.js" />
      <file href="html5/data/js/5u6vgnV29LJ.js" />
      <file href="html5/data/js/5wnfAVjehN1.js" />
      <file href="html5/data/js/5xS4Mx6pzMv.js" />
      <file href="html5/data/js/5YLFyw6HSkQ.js" />
      <file href="html5/data/js/61WiVqw5C3N.js" />
      <file href="html5/data/js/65UahBHAu3p.js" />
      <file href="html5/data/js/6ePD9meupvJ.js" />
      <file href="html5/data/js/6HNLwVgcE3y.js" />
      <file href="html5/data/js/6M3MC76T567.js" />
      <file href="html5/data/js/6MSgoTfxMVQ.js" />
      <file href="html5/data/js/6n7YBDA8hXM.js" />
      <file href="html5/data/js/6rTRJJJjwrz.js" />
      <file href="html5/data/js/6V007mYdnq2.js" />
      <file href="html5/data/js/6VLs4h1zUfe.js" />
      <file href="html5/data/js/data.js" />
      <file href="html5/data/js/frame.js" />
      <file href="html5/data/js/paths.js" />
      <file href="html5/lib/scripts/app.min.js" />
      <file href="html5/lib/stylesheets/main.min.css" />
      <file href="html5/lib/stylesheets/mobile-fonts/open-sans-bold.woff" />
      <file href="html5/lib/stylesheets/mobile-fonts/open-sans-light.woff" />
      <file href="html5/lib/stylesheets/mobile-fonts/open-sans-regular.woff" />
      <file href="story.html" />
      <file href="story_flash.html" />
      <file href="story_html5.html" />
      <file href="story_content/blank.html" />
      <file href="story_content/story.js" />
      <file href="index_lms.html" />
      <file href="index_lms_html5.html" />
      <file href="index_lms_flash.html" />
      <file href="lms/AICCComm.html" />
      <file href="lms/AICCFunctions.js" />
      <file href="lms/API.js" />
      <file href="lms/APIConstants.js" />
      <file href="lms/blank.html" />
      <file href="lms/browsersniff.js" />
      <file href="lms/Configuration.js" />
      <file href="lms/goodbye.html" />
      <file href="lms/lms.js" />
      <file href="lms/LMSAPI.js" />
      <file href="lms/NONEFunctions.js" />
      <file href="lms/SCORM2004Functions.js" />
      <file href="lms/SCORMFunctions.js" />
      <file href="lms/UtilityFunctions.js" />
    </resource>
  </resources>
</manifest>