﻿<?xml version="1.0" encoding="utf-8"?>
<manifest identifier="_5sgK1M9hEq6_course_id" version="1.0" xmlns="http://www.imsproject.org/xsd/imscp_rootv1p1p2" xmlns:adlcp="http://www.adlnet.org/xsd/adlcp_rootv1p2" xmlns:xsi="http://www.w3.org/2001/XMLSchema-instance" xsi:schemaLocation="http://www.imsproject.org/xsd/imscp_rootv1p1p2 imscp_rootv1p1p2.xsd http://www.imsglobal.org/xsd/imsmd_rootv1p2p1 imsmd_rootv1p2p1.xsd http://www.adlnet.org/xsd/adlcp_rootv1p2 adlcp_rootv1p2.xsd">
  <metadata>
    <schema>ADL SCORM</schema>
    <schemaversion>1.2</schemaversion>
    <lom xmlns="http://www.imsglobal.org/xsd/imsmd_rootv1p2p1" xmlns:xsi="http://www.w3.org/2001/XMLSchema-instance" xsi:schemaLocation="http://www.imsglobal.org/xsd/imsmd_rootv1p2p1 imsmd_rootv1p2p1.xsd">
      <general>
        <title>
          <langstring xml:lang="x-none">[HOẠT ĐỘNG 4] NHÌN LẠI CHẶNG ĐƯỜNG</langstring>
        </title>
      </general>
      <lifecycle>
        <version>
          <langstring xml:lang="x-none">1</langstring>
        </version>
        <status>
          <source>
            <langstring xml:lang="x-none">LOMv1.0</langstring>
          </source>
          <value>
            <langstring xml:lang="x-none">Final</langstring>
          </value>
        </status>
      </lifecycle>
      <metametadata>
        <metadatascheme>ADL SCORM 1.2</metadatascheme>
      </metametadata>
      <educational>
        <typicallearningtime>
          <datetime>PT0H0M0S</datetime>
        </typicallearningtime>
      </educational>
      <rights>
        <cost>
          <source>
            <langstring xml:lang="x-none">LOMv1.0</langstring>
          </source>
          <value>
            <langstring xml:lang="x-none">yes</langstring>
          </value>
        </cost>
        <copyrightandotherrestrictions>
          <source>
            <langstring xml:lang="x-none">LOMv1.0</langstring>
          </source>
          <value>
            <langstring xml:lang="x-none">yes</langstring>
          </value>
        </copyrightandotherrestrictions>
      </rights>
    </lom>
  </metadata>
  <organizations default="[HOẠT_ĐỘNG_4]_NHÌN_LẠI_CHẶNG_ĐƯỜNG_ORG">
    <organization identifier="[HOẠT_ĐỘNG_4]_NHÌN_LẠI_CHẶNG_ĐƯỜNG_ORG">
      <title>[HOẠT ĐỘNG 4] NHÌN LẠI CHẶNG ĐƯỜNG</title>
      <item identifier="game-v1_SCO" isvisible="true" identifierref="__5sgK1M9hEq6_course_id_RES">
        <title>[HOẠT ĐỘNG 4] NHÌN LẠI CHẶNG ĐƯỜNG</title>
      </item>
    </organization>
  </organizations>
  <resources>
    <resource identifier="__5sgK1M9hEq6_course_id_RES" type="webcontent" href="index_lms.html" adlcp:scormtype="sco">
      <file href="story_content/thumbnail.jpg" />
      <file href="story_content/video_66D29EByeUP_22_48_720x406.mp4" />
      <file href="mobile/video_66D29EByeUP_22_48_720x406.jpg" />
      <file href="story_content/6UmTzQL1Iu6_80_DX246_DY246.swf" />
      <file href="mobile/6UmTzQL1Iu6_80_DX246_DY246_CX155_CY63.png" />
      <file href="story_content/video_5n0FjLD8o1q_22_48_720x406.mp4" />
      <file href="mobile/video_5n0FjLD8o1q_22_48_720x406.jpg" />
      <file href="story_content/6IAMUt0KQ3a_22050_48_0.mp3" />
      <file href="story_content/6NsgpU60mMX_80_DX172_DY172.swf" />
      <file href="mobile/6NsgpU60mMX_80_DX172_DY172_CX57_CY86.png" />
      <file href="story_content/5bMLwshLYCC_22050_48_0.mp3" />
      <file href="mobile/6UmTzQL1Iu6_80_DX246_DY246_CX184_CY75.png" />
      <file href="story_content/6DwKsPSNrcw_80_DX428_DY428.swf" />
      <file href="mobile/6DwKsPSNrcw_80_DX428_DY428_CX214_CY36.png" />
      <file href="story_content/68g0089DBd6_80_DX342_DY342.swf" />
      <file href="mobile/68g0089DBd6_80_DX342_DY342_CX171_CY36.png" />
      <file href="story_content/5wGpoqQ0tC9_80_DX320_DY320.swf" />
      <file href="mobile/5wGpoqQ0tC9_80_DX320_DY320_CX160_CY43.png" />
      <file href="meta.xml" />
      <file href="story_content/FontFactory.swf" />
      <file href="story_content/fonts.swf" />
      <file href="story_content/frame.xml" />
      <file href="story_content/frame.json" />
      <file href="story_content/user.js" />
      <file href="story.swf" />
      <file href="story_content/frame.swf" />
      <file href="story_content/slides/6OPKKsxREzx.swf" />
      <file href="story_content/slides/6eeUl1lWNmZ.swf" />
      <file href="story_content/slides/6riTG8o66e5.swf" />
      <file href="story_content/slides/6cKl7rhzfOX.swf" />
      <file href="story_content/slides/5zEQWlUaS8N.swf" />
      <file href="story_content/slides/6kaDFkL0p4t.swf" />
      <file href="story_content/slides/5YxcTgX1twE.swf" />
      <file href="story_content/slides/5gURPNs5NL3.swf" />
      <file href="story_content/slides/6IUlEOAobvW.swf" />
      <file href="story_content/slides/6OyVNfHYRXC.swf" />
      <file href="story_content/slides/6PxIv4P4rzc.swf" />
      <file href="story_content/slides/6btizCJ18R4.swf" />
      <file href="story_content/slides/6RAmujeoUdH.swf" />
      <file href="story_content/slides/6E3m8iIDlWB.swf" />
      <file href="story_content/slides/6ETDdfAUnz5.swf" />
      <file href="story_content/slides/6KkKRtlCGK2.swf" />
      <file href="story_content/slides/5Zd1GfXrNmE.swf" />
      <file href="story_content/slides/5uaNlYbCZRi.swf" />
      <file href="story_content/slides/5jYPxN5bnQj.swf" />
      <file href="story_content/slides/5bA5Ol85WJa.swf" />
      <file href="story_content/slides/5cg0Z6gT4RY.swf" />
      <file href="story_content/slides/6MN1PBSwUEh.swf" />
      <file href="story_content/slides/6cjxsBLomYI.swf" />
      <file href="story_content/data.swf" />
      <file href="html5/data/css/output.min.css" />
      <file href="html5/data/js/5bA5Ol85WJa.js" />
      <file href="html5/data/js/5cg0Z6gT4RY.js" />
      <file href="html5/data/js/5gURPNs5NL3.js" />
      <file href="html5/data/js/5jYPxN5bnQj.js" />
      <file href="html5/data/js/5uaNlYbCZRi.js" />
      <file href="html5/data/js/5YxcTgX1twE.js" />
      <file href="html5/data/js/5Zd1GfXrNmE.js" />
      <file href="html5/data/js/5zEQWlUaS8N.js" />
      <file href="html5/data/js/6btizCJ18R4.js" />
      <file href="html5/data/js/6cjxsBLomYI.js" />
      <file href="html5/data/js/6cKl7rhzfOX.js" />
      <file href="html5/data/js/6E3m8iIDlWB.js" />
      <file href="html5/data/js/6eeUl1lWNmZ.js" />
      <file href="html5/data/js/6ETDdfAUnz5.js" />
      <file href="html5/data/js/6IUlEOAobvW.js" />
      <file href="html5/data/js/6kaDFkL0p4t.js" />
      <file href="html5/data/js/6KkKRtlCGK2.js" />
      <file href="html5/data/js/6MN1PBSwUEh.js" />
      <file href="html5/data/js/6OPKKsxREzx.js" />
      <file href="html5/data/js/6OyVNfHYRXC.js" />
      <file href="html5/data/js/6PxIv4P4rzc.js" />
      <file href="html5/data/js/6RAmujeoUdH.js" />
      <file href="html5/data/js/6riTG8o66e5.js" />
      <file href="html5/data/js/data.js" />
      <file href="html5/data/js/frame.js" />
      <file href="html5/data/js/paths.js" />
      <file href="html5/lib/scripts/app.min.js" />
      <file href="html5/lib/stylesheets/main.min.css" />
      <file href="html5/lib/stylesheets/mobile-fonts/open-sans-bold.woff" />
      <file href="html5/lib/stylesheets/mobile-fonts/open-sans-light.woff" />
      <file href="html5/lib/stylesheets/mobile-fonts/open-sans-regular.woff" />
      <file href="story.html" />
      <file href="story_flash.html" />
      <file href="story_html5.html" />
      <file href="story_content/blank.html" />
      <file href="story_content/story.js" />
      <file href="index_lms.html" />
      <file href="index_lms_html5.html" />
      <file href="index_lms_flash.html" />
      <file href="lms/AICCComm.html" />
      <file href="lms/AICCFunctions.js" />
      <file href="lms/API.js" />
      <file href="lms/APIConstants.js" />
      <file href="lms/blank.html" />
      <file href="lms/browsersniff.js" />
      <file href="lms/Configuration.js" />
      <file href="lms/goodbye.html" />
      <file href="lms/lms.js" />
      <file href="lms/LMSAPI.js" />
      <file href="lms/NONEFunctions.js" />
      <file href="lms/SCORM2004Functions.js" />
      <file href="lms/SCORMFunctions.js" />
      <file href="lms/UtilityFunctions.js" />
    </resource>
  </resources>
</manifest>