<?xml version="1.0" encoding="utf-8"?>
<manifest identifier="_5Y9BUGKsN78_course_id" version="1.0" xmlns="http://www.imsproject.org/xsd/imscp_rootv1p1p2" xmlns:adlcp="http://www.adlnet.org/xsd/adlcp_rootv1p2" xmlns:xsi="http://www.w3.org/2001/XMLSchema-instance" xsi:schemaLocation="http://www.imsproject.org/xsd/imscp_rootv1p1p2 imscp_rootv1p1p2.xsd http://www.imsglobal.org/xsd/imsmd_rootv1p2p1 imsmd_rootv1p2p1.xsd http://www.adlnet.org/xsd/adlcp_rootv1p2 adlcp_rootv1p2.xsd">
  <metadata>
    <schema>ADL SCORM</schema>
    <schemaversion>1.2</schemaversion>
    <lom xmlns="http://www.imsglobal.org/xsd/imsmd_rootv1p2p1" xmlns:xsi="http://www.w3.org/2001/XMLSchema-instance" xsi:schemaLocation="http://www.imsglobal.org/xsd/imsmd_rootv1p2p1 imsmd_rootv1p2p1.xsd">
      <general>
        <title>
          <langstring xml:lang="x-none">hd_02_Ultrasonic_sensors_khampha_giacquan_moi</langstring>
        </title>
      </general>
      <lifecycle>
        <version>
          <langstring xml:lang="x-none">1</langstring>
        </version>
        <status>
          <source>
            <langstring xml:lang="x-none">LOMv1.0</langstring>
          </source>
          <value>
            <langstring xml:lang="x-none">Final</langstring>
          </value>
        </status>
      </lifecycle>
      <metametadata>
        <metadatascheme>ADL SCORM 1.2</metadatascheme>
      </metametadata>
      <educational>
        <typicallearningtime>
          <datetime>PT0H0M0S</datetime>
        </typicallearningtime>
      </educational>
      <rights>
        <cost>
          <source>
            <langstring xml:lang="x-none">LOMv1.0</langstring>
          </source>
          <value>
            <langstring xml:lang="x-none">yes</langstring>
          </value>
        </cost>
        <copyrightandotherrestrictions>
          <source>
            <langstring xml:lang="x-none">LOMv1.0</langstring>
          </source>
          <value>
            <langstring xml:lang="x-none">yes</langstring>
          </value>
        </copyrightandotherrestrictions>
      </rights>
    </lom>
  </metadata>
  <organizations default="hd_02_Ultrasonic_sensors_khampha_giacquan_moi_ORG">
    <organization identifier="hd_02_Ultrasonic_sensors_khampha_giacquan_moi_ORG">
      <title>hd_02_Ultrasonic_sensors_khampha_giacquan_moi</title>
      <item identifier="Ultrasonic_sensors_khampha_giacquan_moi_SCO" isvisible="true" identifierref="__5Y9BUGKsN78_course_id_RES">
        <title>hd_02_Ultrasonic_sensors_khampha_giacquan_moi</title>
      </item>
    </organization>
  </organizations>
  <resources>
    <resource identifier="__5Y9BUGKsN78_course_id_RES" type="webcontent" href="index_lms.html" adlcp:scormtype="sco">
      <file href="story_content/thumbnail.jpg" />
      <file href="story_content/video_5emHo93FT3N_22_48_1366x768.mp4" />
      <file href="mobile/video_5emHo93FT3N_22_48_1366x768.jpg" />
      <file href="story_content/5fzXDDZGL94_22050_48_0.mp3" />
      <file href="story_content/6c23tVw6fiU_80_DX1436_DY1436.swf" />
      <file href="mobile/6c23tVw6fiU_80_DX1436_DY1436_CX718_CY403.png" />
      <file href="story_content/5k4GoqaRnco_80_RFFBC7C_DX674_DY674.swf" />
      <file href="mobile/5k4GoqaRnco_80_RFFBC7C_DX674_DY674_CX505_CY324.png" />
      <file href="story_content/6BOA8AInYHK_22050_48_0.mp3" />
      <file href="story_content/6UNvTeIDfiE_22050_48_0.mp3" />
      <file href="story_content/6IC8ftCrfGH_22050_48_0.mp3" />
      <file href="story_content/5bROxzH4lAr_80_DX1646_DY1646.swf" />
      <file href="mobile/5bROxzH4lAr_80_DX1646_DY1646_CX1088_CY735.png" />
      <file href="story_content/6QS4cYeyJ36_80_P_364_319_1004_535_DX2242_DY2242.swf" />
      <file href="mobile/6QS4cYeyJ36_80_P_364_319_1004_535_DX2242_DY2242_CX990_CY528.png" />
      <file href="story_content/txt__default_5oSfI9ibpAe.swf" />
      <file href="story_content/6QS4cYeyJ36_80_P_446_386_882_416_DX2242_DY2242.swf" />
      <file href="mobile/6QS4cYeyJ36_80_P_446_386_882_416_DX2242_DY2242_CX870_CY411.png" />
      <file href="story_content/5WnZbL8rEdU_80_DX984_DY984.jpg" />
      <file href="mobile/5WnZbL8rEdU_80_DX984_DY984_CX702_CY548.jpg" />
      <file href="story_content/txt__default_5yrzNQwmsTU.swf" />
      <file href="story_content/5aF1jm9tKzd_80_DX640_DY640.jpg" />
      <file href="mobile/5aF1jm9tKzd_80_DX640_DY640_CX320_CY234.jpg" />
      <file href="story_content/6PeS1X9Z05a_80_DX796_DY796.jpg" />
      <file href="mobile/6PeS1X9Z05a_80_DX796_DY796_CX446_CY305.jpg" />
      <file href="story_content/6kYvsXldRos_80_DX804_DY804.jpg" />
      <file href="mobile/6kYvsXldRos_80_DX804_DY804_CX576_CY330.jpg" />
      <file href="story_content/Slide63WEmEbRBxv.swf" />
      <file href="story_content/5cLEra1iPMF_80_DX1126_DY1126.swf" />
      <file href="mobile/5cLEra1iPMF_80_DX1126_DY1126_CX563_CY366.png" />
      <file href="meta.xml" />
      <file href="story_content/FontFactory.swf" />
      <file href="story_content/fonts.swf" />
      <file href="story_content/frame.xml" />
      <file href="story_content/frame.json" />
      <file href="story_content/user.js" />
      <file href="mobile/txt__default_5oSfI9ibpAe.png" />
      <file href="mobile/txt__default_5yrzNQwmsTU.png" />
      <file href="mobile/Slide63WEmEbRBxv.jpg" />
      <file href="story.swf" />
      <file href="story_content/frame.swf" />
      <file href="story_content/slides/6qjVrIpFHEz.swf" />
      <file href="story_content/slides/5hvrUBx6lKN.swf" />
      <file href="story_content/slides/6QwoJkbWWPm.swf" />
      <file href="story_content/slides/5eAncqLIQnv.swf" />
      <file href="story_content/slides/6OL9WC3GGX7.swf" />
      <file href="story_content/slides/6rQ9NDMme4R.swf" />
      <file href="story_content/slides/63WaNQgl7Ls.swf" />
      <file href="story_content/data.swf" />
      <file href="html5/data/css/output.min.css" />
      <file href="html5/data/js/5eAncqLIQnv.js" />
      <file href="html5/data/js/5hvrUBx6lKN.js" />
      <file href="html5/data/js/63WaNQgl7Ls.js" />
      <file href="html5/data/js/6OL9WC3GGX7.js" />
      <file href="html5/data/js/6qjVrIpFHEz.js" />
      <file href="html5/data/js/6QwoJkbWWPm.js" />
      <file href="html5/data/js/6rQ9NDMme4R.js" />
      <file href="html5/data/js/data.js" />
      <file href="html5/data/js/frame.js" />
      <file href="html5/data/js/paths.js" />
      <file href="html5/lib/scripts/app.min.js" />
      <file href="html5/lib/stylesheets/main.min.css" />
      <file href="html5/lib/stylesheets/mobile-fonts/open-sans-bold.woff" />
      <file href="html5/lib/stylesheets/mobile-fonts/open-sans-light.woff" />
      <file href="html5/lib/stylesheets/mobile-fonts/open-sans-regular.woff" />
      <file href="story.html" />
      <file href="story_flash.html" />
      <file href="story_html5.html" />
      <file href="story_content/blank.html" />
      <file href="story_content/story.js" />
      <file href="index_lms.html" />
      <file href="index_lms_html5.html" />
      <file href="index_lms_flash.html" />
      <file href="lms/AICCComm.html" />
      <file href="lms/AICCFunctions.js" />
      <file href="lms/API.js" />
      <file href="lms/APIConstants.js" />
      <file href="lms/blank.html" />
      <file href="lms/browsersniff.js" />
      <file href="lms/Configuration.js" />
      <file href="lms/goodbye.html" />
      <file href="lms/lms.js" />
      <file href="lms/LMSAPI.js" />
      <file href="lms/NONEFunctions.js" />
      <file href="lms/SCORM2004Functions.js" />
      <file href="lms/SCORMFunctions.js" />
      <file href="lms/UtilityFunctions.js" />
    </resource>
  </resources>
</manifest>