﻿<?xml version="1.0" encoding="utf-8"?><meta xmlns:xsi="http://www.w3.org/2001/XMLSchema-instance" xmlns:xsd="http://www.w3.org/2001/XMLSchema"><project id="6RinIFtIzuT" courseid="5fI6dIuPfaR_course_id" thumburl="story_content/thumbnail.jpg" title="[HOẠT ĐỘNG 13] NHÌN LẠI CHẶNG ĐƯỜNG MOTION" datepublished="2019-01-28T06:32:38" version="1.0.0.0" flashdata="story_content/data.swf" html5data="mobile/data.json" mobiledata="mobile/data.gz" enabledownload="true" duration="About 3 minutes" totalaudio="0" totalvideo="18877"><description>Created by FasterCourse</description><keywords /><slidemeta moniker="slide" monikerplural="slides" viewslides="17" slidecountdescription="17 slides" /><author name="Ieva Novitus" email="" website="" /><application name="Articulate Storyline" version="3.2.13213.0" xmlversion="4.0" /></project></meta>