<?xml version="1.0" encoding="utf-8"?>
<manifest identifier="_6GkhahcKbju_course_id" version="1.0" xmlns="http://www.imsproject.org/xsd/imscp_rootv1p1p2" xmlns:adlcp="http://www.adlnet.org/xsd/adlcp_rootv1p2" xmlns:xsi="http://www.w3.org/2001/XMLSchema-instance" xsi:schemaLocation="http://www.imsproject.org/xsd/imscp_rootv1p1p2 imscp_rootv1p1p2.xsd http://www.imsglobal.org/xsd/imsmd_rootv1p2p1 imsmd_rootv1p2p1.xsd http://www.adlnet.org/xsd/adlcp_rootv1p2 adlcp_rootv1p2.xsd">
  <metadata>
    <schema>ADL SCORM</schema>
    <schemaversion>1.2</schemaversion>
    <lom xmlns="http://www.imsglobal.org/xsd/imsmd_rootv1p2p1" xmlns:xsi="http://www.w3.org/2001/XMLSchema-instance" xsi:schemaLocation="http://www.imsglobal.org/xsd/imsmd_rootv1p2p1 imsmd_rootv1p2p1.xsd">
      <general>
        <title>
          <langstring xml:lang="x-none">B?nh Ng?t Nh?t B?n</langstring>
        </title>
      </general>
      <lifecycle>
        <version>
          <langstring xml:lang="x-none">1</langstring>
        </version>
        <status>
          <source>
            <langstring xml:lang="x-none">LOMv1.0</langstring>
          </source>
          <value>
            <langstring xml:lang="x-none">Final</langstring>
          </value>
        </status>
      </lifecycle>
      <metametadata>
        <metadatascheme>ADL SCORM 1.2</metadatascheme>
      </metametadata>
      <educational>
        <typicallearningtime>
          <datetime>PT0H0M0S</datetime>
        </typicallearningtime>
      </educational>
      <rights>
        <cost>
          <source>
            <langstring xml:lang="x-none">LOMv1.0</langstring>
          </source>
          <value>
            <langstring xml:lang="x-none">yes</langstring>
          </value>
        </cost>
        <copyrightandotherrestrictions>
          <source>
            <langstring xml:lang="x-none">LOMv1.0</langstring>
          </source>
          <value>
            <langstring xml:lang="x-none">yes</langstring>
          </value>
        </copyrightandotherrestrictions>
      </rights>
    </lom>
  </metadata>
  <organizations default="B?nh_Ng?t_Nh?t_B?n_ORG">
    <organization identifier="B?nh_Ng?t_Nh?t_B?n_ORG">
      <title>B?nh Ng?t Nh?t B?n</title>
      <item identifier="Sushi_SCO" isvisible="true" identifierref="__6GkhahcKbju_course_id_RES">
        <title>B?nh Ng?t Nh?t B?n</title>
        <adlcp:masteryscore>60</adlcp:masteryscore>
      </item>
    </organization>
  </organizations>
  <resources>
    <resource identifier="__6GkhahcKbju_course_id_RES" type="webcontent" href="index_lms.html" adlcp:scormtype="sco">
      <file href="story_content/thumbnail.jpg" />
      <file href="story_content/5cZrmw2Ptx9_80_DX1440_DY1440.jpg" />
      <file href="mobile/5cZrmw2Ptx9_80_DX1440_DY1440_CX810_CY810.jpg" />
      <file href="story_content/6S0Re9xMlzf_22050_48_0.mp3" />
      <file href="story_content/6ERipocfpcY_80_DX1440_DY1440.jpg" />
      <file href="mobile/6ERipocfpcY_80_DX1440_DY1440_CX1080_CY675.jpg" />
      <file href="story_content/62Z9BiBeTA9_22050_48_0.mp3" />
      <file href="story_content/612D9XuidU0_80_DX1020_DY1020.jpg" />
      <file href="mobile/612D9XuidU0_80_DX1020_DY1020_CX510_CY330.jpg" />
      <file href="story_content/5hd6VWPh1fc_22050_48_0.mp3" />
      <file href="story_content/6hNkkpZOO4m_80_DX1440_DY1440.jpg" />
      <file href="mobile/6hNkkpZOO4m_80_DX1440_DY1440_CX1080_CY608.jpg" />
      <file href="story_content/5pih9LBZu6w_22050_48_0.mp3" />
      <file href="story_content/6qBDLQOjTds_80_DX1440_DY1440.jpg" />
      <file href="mobile/6qBDLQOjTds_80_DX1440_DY1440_CX1080_CY608.jpg" />
      <file href="story_content/5yXFUQuWLt5_22050_48_0.mp3" />
      <file href="story_content/6R2m7V1kGHU_80_DX1440_DY1440.jpg" />
      <file href="mobile/6R2m7V1kGHU_80_DX1440_DY1440_CX900_CY633.jpg" />
      <file href="story_content/67YRSQLpJon_22050_48_0.mp3" />
      <file href="story_content/60pqYFDhKKn_80_DX1440_DY1440.jpg" />
      <file href="mobile/60pqYFDhKKn_80_DX1440_DY1440_CX1080_CY675.jpg" />
      <file href="meta.xml" />
      <file href="story_content/FontFactory.swf" />
      <file href="story_content/fonts.swf" />
      <file href="story_content/frame.xml" />
      <file href="story_content/frame.json" />
      <file href="story_content/user.js" />
      <file href="story.swf" />
      <file href="story_content/frame.swf" />
      <file href="story_content/slides/5VFDjVAB7Dd.swf" />
      <file href="story_content/slides/6VFbTsfOZTJ.swf" />
      <file href="story_content/slides/64docPwnr3w.swf" />
      <file href="story_content/slides/6FHokUViq0a.swf" />
      <file href="story_content/slides/6EUhEyh5wDg.swf" />
      <file href="story_content/slides/69iWT6micwH.swf" />
      <file href="story_content/slides/5lXp1yJuZ1A.swf" />
      <file href="story_content/data.swf" />
      <file href="html5/data/css/output.min.css" />
      <file href="html5/data/js/5lXp1yJuZ1A.js" />
      <file href="html5/data/js/5VFDjVAB7Dd.js" />
      <file href="html5/data/js/64docPwnr3w.js" />
      <file href="html5/data/js/69iWT6micwH.js" />
      <file href="html5/data/js/6EUhEyh5wDg.js" />
      <file href="html5/data/js/6FHokUViq0a.js" />
      <file href="html5/data/js/6VFbTsfOZTJ.js" />
      <file href="html5/data/js/data.js" />
      <file href="html5/data/js/frame.js" />
      <file href="html5/data/js/paths.js" />
      <file href="html5/lib/scripts/app.min.js" />
      <file href="html5/lib/stylesheets/main.min.css" />
      <file href="html5/lib/stylesheets/mobile-fonts/open-sans-bold.woff" />
      <file href="html5/lib/stylesheets/mobile-fonts/open-sans-light.woff" />
      <file href="html5/lib/stylesheets/mobile-fonts/open-sans-regular.woff" />
      <file href="story.html" />
      <file href="story_flash.html" />
      <file href="story_html5.html" />
      <file href="story_content/blank.html" />
      <file href="story_content/story.js" />
      <file href="index_lms.html" />
      <file href="index_lms_html5.html" />
      <file href="index_lms_flash.html" />
      <file href="lms/AICCComm.html" />
      <file href="lms/AICCFunctions.js" />
      <file href="lms/API.js" />
      <file href="lms/APIConstants.js" />
      <file href="lms/blank.html" />
      <file href="lms/browsersniff.js" />
      <file href="lms/Configuration.js" />
      <file href="lms/goodbye.html" />
      <file href="lms/lms.js" />
      <file href="lms/LMSAPI.js" />
      <file href="lms/NONEFunctions.js" />
      <file href="lms/SCORM2004Functions.js" />
      <file href="lms/SCORMFunctions.js" />
      <file href="lms/UtilityFunctions.js" />
    </resource>
  </resources>
</manifest>