﻿<?xml version="1.0" encoding="utf-8"?><bwFonts xmlns:xsi="http://www.w3.org/2001/XMLSchema-instance" xmlns:xsd="http://www.w3.org/2001/XMLSchema" fontfactoryurl="story_content/FontFactory.swf"><font id="00" name="Open SansBold Charset1_ 6Koz6mtbcam"><glyphs><g i="0" c="384" charCode="89" p="%^ODvlwH9eBL9eGF3pGF$vWB$vWBap$v9e5A9e" /><g i="1" c="385" charCode="111" p="#^WA9pWAbrABesfCgtLDgtfFgtUFesyGcryG9pyG7nUF6meF5lKD5leC5lAB6mWA6nWA9p^mK9pmKusBInuRGfwIDfwKBfweAovKyxuWxWs7xir7x9p7xPlSyYjCA5iND5iLF5ifHYiLIOjyJplmK$mmK9p" /><g i="2" c="386" charCode="117" p="#^DH$v%7Hgu%XGgukGdveFKv8EfwKCfwkAfw5zZuTxGtTxfr%Txmi%CBmi%CBkqCBPr7CysFChtODhtnFht3GesMGbrMGNo%MGmi%uKmi%uK$v" /><g i="3" c="387" charCode="32" p="#" /><g i="4" c="388" charCode="109" p="#^aK$v%sG$v%sG1osGzmYFQlsF4loE4lZC4ljC7mGBanGBAp%GB$v%Yx$v%Yxmi%OAmi%iB5k%vB5k3C9j5DDi7E5itF5ixI5iDJ5k%YJ5kvK8jzLDiEM5i_N5iiQ5iuRhjGStkGS5n%GS$v%XO$v%XO1oXOzmrOQlYN4lUM4lxL4lRK3maK1naK9p" /><g i="5" c="389" charCode="115" p="#^tHYrtH2u$F9vyEfwFBfw9Afw6z2w3yRv8xsv%8xosbyTsuzctNAxtMBxtODxtODmsODWrxDFrgDnrBC1rXBGqRAcqgzypxy_oOxqosxIn7xZm7xVl7x5kxy5jXz5ixC5i$E5ikHaj%cGSlaFqlhE8loDSktCSkQASkQALlQAfmmBDmUB_mGDInhFmo0GWoMGtp6HcqtHXqtHYr" /><g i="6" c="390" charCode="116" p="#^IDhtHEht2GSs%2GDvFEfwDCfwoAfwnz7vmy$tmyKr%my9l%Aw9l%AwAj%Dyki%Izsf%4Csf%4Cmi%VFmi%VF9l%4C9l%4CKr4CxswCVsZChtIDht" /><g i="7" c="391" charCode="99" p="#^vDfw7xfw7xfp7xMlSyXjBA5iQD5icG5i4I0j%_GVl5GylkFklAE5lQD5lWA5lWAdpWAetQDetVEetPFYsKGFsFH2s%FHevLGPvQF1wVEfwvDfw" /><g i="8" c="392" charCode="112" p="#^sFfw2DfwGBvu%uBvuGBcwGBuw%GB$B%Yx$B%Yxmi%_Ami%vB7k%GB7k_C5iyF5iZH5ikJZjIKQlIK9pIKlr3KYsqJzueIpv2HfwsFfw^mE4lZC4lkCXlIBNmGBKo%GB7pGBkrkChs_CetpEetVGetVG6pVG5nhG5mGF4lmE4l" /><g i="9" c="393" charCode="108" p="%^GB$vYx$vYx$cGB$c" /><g i="10" c="394" charCode="101" p="#^CDLkqCLkLBvl4Bfm_ADn%cGDnaGfmtFvlNELkCDLk^7EfwQAfwZyru7xCs7xhp7xRlQyZjyA5iAD5itG5i4ILjHJolHJio%HJ6q%UA6qYAIrQBBsJCutiEutxFutDGetKHZsWIps%WIhvYHNvQG0wJFfw7Efw" /><g i="11" c="395" charCode="104" p="#^zK$v%QG$v%QG1oQG4lEE4l3D4lmC8mGBcnGBAp%GB$v%Yx$v%Yx$c%GB$c%GBTgGBkhBB$i%vB5k%IB5kYC5iFF5i3I5ijJojzKHkzK5n" /><g i="12" c="396" charCode="113" p="#^CDkt1FktHFwslGIrpGGp%pGdppG1nJF4m2F7lyD7lWA7lWAfpWAirABjseCktCDkt^hCfwSzfwuyou7xxs7xcp7xSlwy_jWz5imC5iED5iCEBiAF4jjG5k%pG5k%KGmi%UJmi%UJ$B%9G$B%9Ghw9GxvjGeu%9GeuyFdvzEKvADfwhCfw" /><g i="13" c="397" charCode="105" p="#^OxQeOx$cQz$cRB$cRBQeRBHfkBagQAFgQzFgOxFgOxQe^GB$v%Yx$v%Yxmi%GBmi" /><g i="14" c="398" charCode="110" p="#^zK$v%QG$v%QG1oQGzmiGQlNF4lEE4l3D4lmC7mGBanGBAp%GB$v%Yx$v%Yxmi%OAmi%iB5k%vB5k7C6jdDCijE5iIF5i5I5ikJojzKGkzK5n" /><g i="15" c="399" charCode="98" p="#^yF5iZH5ikJ_jIKTlIK9pIKxshJouTHfwsFfw2DfwGBvu%qBvu%OA$v%Yx$v%Yx$c%GB$c%GBqhGBgixB7k%GB7k_C5iyF5i^mE4lZC4lkCXlIBNmGBKo%GB7pGBkrkChs_CetpEetyFetdGbsVG7rVG6pVG5ndG5myF4lmE4l" /><g i="16" c="400" charCode="57344" p="#^vF9l%hC9l%hC$v%yy$v%yy9l%vw9l%vwmj%yymi%yymhyy1fHzYdRATcnDTcjFTcPGsd%SFbgKEQfNDQf_CQfDCighCMghCvh%hCmi%vFmi" /><g i="17" c="401" charCode="114" p="#^AF5ikG5iQGci%yGHl5GAlsFAlGDAlGCvmGBpnGB2p%GB$v%Yx$v%Yxmi%MAmi%kBEk%vBEk8CvjdDOiiE5iAF5i" /><g i="18" c="403" charCode="103" p="#^QJli%QJek%IHNkhIIlhIRmhI2pLGhqdFvrvCvr%QBtr%hBprIARrIAnsIAbtLCbt%4FbtjHbtuI9uGJ6vGJZwGJmzGHGAHF$BYB$B5z$BAx$A4w0A4wdy4w_wRw9wCxkv5zZuxyKu5ybuGxDtGx$sGxds7yIrAybrrzHqmydqJxcp5xao5xMm5xxkyyjj$z5iIC5ihD5i3EciREii4Fli^izXxizIy1A8zMAAz6CAz6EAzeF1znGuynGxxnGLwIFsw1FawDDaw%IBawGAaw_zFwiz8xizXx^FAQmFAXn9BBoGBepICepLDepeEBoKEXnKEQmKEmkICmkFAmkFAQm" /><g i="19" c="404" charCode="46" p="#^qxfuqxdtZxIsxyasAzasBAas8BJsIBftIBfuIBdv8BNvAAkwAzkwyykw_xNvqxevqxfu" /><g i="20" c="405" charCode="69" p="%^wI$vfy$vfy9ewI9ewIfh1Cfh1Cal4Ial4Igo1Cgo1CTswITs" /><g i="21" c="406" charCode="121" p="#^$vmi%4Ami%FC1q_C1r6Dps%aDpsjD8rID1q%eGmi%dKmi%sELxFDTzbCXAJA$BLy$BNx$BSwOB%SwRyxx$yjy$yjz$y2AoyNAOxcBAw%qBVv" /><g i="22" c="407" charCode="97" p="#^CG$v%UF9u%OF9uSElvSDOvTCfwgBfwjzfway7v2x$t2xXr2xMpzyKo5AIn9DBn%wFwn%wFWmwFRkoDRkMBRkyzQl%jyjjGA4iyD4ihG4iLHhjdJtkdJVm%dJ$v^wFHp%4EKpsCNpFBkqTASqTAYrTAxtGCxtZDxtKEOswF2swFPq" /><g i="23" c="408" charCode="57345" p="#^vF9l%hC9l%hC$v%yy$v%yy9l%vw9l%vwmj%yymi%yymhyy1fHzYdRATcnDTcjFTcPGsd%SFbgKEQfNDQf_CQfDCighCMghCvh%hCmi%vFmi^uHQeuH$cwJ$cxL$cxLQexLHf0LagwKFgwJFguHFguHQe^mL$v%EH$v%EHmi%mLmi" /><g i="24" c="409" charCode="100" p="#^hCfwTzfwvyou7xws7xcp7xRlwyZjWz5inC5iYE5ijG5k%rG5k9Gzi9Gnh%9G$c%UJ$c%UJ$v%1H$v%jGeu%9GeuTEfwhCfw^ADht0FhtGFsslGDrpGDp%pGeppG1nJF4m2F7lwD7lhC7lABbmUAenUAfpUAgrABhshChtADht" /><g i="25" c="410" charCode="119" p="%^aJ$v7IerIGclDGcl7E$v7A$vfwmiYzmixBpo#VB0qiCTsnCTs#qCYrOCXp$CVoHEmiNImioKVo#rKapxKIp#EKdqKKPq#RKprWKZr#$Kxs0LTs4LTs#bL$rtLtq#LLXoTLpowNmi9RmieN$v" /><g i="26" c="411" charCode="58" p="#^qxfuqxdtZxIsxyasAzasBAas8BJsIBftIBfuIBdv8BNvAAkwAzkwyykw_xNvqxevqxfu^qxakqx8jZxDixy5iAz5iBA5i8BEiIBajIBakIB9l7BIlzAfmAzfmyyfm_xJlqxalqxak" /><g i="27" c="412" charCode="87" p="#^DP$v%kL$v%VIDmMI7mrIzk7I_i4Isi$H6jIHAkqH1mfHFm%RE$v%yA$v%$v9e%Jz9e%$BUnCCBqTCzsYCTrcDqqtDYoID9o%iG9e%TJ9e%uM9oFMQoVMcqaNAriNzsqNDrHNcqYNNoaOUn%sQ9e%aU9e" /><g i="28" c="413" charCode="107" p="%^xBAo9DvmZGmiaLmiLFhovL$vcH$vhDtqGBLrGB$vYx$vYx$cGB$cGBuluBAo" /><g i="29" c="414" charCode="57346" p="#^vF9l%hC9l%hC$v%yy$v%yy9l%vw9l%vwmj%yymi%yymhyy1fHzYdRATcnDTcjFTcPGsd%SFbgKEQfNDQf_CQfDCighCMghCvh%hCmi%vFmi^bP9l%ZL9l%ZL$v%eI$v%eI9l%bG9l%bGmj%eImi%eImheI1fnJYdxKTc3NTc$OTcvQsd%yPbgqOQftNQfGMQfjMigZLMgZLvh%ZLmi%bPmi" /><g i="30" c="415" charCode="63" p="#^nz4q%nzapnz$nTz8nnAgmIBhl_CnkoDOjODdjODwiODJhcDjhDCUgABUgLzUgpx5i%4wqfOyUdRBUdmEUdRF6fkHjgkHkikHGjJGFk6GDloERmdDInVC9oCCCoCClp%CC4q^_yfu_ydtxzIs4Aas7Bas8CasHCJsfDftfDfufDdvHCNv7Ckw7Bkw5AkwxzNv_yev_yfu" /></glyphs></font><font id="10" name="Open Sans Charset1_ 64jh8dg4cOW"><glyphs><g i="0" c="384" charCode="79" p="#^XN3nXNlrMLOtCJfwLFfwPBfwGzRtxxqrxx1nxxGiGzhgQBTdNFTdDJTdNLkgXNMiXN3n^Jz3nJzHqgBzsPCruLFruJIrueKAsLLIqLL3nLLsjeKBhKIKfNFKfPCKfgBChJzujJz3n" /><g i="1" c="385" charCode="75" p="%^lL$vVI$voClnxA$oxA$vsy$vsy9exA9exA$mDI9e4L9eUDVl" /><g i="2" c="386" charCode="89" p="%^$C4nLH9e$J9e2E4p2E$vXB$vXBap$v9egy9e" /><g i="3" c="387" charCode="101" p="#^ODfwQAfw6zsupxEspxqppxbm$yhkBAnihDniOFnifH1kJIHlJIoo%JIGp%vzGpzz1sHAgtQBuuTDuu1Guu9IAt%9Iov4HRv6G2w9FfwODfw^fD4kEB4kGA7lJzamyz1o%yG1oyG6mHF5lRE4kfD4k" /><g i="4" c="388" charCode="115" p="#^NGmsNGduoFev$DfwuBfwPyfwkxpv%kxwtiy0uoziuvAAuxBAu6DAuZD4uQEztQExsQELr8EbrtDDqvBTpEzapRyFo3y8oGxunixQmixVlixgkDykjYznigCnirEnivGfj%NFVkMD4k7C4kHA4kYzxkdz_kdzMldzjmuzHmMz3nnApn_ALnJCoo6FgpXF8qNG0rNGms" /><g i="5" c="389" charCode="78" p="%^oM$v0K$vgA1haA1h#nAFjnASlnA$vsy$vsy9eOA9ewK4tDK4t#BKKsvKYq#qKapsKoosK9eoM9e" /><g i="6" c="390" charCode="111" p="#^HJipHJAs1IquoGfwuDfwIBfwjApvWyzu9y_spxprpxippx1m1zckGAniADnioGni1IfkHJ6mHJip^vzipvzSrwActyByuyDyuxFyuzGdtBHTrBHipBHLmzGqlxF5kwD5kxB5kwAplvzImvzip" /><g i="7" c="391" charCode="81" p="#^XN3nXNuqzMMsbL1vGIQv%WMfA%VJfA%qGdw%LFfwPBfwGzRtxxqrxx1nxxGiGzhgQBTdNFTdDJTdNLkgXNMiXN3n^Jz3nJzHqgBzsPCruLFruJIrueKAsLLIqLL3nLLsjeKBhKIKfNFKfPCKfgBChJzujJz3n" /><g i="8" c="392" charCode="49" p="#^KE$v%LC$v%LChjLCIhRChgBCxggCPgYB5hnzcj%iyPh%0D9e%KE9e" /><g i="9" c="393" charCode="58" p="#^SxIuSxUtdyttBy2tiz2t$z2toAttOAUtOAIuOAvvoAXv$zmwizmwGymwgy_vSxBvSxIu^SxXjSxhiizhiOAhiOAXjOAJkoA9l$zAlizAlGyAlgyclSxPkSxXj" /><g i="10" c="394" charCode="32" p="#" /><g i="11" c="395" charCode="77" p="%^mG$viAbgcAbg#nA3inAFknA$vsy$vsy9eAB9eeHTskHTs1N9e8Q9e8Q$v3O$v3Ovk#3OxieOcg8Ocg1I$v" /><g i="12" c="396" charCode="105" p="#^aA$v%9y$v%9yDi%aADi^_x$e_xiejy_dFyFdazFdFzFd0A_dnAjenA$enAHf0A1gFzmgazmgFymgjy1g_xHf_x$e" /><g i="13" c="397" charCode="110" p="#^iH$v%iHlniHIlyGVkPF5keE5k7C5k8BelaAmmaA_o%aA$v%9y$v%9yDi%OzDi%7Ask%dAskRAtjZBWi5DnitEniUGni6IyjkJIkkJgn%kJ$v" /><g i="14" c="398" charCode="116" p="#^tCAu0DAuwDvu0EquiEku%iEUvZD2wkD8wHCfwaCfwiyfwiy9s%iyck%nwck%nwej%iyoi%9zxf%kAxf%kADi%cEDi%cEck%kAck%kA4skAhtUAXttBAutCAu" /><g i="15" c="399" charCode="97" p="#^nG$v%ZF5u%TF5uTEmvTDPvUCfwoBfwpzfwgyev8xcu8xjs8xfoDD3o%VF_n%VF9nVFAldFQkyE4k3D4koB4kgz6l%FyyjEz0jPAJi$BpiaDpiAFpiJGtjTHxkTHTm%TH$v^OBAuHDAuMEytSFvsSFDq%SFqp%QDvppBBpkAgqgzWqgzksgzrtXz0uCAAuOBAu" /><g i="16" c="400" charCode="104" p="#^iH$v%iHmniHJlyGWkPF6keE6k6C6k8BglaApmaA0p%aA$v%9y$v%9y$c%aA$c%aALiaAOj4Auk%cAukOAwjUBZi$CpiqEpiTGpi5IAjkJKkkJhn%kJ$v" /><g i="17" c="401" charCode="119" p="%^4J$vDG9o#oGrnLFTkFFTk#aF0nPEaohC$vXz$vhwDipyDi#IzGnnAjq#3BXs9BStfBSt#oB9tHB3s#_BYqcCiqFEDiSGDifJiq#XJpsaKQthKQt#kKotxKus#LKzr4NDibPDiuL$v" /><g i="18" c="403" charCode="114" p="#^fEni8FniRFwi%zFpkKEdk6EdkuCdkkBylaASmaAQo%aA$v%8y$v%8yDi%PzDi%2A5l%9A5lUAOjXB5j$CnifEni" /><g i="19" c="404" charCode="100" p="#^fHcu%8HcuKFfwXCfwjAfwSysupxFspxlppx1mSyckkAniXCniFFni6Hmk%gHmk%bHoj%8Hsi%8H$c%aJ$c%aJ$v%wH$v^cDyugFyucGqt8His8HNp%8Hlp8HvmbGilfF4kaD4koB4krAtlvzRmvznpvzXrrAftnByucDyu" /><g i="20" c="405" charCode="99" p="#^vDfwBAfw$ytupxGspxoppx1m0zckEAniDDniBEnizFBixGOi4H4j%sGOkNFxk_EmkbEakADakvzakvznpvzRrvAatvBuusDuu7FuuTGMt%TGzvxFfwvDfw" /><g i="21" c="406" charCode="117" p="#^2ADi%2Air2AXsOALtyByu7DyueFyucGptaHfsaHFp%aHDi%bJDi%bJ$v%wH$v%eHdu%7HduvGcvoFKvhEfwTCfwrAfwdz5v$xXt$xnr%$xDi" /><g i="22" c="407" charCode="46" p="#^SxIuSxUtdyttBy2tiz2t$z2toAttOAUtOAIuOAvvoAXv$zmwizmwGymwgy_vSxBvSxIu" /><g i="23" c="408" charCode="108" p="%^aA$v9y$v9y$caA$c" /><g i="24" c="409" charCode="57344" p="#^aEbk%MAbk%MA$v%Ly$v%Lybk%mwbk%mwhj%Lyyi%LyOhLyTc3DTc6ETcyFid%0FWeRDye0DyeTByejBjfMA4gMALh%MADi%aEDi" /><g i="25" c="410" charCode="57345" p="#^aEbk%MAbk%MA$v%Ly$v%Lybk%mwbk%mwhj%Lyyi%LyOhLyTc3DTc6ETcyFid%0FWeRDye0DyeTByejBjfMA4gMALh%MADi%aEDi^EI$v%DG$v%DGDi%EIDi^sG$esGieNG_d7HFdEHFd7IFduI_dRIjeRI$eRIHfuI1g7ImgEHmg7HmgNG1gsGHfsG$e" /><g i="26" c="411" charCode="121" p="#^1wDi%cyDi%7Bfq5CSskC0u%qC0uACot4DUrBDoqoGDi%zIDi%QCSxZB6AQA2BHz$B1y$B5x$BbwOB%bwaASwjAIxjANzjAGAZx%qB3w" /><g i="27" c="412" charCode="112" p="#^nEfw3Dfw_BMvVAhvaAhu%1AhuaAsvaAvw%aA$B%8y$B%8yDi%OzDi%4Ask%aAskYAmj_BTi1DninEni1HnitIckWJ0mWJipWJBssIqu_GfwnEfw^4E5k1C5k6BelcAmmaARo%aAipaA6s6Bkt2Cyu7EyuSFyuRG8tQHKrQHgpQHMmRGrlSF5k4E5k" /><g i="28" c="413" charCode="122" p="%^IG$v$w$v$wDuiEcksxcksxDiwGDiwGckjzquIGqu" /><g i="29" c="414" charCode="109" p="#^cP$v%cPincPHlwOUkQN5koM5kvK5kBJblHIgmHIxo%HI$v%GG$v%GGinGGHl_FUkiF5kRD5kXB5k2BelaAnmaA_o%aA$v%8y$v%8yDi%OzDi%7Ask%dAskOAtjRBWiUCniaEnijHnihIFk%nIFkZIBj6K_ifLniIMniZOni5QyjdRIkdRgn%dR$v" /><g i="30" c="415" charCode="103" p="#^6JDi%6JVj%DGckZGDkeHjlvH$lvHTmvHQo9G$pPEartCarTBarlB4r2AMr2AOs2AltvACtYATt3CTt%qETtBGTtMHOuXIIvXIsxXIGz9HQAnF$BYB$Bkz$BUx0Btw2Atwgytw2xfx9w2ygvszYuXyJuByeufyKtfy5tfymsEyPr1zgrTzLqQyjqayipxxgoxxYmxxLkRyzjaAniACniEDnitEDi^qyeyqykzlzUzgAsAZBsAxEsALFHz_GWy_GDx_GxwjG6wEFHvNDHv%lBHvZzHvbzlwqy$wqyey^xzVmxzjojA1p6BLpxCLpvFLpvFTmvFSjvCSj3BSjiADkxzolxzVm" /><g i="31" c="418" charCode="87" p="#^1O$v%ZL$v%nI2k7IfjOH2iuHRgtHBgcHciDG7k%7D$v%4B$v%kw9e%xy9e%lBapXBvrcCntxC8raD$o%nG9e%AI9e%WL6pwM$qWMnt8NErON9p%CQ9e%OS9e" /><g i="32" c="419" charCode="63" p="#^xz4r%xzqqxz_oZz3opA8nCB7mgDJkID0k8Eij8Eii8E3hkDogxCIf1BIf3AIf8zXfey9g2xLg%kw6fEyUd9BUduDUdNE2f4Gbg4Ghi4GajQFRjBFwk7F7lGEKl7D4nUB7ovBQo6Bwp6BGq%6B4r^XyIuXy2toA2t6B2tuButTBVtTBIuTBuvuBWv5BmwoAmwMzmwlz_vXyBvXyIu" /><g i="33" c="420" charCode="50" p="#^YI$v%dx$v%dxfu%WBxp4EmnLErmrFvlNFDk7GKj7GJi7GihfFtgoEDfRCDfKBDfKA$fLzmgxykh%sxXfWzUdQCUdlFUdMGbfcItgcIEicIlkfH$liGFnGDcq%Mz1u%Mz7u%YI7u" /><g i="34" c="421" charCode="72" p="%^$L$vWJ$vWJCnxACnxA$vsy$vsy9exA9exALlWJLlWJ9e$L9e" /><g i="35" c="422" charCode="65" p="%^HJ$vsHkqiAkq5y$v$v$v3D4ePE4eQL$v^PGsoKEWi#kEThVDlg#EDwh7DWi1Bso" /><g i="36" c="423" charCode="84" p="%^YD$vTB$vTB$fdw$fdw9eBJ9eBJ$fYD$f" /><g i="37" c="424" charCode="73" p="%^sy$vsy9exA9exA$v" /><g i="38" c="425" charCode="68" p="#^HMVmHMkrhKGtUH$voD$v%sy$v%sy9e%WD9e4I9enKtgHMMiHMVm^vK_mvKujLIJh$GYfyDYf%xAYf%xAcu%2DcuMGcuDIosvKzqvK_m" /><g i="39" c="426" charCode="83" p="#^wIfrwICtPGXu6FfwaCfw$yfwixrv%ixrtoyVtHzau_ArufCrukErunFFtqGSsqGsrqGwq2GXpGFlpOERoXDko9CInFzPmByBlxxmkxxoixxkg4z6fDAUdaDUdRFUd4ITe%qHGgdFLf7DLfuBLfyAtgDzahDzqiDzljZzXjjAxk7B1lXBxlCD7mpG7nsHhowIqpwIfr" /><g i="40" c="427" charCode="70" p="%^xA$vsy$vsy9epI9epI$fxA$fxAxmWHxmWHnoxAno" /><g i="41" c="428" charCode="82" p="#^xAAo%xA$v%sy$v%sy9e%lD9eDG9ebIqfMJGgMJcjMJKmbG_n%1L$v%AI$v%fEAo^xAOm%nDOmzFOmBGWlDH2lDHijDHxhAGLgxFZfdDZf%xAZf" /><g i="42" c="429" charCode="85" p="#^XL9e%XLIpXLMs5KwufIfw0FfwOBfw1AvugyKsgyFp%gy9e%lA9e%lAPplA2szBftNCru9FruqHruEIetSJ1sSJNp%SJ9e" /><g i="43" c="430" charCode="71" p="#^iGFm%nMFm%nMkvYKNvuJ0w1Ifw5Gfw2CfwNzRtxxqrxx4nxxikEyciMz5gSB$eYDUdNGUdEJUd6MXe%iLNgTILfEGLfoDLfyBIhJzEjJz4nJzIquBAsfDruGGruxIruiK0u%iKwo%iGwo" /><g i="44" c="433" charCode="44" p="#^gA5t%sAnt8ABuxzcwXyQxiydz%Mwdz5xYxux4wUxdu2y5t" /><g i="45" c="434" charCode="69" p="%^pI$vsy$vsy9epI9epI$fxA$fxALlWHLlWHAnxAAnxA8upI8u" /><g i="46" c="435" charCode="76" p="%^sy$vsy9exA9exA7uoI7uoI$v" /><g i="47" c="436" charCode="67" p="#^5GLf9DLfsBJhLzGjLz4nLzAqoBvs1Dpu3GpuXHpukKKt%kKyvtIfwLFfwPBfwGzStxxtrxx2nxxikzydiBz8gxB0fuDUd6GUdWIUd0LWe%8KIg7ILf5GLf" /><g i="48" c="437" charCode="86" p="#^EI9e%TK9e%rE$v%oC$v%$v9e%cy9e%iCIp$CHrqDAtSDBrzEDp" /><g i="49" c="438" charCode="66" p="#^sy9e%vD9e2H9eDIdfdKhgdKAidK9kkJclsIemLGxm%LGFmQKlnQKWqQKjtcJFuBH$vHE$v%sy$v^xAOl%YDOl8GOl6H6l4Iqk4INi4Ihh$GDgWFYfADYf%xAYf^xAzn%xAeu%fEeuqGeuvHptBIzsBINqBI7ptHlomGzn4Ezn" /><g i="50" c="439" charCode="45" p="%^1xeq1xno0Dno0Deq" /><g i="51" c="440" charCode="107" p="#^9A8pGApoLBcn%4GDi%uIDi%3Dko%SI$v%pG$v%GBGp%9A_q%9A$v%9y$v%9y$c%9A$c%9A4n9ALn2A8p" /><g i="52" c="441" charCode="98" p="#^nEpi$GpisIckWJ$lWJipWJBssIqu_GfwnEfw3Dfw_BMvVAhvaAhu%1Ahu%Bz$v%8y$v%8y$c%aA$c%aADhaAaj4Apk%aApkBBpinEpi^4E6k$B6k4BilaAumaAipaA7s6Blt2Cyu7Eyu$FyuVGbtQHQrQHhpQHGmVGol$F6k4E6k" /><g i="53" c="442" charCode="51" p="#^hIlihI3kjH9lmGemCECm%CEImLGZmNH4oQIapQIYqQIvt3HTuiFfw1CfwCAfwrz1wgyQv8xhv%8xmtjyXtDzeuXAxu6CxuKGxuKGVqKGFnDBFn%TzFn%TzVl%FBVlKDVlYE_kbG3kbGqibG6hhFngoEDfRCDfGBDfEAYfCzgggy6h%fxLflyTeNzoedBUdOCUdpFUdRG5fhIhghIli" /><g i="54" c="443" charCode="52" p="%^OJVr8HVr8H$vcF$vcFVrxwVrxw8q$E3e8H3e8H3qOJ3q^cF3qcF7k#cFoikFbgeFbg#EEmh7E7iyy3q" /><g i="55" c="444" charCode="53" p="#^OC6lDF6leHwmSIVnSIkqSI6t5HHukFfwdCfwdzfwDxhv%DxktuyTtLzbu0BvufCvupEvuBFutNGtsNGzqNGQmcCQm2BQm5zbn%2ywm%Jy9e%BH9e%BH1g%sA1g%$zolpB6lOC6l" /><g i="56" c="445" charCode="8217" p="#^Nz9e%YzqeEzEf1zghryTiOxgk%jwgk9xOgyx9e" /><g i="57" c="446" charCode="57346" p="#^aEbk%MAbk%MA$v%Ly$v%Lybk%mwbk%mwhj%Lyyi%LyOhLyTc3DTc6ETcyFid%0FWeRDye0DyeTByejBjfMA4gMALh%MADi%aEDi^EI$v%DG$v%DG$c%EI$c" /><g i="58" c="447" charCode="118" p="%^4B$v$vDiayDi3Bzq#1CltcCauiCau#rCwt8Dur#SDspmGDixIDisD$v" /><g i="59" c="448" charCode="54" p="#^qxnoqx6jtzvgwBUdwFUdVGUdIH7e%IHTfLGzfyFzfGCzf9BmhFz8jvzZm%FzZm$ATkVDTkiGTkHHkm4JNn4Jhq4J3tyHFu1GfwsDfwGAfw2zauqx4sqxno^qDxu9Fxu6Grt4Hls4Hhq4HvobGuniFtmwDtmqCtmvBWmBAnn2AaovzZovzQpvz4r_zasuAgtnBVthCxuqDxu" /><g i="60" c="449" charCode="55" p="%^uz$vTG1g8x1g8x9e1J9e1JNfJB$v" /><g i="61" c="450" charCode="57347" p="#^AMbk%aJbk%aJ$v%9H$v%9Hbk%MEbk%MEhj%9Hyi%9HOh9HTctLTcwMTcYNid%qNWefMyeqLyehKyeJJjfaJ4gaJLh%aJDi%AMDi^aEbk%MAbk%MA$v%Ly$v%Lybk%mwbk%mwhj%Lyyi%LyOhLyTc3DTc6ETcyFid%0FWeRDye0DyeTByejBjfMA4gMALh%MADi%aEDi^7R$v%6P$v%6PDi%7RDi^XO$eXOiegP_dCPFd7QFdCQFdZQ_dkRjekR$ekRHfZQ1gCQmg7QmgCPmggP1gXOHfXO$e" /><g i="62" c="451" charCode="56" p="#^7DUdAFUd$G1fqI9gqI9iqIujCHAkOGFl$EymaHBn4IKo$ITp$Inr$IBtsHWuVFfwcDfwlAfwOy$ugxLtgxsrgxno$AGmkzJlByCkSxvjSx8iSxcghz2fJAUd7DUd^gzvrgzZshAOtjBCu9DCuZECu_FLt$GUs$Gpr$Gdq2Gip5FnoKCvnVAho4Aepgzbqgzvr^6DxfABxfIAggRz$gRzdiRzljzA9khBYkeDMlZE1lHFbkqGljqGdiqG_gxFggFExf6Dxf" /><g i="63" c="452" charCode="57" p="#^YIMlYIfwRAfwrzfwBy$v%ByguAzAuQAAuLDAufFMsLGYqTGcn%KGcn3GdoYELoRDhpsChp4AhpHyTnixsmixVjix7hRywfpAUdYCUdMEUd7GQeuHMfdIzhYIljYIMl^YCDfcBDffALgizThizTjizElaAFm2BFnRCFnYDFnUEcnQFLmmGZlVGblVGkkVG2jpGZhVFTg$Efg6EDfYCDf" /></glyphs></font><font id="20" name="UTM American SansBold Charset1_ 5XTftBfLrjh"><glyphs><g i="0" c="256" charCode="66" p="#^zIdqFINsgGvuQE$vhC$v%$v$v%$vlc%8ClcrElc8GUdRHrfZHJh7ItkbG3mqItnzIdq^WCEiUC4iuCGh5CghzBgh%iBgh%iB2k%vB2k8C3kxCFjWCejWCEi^9Dwp7D_oLCEooChoXBho%iBho%iBVq%$BVqvCVqRCvqcD5q9Dwp" /><g i="1" c="257" charCode="7854" p="#^XJ$v%mE$v%mEBs%oBBs%oB$v%$v$v%$vKi$vXfWx$dSz2cRC4cTF6cVH8eXJagXJ8j^mEMn%mEfjmExiWD_hvDrhRCrhbCrhNB$hoByioBfj%oBMn^ZD$7%HG$7xGx9tFxaKEMbWCMbcBMb5Aqaozy9fz$7%YB$73CA89CL8xCh9WCh9lDh9DDV8SDA8ZD$7^LCZ3%9GZ3%7E88%HB88" /><g i="2" c="260" charCode="84" p="%^FIthSEthSE$vAz$vAzth$vth$vlcFIlc" /><g i="3" c="261" charCode="32" p="#" /><g i="4" c="262" charCode="272" p="#^IMbmHMRquKqtiI$vfE$v%zx$v%zxEn%$vEn%$vHk%zxHk%zxlc%iElcoIlczKYeKMyhIMbm^7H9m7HRjlGDiAFph8Eph%RCqh%RCHk%ZEHk%ZEEn%RCEn%RCYq%8EYq7HYq7H9m" /><g i="5" c="263" charCode="7846" p="%^XJ$vmE$vmEBsoBBsoB$v$v$v$vKi#$vXfWx$d#Sz2cRC4c#TF6cVH8e#XJagXJ8j^mEMnmEfj#mExiWD_h#vDrhRCrh#bCrhNB$h#oByioBfjoBMn^gHObfEObWCC9ABObByObvBK7nEK7^3I39DF39BDU4$GU4" /><g i="6" c="264" charCode="85" p="#^QJzqQJitDHWuEFlwRCkw3Aiw9yTu$vht$vAq%$vlc%kBlc%kBhpkBVqJCVquEXquEdp%uElc%QJlc" /><g i="7" c="265" charCode="67" p="#^aJjvkHkwZEkwYCkwcBBvfzNu1ydt$vAq$vjm$vij4x0heyDewAhdDC1c7F1c6H1c1JWc%1JgigHrhPFrh6Erh2DyiQBPjPBgmNBFo6DWpeE$q_F$qCH$qaJ$p" /><g i="8" c="266" charCode="193" p="#^XJ$v%mE$v%mEBs%oBBs%oB$v%$v$v%$vKi$vXfWx$dSz2cRC4cTF6cVH8eXJagXJ8j^mEMn%mEfjmExiWD_hvDrhRCrhbCrhNB$hoByioBfj%oBMn^EFK7%CDVb%aBVb%eCK7" /><g i="9" c="267" charCode="72" p="%^JJ$vnE$vnE5riB5riB$v$v$v$vlciBlciBWlnEWlnElcJJlc" /><g i="10" c="270" charCode="416" p="#^DH9mEHehAEeh6DehkCviyBMjAB9mDB4rAE5r%AE5rAH6rDH9m^qL8dqLOdYKgevKJeRJJe%RJJeaJJeIIgefIOdfI8dfIvcII2caJAbRJAbuKAbYK2cqLwcqL8d^LKueYKCeUKBecNmhaNam9N1r3LEtTIkwAEkw8whw$vamWvmh7yIelA1cAE1czG1cfIHcdI2ddIeddISdGIje7JMeMJMedKMeLKue" /><g i="11" c="271" charCode="73" p="%^hB$v$v$v$vlchBlc" /><g i="12" c="274" charCode="76" p="%^3H$v$v$v$vlciBlciBSq3HSq" /><g i="13" c="275" charCode="7840" p="#^XJ$v%mE$v%mEBs%oBBs%oB$v%$v$v%$vKi$vXfWx$dSz2cRC4cTF6cVH8eXJagXJ8j^mEMn%mEfjmExiWD_hvDrhRCrhbCrhNB$hoByioBfj%oBMn^OEfzOE2AdECAEDbBQCbB%QCbB$BbBqBCASA2ASAfzSAryqBSx$BixQCixEDixdETxOEsyOEfz" /><g i="14" c="276" charCode="63" p="#^MFEdLHdfLHVhLH4ktGWl1FWn2Duo%2DYq%EyYq%EytlGAqltBwk9COj9CIi9COhKBZgeBLg$zLg4yLg$v6i%$vldly4cQA4cMD4cMFEd^eDQteDYuBCJvYBuwOAuw%OAuwFztw0zJvnyYunyQtnyJs1zZrHzcrPAcrXBcrACZreDKseDQt" /><g i="15" c="277" charCode="79" p="#^aNam9N1r3LEtTIkwAEkw8whw$vamWvmh7yIelA1cAE1cQI1c0LIecNmhaNam^DH9mEHehAEeh6DehkCviyBMjAB9mDB4rAE5r%AE5rAH6rDH9m" /></glyphs></font><font id="30" name="UTM American Sans Charset1_ 5nMzYsIdHAz"><glyphs><g i="0" c="256" charCode="72" p="%^tJ$vyE$vyE$qUA$qUA$v$v$v$vrcUArcUAdmyEdmyErctJrc" /><g i="1" c="257" charCode="195" p="#^IJ$v%wE$v%wEws%_Aws%_A$v%$v$v%$vKi$vZfUx3eOz9cJCacIFccIHceIJcgIJ8j^wE6o%wEfjwEqi0ENhwD8hJC8hWB8hsBOh_Asi_Afj%_A6o^rCk8zDD8XDD8KED8KEJ7%KGJ7KGDaUEDahEDa9Dha1CX9HBX93BX93BFa%ZyFaZy18MA18jB18rCk8" /><g i="2" c="260" charCode="89" p="%^qMrcGG9pGG$vNB$vNB9p1wrcQBrcfEDjTGrc" /><g i="3" c="261" charCode="32" p="#" /><g i="4" c="262" charCode="76" p="%^NG$v$v$v$vrcUArcUAfrNGfr" /><g i="5" c="263" charCode="193" p="#^IJ$v%wE$v%wEws%_Aws%_A$v%$v$v%$vKi$vZfUx3eOz9cJCacIFccIHceIJcgIJ8j^wE6o%wEfjwEqi0ENhwD8hJC8hWB8hsBOh_Asi_Afj%_A6o^kFL7%lDvb%hBvb%iCL7" /><g i="6" c="264" charCode="73" p="%^TA$v$v$v$vrcTArc" /><g i="7" c="265" charCode="88" p="%^aMrcGHOl5M$v7G$v6E6qUB$v4w$vIAVl$vrcUBrc9ELh7Grc" /><g i="8" c="266" charCode="69" p="%^OG$v$v$v$vrcIGrcIGbhUAbhUAYjtGYjtGvoUAvoUAkrOGkr" /><g i="9" c="267" charCode="272" p="#^xMfmvMUqkKstaI$v9E$v%Bx$v%Bxun%$vun%$vYk%BxYk%Bxrc%cErcfIrcoK0fyMBhxMfm^mHdmmHNjvGsiFF7h2E7h%tC8h%tCYk%DEYk%DEun%tCun%tClr%2ElrmHlrmHdm" /><g i="10" c="270" charCode="218" p="#^BJIqBJntsHYuvFmwJCkw_zjw5yVu$vlt$vJq%$vrc%WArc%WAopWAirRCirFEkrFElp%FErc%BJrc^7FL7%9Dvb%4Bvb%6CL7" /><g i="11" c="271" charCode="78" p="%^VK$vsF$v_Aml_A$v$v$v$vrc6CrcKFMlKFrcVKrc" /><g i="12" c="274" charCode="71" p="#^NKIuSHnw6EjwsAdwcyft4woq$v4mWv5iWxsfJz4dFCqcRD9c6F9cbH9c_JZc%_JciLHfghFvgvDHgqC0idBvjaB7m9BcoNBGpxCqr4EGrWEQr4Gkr%4G2p%xD2p%xD2l%NK2l" /><g i="13" c="275" charCode="67" p="#^WIpveHkwVEkwUCkw9BBvdzOu1yft$vDq$vnm$vmj4x4hdyIeuAndAC7c2F7c0H7cNIXc%NI$hiH8hLF8hUD8hLCmirBJjqBjmoBToQCdq2EorWForGHorWIoq" /></glyphs></font><font id="40" name="UTM Aptima Charset1_ 5q9xVsd7deK"><glyphs><g i="0" c="256" charCode="76" p="#^rAYe%rAOu%iBSuUBSu6DNulEIuYEIuDFIuhGDuYGyulHvuiHIugHTufH1vfHfvfHyviHKvlHWvlH$v%fy$v%fyYeuy$eKy1f_y2flz2fMz2f1A$eiAYerAYe" /><g i="1" c="257" charCode="117" p="#^4H5k%4H5w%4G$vPF$vFF0wwF1w5F5w%5FVtRDjw5Bjw0zjw$x8v_wZt_wsr%_w5knx8kwxakFxck_xck%_y5k%_yRq_yYsFz$tkA2v$B2vJD2vuEIt5FHs5F$q%5F5ksF8kCFakMFck4Gck" /><g i="2" c="260" charCode="7853" p="#^lG9o%lGYt%iGiuiGOuqG1vyGfvYGfv%LH5v%LHEvqHQv$GVv%5G$vnF$vXEFvvEivpEsu%cEIuBCjwvAjw5zjw6ysv8xAu8xct8xKr$xWqTy6qOBCp3DoptDhpsEXosEYnsEymIDNlYC$kvB$kgA$kozFlIy9myyLm%fyLm%fymldzGkbAjkaBYjiCYjlGYjlG9o^lEvt%lERp%sD$pdBsqIAIqcznrczRscz0uQzCutAbvFBbvaCbvKCWuiDEuEDfuRD5u5ERtlEBtlEvt^rCOz$BOzEBrziB5ziBFyiBcyEBRx$BvxrCvxWCvxfDQxBDayBDFyBD5zeDrzUCOzrCOz^1zYi%ayYi%hBLe%DCLe%JFYi%TEYi%ZBig" /><g i="3" c="261" charCode="116" p="#^OxEh%OzRg%Oz5k%rC5k%oCEk%rC2l%Oz2l%Ozlr%LzcsLz2ugANuJApvEBpvZBpvhCkvBCfvOCbv%OCPviC$vJB9w8BjwIAjwdzjwxyAvLxKuLxLs%Oxls%Ox2l%fw2liwVkiwBkiwfkfw5k%Ox5k" /><g i="4" c="262" charCode="32" p="#" /><g i="5" c="263" charCode="99" p="#^sH$k%VGFm%IGFmGGDmsGkmfG1m$FOlBFklWE3lfEOkyDOkvBOkkAnmfzQnfzXpfznsuAUtJBpvODpvREpvHFZuiGEufHOt%pHRt%fH$uqGEvsF_vvEjwsDjwoAjwGyvu2xOs2x3q2xcnQyAlDAYjvDYjGEYjAFbkvGpksH$k" /><g i="6" c="264" charCode="104" p="#^Xx5w%Xxid%Xyld%Xzid%XzpmBAdlCBBkECYjYDYj4GYj1Hbl_Hpm_HRo%_H5w%_G$vJG$vzG0wpG1w_F5w%_Fop_FdnpFimMEflbDflwBflJAfmXzfnXzfp%Xz5w%Xy$vFy$vwy0wny1wXx5w" /><g i="7" c="265" charCode="417" p="#^2GsljGplAGjlSGcl0H_kbHLkbHmkbHak5H2k0HVjUGNjPGEjrGDj4GBj2Gxj%2G0i%OG7i%rI7i%oIxi%oItjoIckjICkfI$kRHslmH$lEG9mLHJnLH3qLHDsjGnuKEjw5CjwRzjwlyLuLw5tLwzq%Ow$pOwknpyEl0AYjvCYjyEYj2Gsl^rCLkwALkyzymLy1oLylqLytsyzRtvAvviCvv2Evv$EttKFTrKFXpKFUn3FxmbELkrCLk" /><g i="8" c="266" charCode="105" p="#^vA5k%vA5w%uz$vdz$v3z0wWy1wvy5w%vy5kTy8k0zakazckuzck^LARfLAlgmAJg_z5huz5hZy5hAyKgcyngcyRfcykfAyXeZyyeuzye_zyemAWeLAifLARf" /><g i="9" c="267" charCode="114" p="#^_x5w%_x5kny8kwyakFyck_yck%_z5k%_zBm%5AimNAflwBEkoCYjeDYjGDYj2E5k%HDcm5D$lvCOlvBOlUApmjA5n8ALn_zoo_zCp%_z5w%_y$vIy$vzy0wqy1w_x5w" /><g i="10" c="270" charCode="242" p="#^Ow$pOwknpyEl0AYjvCYjREYjiGDlLHinLH3qLHDsjGnuKEjw5CjwRzjwlyLuLw5tLwzq^rCLkwALkyzymLy1oLylqLytsyzRtvAvviCvv2Evv$EttKFTrKFXpKFUn3FxmbELkrCLk^qEHi%zDHi%CzfgjzZf0zIfZyCfZyif%Zy$e8zveQzve%0Ave9AAekAFezAQeQA7f6BpfgByf" /><g i="11" c="271" charCode="7845" p="#^lG9o%lGYt%iGiuiGOuqG1vyGfvYGfv%LH5v%LHEvqHQv$GVv%5G$vnF$vXEFvvEivpEsu%cEIuBCjwvAjw5zjw6ysv8xAu8xct8xKr$xWqTy6qOBCp3DoptDhpsEXosEYnsEymIDNlYC$kvB$kgA$kozFlIy9myyLm%fyLm%fymldzGkbAjkaBYjiCYjlGYjlG9o^lEvt%lERp%sD$pdBsqIAIqcznrczRscz0uQzCutAbvFBbvaCbvKCWuiDEuEDfuRD5u5ERtlEBtlEvt^1zYi%ayYi%hBLe%DCLe%JFYi%TEYi%ZBig^aJfd%eFIf%nEIf%xHyc%7IYbvIIbTIsb%1JsbEJsbPJ$b%TJocTJCcMJIcJJRcuJ0dgJadaJfd" /><g i="12" c="274" charCode="273" p="#^bIch%bI5w%bH$vVG$vMG0wDG1wbG5w%bGEtBEjwUBjwEzjwjyOuUwctUwcqUwxnmyLlQzYjeCYjyDYjvEAksFclbGpm%bGch%$Cch%$C5g%bG5g%bGid%bHld%bIid%bI5g%fJ5g%fJch^bGLpbGTnsFBmyE$kNC$kCA$kKzOm5z7o5zzq5zssQzLtJAmvvCmvrEmvpFqtbGVrbGLp" /><g i="13" c="275" charCode="110" p="#^Xx5w%Xx5kjy8ksyakCyckXyck%Xz5k%XzpmBAdlCBBkECYjYDYj5GYj1H9l_Hlm_HRo%_H5w%_G$vJG$vzG0wpG1w_F5w%_Fop_FonuFumREflbDfllBflBABmXzLnXzfq%Xz5w%Xy$vFy$vwy0wny1wXx5w" /><g i="14" c="276" charCode="103" p="#^hCSvrySvryRyrykApz4BoARB2CRBEDRBHE9B_FiA_FFy_FVwSEhw5ESvhCSv^BH2k%BH$k%RELkGFnl7GcmBG1nBG2oBG$p0F0rBDYreBYr%NAYrgAYrXz9srzssrz9trzVt_z8uyAmuRBmu%sDmuOHmuOHIxOHTz1GeBgECCrBCCFzCCoyLBUwLAUwYyUwExAxUwgy8wuzVv%uzHvRyyvuybv_xGu_xEt_xQstyisPyWrHzvruyYqXxaqixhpixYnix5mny4lzzYj$BYj%kCYj%OF5k%uG8kMG8k4H6kpH4kBH2k^bzUn%8z9o8zrpUznqEAirUBirdDirYDmqHEqpHE2oHEum5EDlqDEk$BEkFAEkWzylbzrmbzUn" /><g i="15" c="277" charCode="7843" p="#^lG9o%lGYt%iGiuiGOuqG1vyGfvYGfv%LH5v%LHEvqHQv$GVv%5G$vnF$vXEFvvEivpEsu%cEIuBCjwvAjw5zjw6ysv8xAu8xct8xKr$xWqTy6qOBCp3DoptDhpsEXosEYnsEymIDNlYC$kvB$kgA$kozFlIy9myyLm%fyLm%fymldzGkbAjkaBYjiCYjlGYjlG9o^lEvt%lERp%sD$pdBsqIAIqcznrczRscz0uQzCutAbvFBbvaCbvKCWuiDEuEDfuRD5u5ERtlEBtlEvt^$BRi%$BAi$Bmi3C2i7CKhcCBh%cDhg%qDOfyDqfCD0fCD7eoCZdLB4evBqeFBKeIB0fIBpfuBGfhBWfRAZfuAZfbAHfUzpfUz0f%9AledA9esAZdFAJdfBvdRBhdrChdUChd3DjdfDldKDwdeEGdsEZd2FAe2Fqf2FKfNEagwEBg6E7h%tDBh%$CWhOC7iLCfiJCniICsi%GCRi" /><g i="16" c="278" charCode="44" p="#^8x2A%Uysu9zKtgzytBz2t2A2tvA2tOAht6Bwt6BYt6Bfu0BuuWAIuyAiv%BxcA" /><g i="17" c="279" charCode="98" p="#^Ex$v%Exid%Fyld%Fzid%FzymvAilrBGkyCYjYDYjqGYjOHOl$Irn$ILp$IpsxHhuWFjwlDjw$BjwZAEviAevOzvurzLuXyevdyVv5y$v^lD$knB$koAPmBzkoBzUqBzYsxAcutBsv5Dsv$Esv$FytOG0sOGRpOGIn$Frm5F$klD$k" /><g i="18" c="280" charCode="7841" p="#^lG9o%lGYt%iGiuiGOuqG1vyGfvYGfv%LH5v%LHEvqHQv$GVv%5G$vnF$vXEFvvEivpEsu%cEIuBCjwvAjw5zjw6ysv8xAu8xct8xKr$xWqTy6qOBCp3DoptDhpsEXosEYnsEymIDNlYC$kvB$kgA$kozFlIy9myyLm%fyLm%fymldzGkbAjkaBYjiCYjlGYjlG9o^lEvt%lERp%sD$pdBsqIAIqcznrczRscz0uQzCutAbvFBbvaCbvKCWuiDEuEDfuRD5u5ERtlEBtlEvt^rCOz$BOzEBrziB5ziBFyiBcyEBRx$BvxrCvxWCvxfDQxBDayBDFyBD5zeDrzUCOzrCOz" /><g i="19" c="281" charCode="108" p="#^uy5w%uyid%uzld%vAid%vA5w%uz$vcz$v3z0wWy1wuy5w" /><g i="20" c="282" charCode="7901" p="#^qEHi%zDHi%CzfgjzZf0zIfZyCfZyif%Zy$e8zveQzve%0Ave9AAekAFezAQeQA7f6BpfgByf^2GsljGplAGjlSGcl0H_kbHLkbHmkbHak5H2k0HVjUGNjPGEjrGDj4GBj2Gxj%2G0i%OG7i%rI7i%oIxi%oItjoIckjICkfI$kRHslmH$lEG9mLHJnLH3qLHDsjGnuKEjw5CjwRzjwlyLuLw5tLwzq%Ow$pOwknpyEl0AYjvCYjyEYj2Gsl^rCLkwALkyzymLy1oLylqLytsyzRtvAvviCvv2Evv$EttKFTrKFXpKFUn3FxmbELkrCLk" /><g i="21" c="283" charCode="7919" p="#^rz2i%Oy2i_y2hEzmgiAFf8BFfyBFfHBIf%KCfgaDvgBDFgHDHgTDLg3EOg8EOgmEOgAEGgPEygXEng3FbgbFWfjFFfoFvf%$FvfOFygdFfhzE2iED2igD2i6D$hYCYh2CvhzBfhlB8hWAYgEAYg%8A2hUz8hIzrhwzKhrz2i^4HEkzHxkLHgkXH$jXHBjXH5jLHViFHNihHMiVGKiUGEi%UG8h%EHfh%iJfh%fJEh%fJBifJfj6JKj_IdkAIIkiI2lYHclCHml4Hpl%4H5w%4G$vPF$vFF0wwF1w5F5w%5FVtRDjw5Bjw0zjw$x8v_wZt_wsr%_w5knx8kwxakFxck_xck%_y5k%_yRq_yYsFz$tkA2v$B2vJD2vuEIt5FHs5F$q%5F5ksF8kCFakMFck4Gck%4H5k" /><g i="22" c="284" charCode="226" p="#^lG9o%lGYt%iGiuiGOuqG1vyGfvYGfv%LH5v%LHEvqHQv$GVv%5G$vnF$vXEFvvEivpEsu%cEIuBCjwvAjw5zjw6ysv8xAu8xct8xKr$xWqTy6qOBCp3DoptDhpsEXosEYnsEymIDNlYC$kvB$kgA$kozFlIy9myyLm%fyLm%fymldzGkbAjkaBYjiCYjlGYjlG9o^lEvt%lERp%sD$pdBsqIAIqcznrczRscz0uQzCutAbvFBbvaCbvKCWuiDEuEDfuRD5u5ERtlEBtlEvt^1zYi%ayYi%hBLe%DCLe%JFYi%TEYi%ZBig" /><g i="23" c="285" charCode="7887" p="#^Ow$pOwknpyEl0AYjvCYjREYjiGDlLHinLH3qLHDsjGnuKEjw5CjwRzjwlyLuLw5tLwzq^rCLkwALkyzymLy1oLylqLytsyzRtvAvviCvv2Evv$EttKFTrKFXpKFUn3FxmbELkrCLk^$BRi%$BAi$Bmi2C2i6CKhbCBh%bDhg%pDOfxDqfBD0fBD7eoCZdKB4evBqeEBKeHB0fHBpftBGfgBWfQAZftAZfaAHfTzpfTz0f%8AledA9erAZdEAJdeBvdQBhdrChdUChd3DjdeDldJDwddEGdrEZd1FAe1Fqf1FKfMEagwEBg5E7h%sDBh%_CWhNC7iLCfiJCniHCsi%GCRi" /><g i="24" c="286" charCode="234" p="#^5Hvt%2HOu4Gvv_EVvUDjwKCjw5AjwtyFuRw$sRw6qRwoniyJlRzYjBCYjHEYj5GklEHRmEHzp%EH6qMG6qJE3qHC$pBC$p%2z$p%_yvq_yvs9ARtkBbvoDbvwEbvDFBujGeu5Hvt^2z6p%HF6pHFcn3F5mhELkBCLkXALkXz7m2znn2z6p^jzYi%tyYi%zBLe%WCLe%0GYi%aFYi%gCig" /><g i="25" c="287" charCode="113" p="#^bGoqbG4oiFxmhEOkyCOkHAOkRzdm5zun5zLp5z3sOzptKAbvRCbvpEbvlFKtbGnsbGoq^bG5kAG8kJGakSGckbHck%bI5k%bIvC%bHoCVGoCMGpCDGqCbGvC%bGVtVEjwhCjwMzjwgyquUwIsUw6qUwoncyGlwzYjUBYjEDYjUE$kKFJl8GIm" /><g i="26" c="288" charCode="97" p="#^lG9o%lGYt%iGiuiGOuqG1vyGfvYGfv%LH5v%LHEvqHQv$GVv%5G$vnF$vXEFvvEivpEsu%cEIuBCjwvAjw5zjw6ysv8xAu8xct8xKr$xWqTy6qOBCp3DoptDhpsEXosEYnsEymIDNlYC$kvB$kgA$kozFlIy9myyLm%fyLm%fymldzGkbAjkaBYjiCYjlGYjlG9o^lEvt%lERp%sD$pdBsqIAIqcznrczRscz0uQzCutAbvFBbvaCbvKCWuiDEuEDfuRD5u5ERtlEBtlEvt" /><g i="27" c="289" charCode="7871" p="#^5Hvt%2HOu4Gvv_EVvUDjwKCjw5AjwtyFuRw$sRw6qRwoniyJlRzYjBCYjHEYj5GklEHRmEHzp%EH6qMG6qJE3qHC$pBC$p%2z$p%_yvq_yvs9ARtkBbvoDbvwEbvDFBujGeu5Hvt^2z6p%HF6pHFcn3F5mhELkBCLkXALkXz7m2znn2z6p^nzYi%xyYi%DBLe%_CLe%4GYi%eFYi%kCig^xJfd%AFIf%KEIf%THyc%uIYbSIIbeJsb%nJsb0KsbbK$b%eKoceKCc8KIc5KRcSJ0dEJadxJfd" /><g i="28" c="290" charCode="118" p="#^rEvp%rG5kCG8kNGakZGckfHckrHck1I5ktHklpGFnuFJpxE$rpDKuXC5w%bC$vUB$voB5wEAZtczsqNxXmuw5kbxckExckTxckbyakwy7kKy5kgzSlgAvohB7rrCLtsCItGCptVC5tXC2t" /><g i="29" c="291" charCode="7873" p="#^5Hvt%2HOu4Gvv_EVvUDjwKCjw5AjwtyFuRw$sRw6qRwoniyJlRzYjBCYjHEYj5GklEHRmEHzp%EH6qMG6qJE3qHC$pBC$p%2z$p%_yvq_yvs9ARtkBbvoDbvwEbvDFBujGeu5Hvt^2z6p%HF6pHFcn3F5mhELkBCLkXALkXz7m2znn2z6p^nzYi%xyYi%DBLe%_CLe%4GYi%eFYi%kCig^XGOe%4GOe%7ClcQB4cxBObuBIbuBob%uB5bFBBakCBa%xCBaHCGaRCLa4DXalDdbDDvbNDFb" /><g i="30" c="292" charCode="111" p="#^Ow$pOwknpyEl0AYjvCYjREYjiGDlLHinLH3qLHDsjGnuKEjw5CjwRzjwlyLuLw5tLwzq^rCLkwALkyzymLy1oLylqLytsyzRtvAvviCvv2Evv$EttKFTrKFXpKFUn3FxmbELkrCLk" /><g i="31" c="293" charCode="7899" p="#^6CyfgCpfxC7fPCQe3DFedDAenDve%zDveeEveqE$e%qEifqECfmEIf3EZfMDfg%QzHi%ZyHi^2GsljGplAGjlSGcl0H_kbHLkbHmkbHak5H2k0HVjUGNjPGEjrGDj4GBj2Gxj%2G0i%OG7i%rI7i%oIxi%oItjoIckjICkfI$kRHslmH$lEG9mLHJnLH3qLHDsjGnuKEjw5CjwRzjwlyLuLw5tLwzq%Ow$pOwknpyEl0AYjvCYjyEYj2Gsl^rCLkwALkyzymLy1oLylqLytsyzRtvAvviCvv2Evv$EttKFTrKFXpKFUn3FxmbELkrCLk" /><g i="32" c="294" charCode="84" p="#^bE9g%bE8wUD5wED3woD2w5D2wNC2wtC4waC7w$B8w%$B9g2A9gezcgqyfguwsgwwhgyw6gBwWfBwIfBwwfywjfww6fuwYe%oJYe%lJIf%oJsgrIkg3HfgHF9gbE9g" /><g i="33" c="295" charCode="121" p="#^IBYv%Ew5kYw8kdxakvxckRxck7ycktyakPy7k2z5kOzsmEADovBNqLCptyDLrFEZoNFamvG5kHG8kUGak5HckmHckyHck8I5kzFQpiFqqiDQuBCsw3BXz2AvCQzrCDzpCrzoCczoCRyoCGyqCryvClyvC" /><g i="34" c="298" charCode="107" p="#^_zid%_zvo%Xz$oXzdp5Aip%eAlpCAlpmBIoPBgohCRn%RDfm%OF5kaG8kjGaktGckOGck0HckhHakzH7kLH5k%LHjk0GLlNEQmyDUneC6pGCAp7EirjEwr7GDtpH7v8IYv%8I5wHH1wtH0wfH$vUG$vzG$vcG1wRF4wEF5wPE$upDltjC2sUAsqzA3qhA3q_z3q_zYq%_z5w%_y$vIy$vzy0wqy1w_x5w%_xid%_yld" /><g i="35" c="299" charCode="101" p="#^5Hvt%2HOu4Gvv_EVvUDjwKCjw5AjwtyFuRw$sRw6qRwoniyJlRzYjBCYjHEYj5GklEHRmEHzp%EH6qMG6qJE3qHC$pBC$p%2z$p%_yvq_yvs9ARtkBbvoDbvwEbvDFBujGeu5Hvt^2z6p%HF6pHFcn3F5mhELkBCLkXALkXz7m2znn2z6p" /><g i="36" c="300" charCode="46" p="#^_xLu_x8uryItUyftuzft5AftyAIt$A8u$ALu$AnvyARv6AjwuzjwUyjwrySv_xpv_xLu" /><g i="37" c="301" charCode="67" p="#^oLlt%iLYu8KHvJI2wjHpwKFpwEBpwhz_tXwyrXwonXwjjFzVggCCeoGCedJCeKLLfBL7gsLDgjL7heLEh%1LIhlKOgRI7gzHyfiGyf$Cyf6BWhoz5kozvnoz6reBgt5Dpv5GpvrHpvUISulKiuoLlt" /><g i="38" c="302" charCode="109" p="#^Ox5w%Ox5kay8kjyaktyckOyck%Oz5k%OzfmrA7lhBAkdCYjvDYjJEYjKFCkLGgl8HsmUHclQIAkMJYj1LYjfNYjdOdl5Pnm5PRo%5P5w%5O$vQN$vGN0wwN1w5N5w%5Nop5NrnCMvmZLfliKflDIflXHBmsHAnsHip%sH5w%sG$vaG$v0G0wTF1wsF5w%sFLosFflOCfl0BflkAjmOz7nOzOo%Oz5w%Oy$vwy$vmy0wdy1wOx5w" /><g i="39" c="303" charCode="7895" p="#^Ow$pOwknpyEl0AYjvCYjREYjiGDlLHinLH3qLHDsjGnuKEjw5CjwRzjwlyLuLw5tLwzq^rCLkwALkyzymLy1oLylqLytsyzRtvAvviCvv2Evv$EttKFTrKFXpKFUn3FxmbELkrCLk^jzYi%tyYi%zBLe%WCLe%0GYi%aFYi%hCig^EzFd%_yFdbzFcQzYbuAfbkBfbKBfbUBib%XCRbmD6cNDfcUDhc4ElcgEoclEoczEocNEhc0F9c8FZbgFMboFwbwFfbAF5b%bG5b_F9cpFRcMEFdRDFdsDFdiDCd8DzdeC6dMBRcxBLc6BycQAyc%kAFc5ALcVz2dJzkdEzFd" /><g i="40" c="304" charCode="250" p="#^4H5k%4H5w%4G$vPF$vFF0wwF1w5F5w%5FVtRDjw5Bjw0zjw$x8v_wZt_wsr%_w5knx8kwxakFxck_xck%_y5k%_yRq_yYsFz$tkA2v$B2vJD2vuEIt5FHs5F$q%5F5ksF8kCFakMFck4Gck^tCyfCCpfUC7faDQepDFezDAeJDve%VDveBEveME$e%MEifMECfJEIfpEZf7Efg%9AHi%jzHi" /><g i="41" c="305" charCode="115" p="#^BxEt%OxEtiyqu3zZuQzvvFAvvFBvvnCTu6Deu6Dct6DGr9AQqcxZpcxFncxVlmyXkxzYjiBYjaCYj0DakDDkk6EBkKDvlvDpm%iDpm0DJlqCelRBLk9BLk9ALkxzhlVyOlVyOmVyioRBfpOEcqOEisOEaukDiv$BjwcAjwsyjw2xsvfxSumxyuyxYtBxEt" /><g i="42" c="306" charCode="7869" p="#^5Hvt%2HOu4Gvv_EVvUDjwKCjw5AjwtyFuRw$sRw6qRwoniyJlRzYjBCYjHEYj5GklEHRmEHzp%EH6qMG6qJE3qHC$pBC$p%2z$p%_yvq_yvs9ARtkBbvoDbvwEbvDFBujGeu5Hvt^2z6p%HF6pHFcn3F5mhELkBCLkXALkXz7m2znn2z6p^qz2i%My2iZy2hCzmggAFf6BFfwBFfFBIf%JCfg8DvgzDFgGDHgSDLg2EOg7EOglEOgzEGgNEygVEng2FbgaFWfiFFfmFvf%ZFvfMFygbFfhyE2iDD2ieD2i4D$hWCYh0CvhyBfhkB8hUAYgCAYg%6A2hTz8hGzrhuzKhqz2i" /><g i="43" c="307" charCode="49" p="#^2C5w%2CYg%UBVg%5zpiRyOhlyshGzWg5BfgwCzfEDUe%2E$e%2E5wND2wzD0wlD$v2D$vOC$vvC1wdC4w2C5w" /><g i="44" c="308" charCode="432" p="#^4HEkzHxkLHgkXH$jXHBjXH5jLHViFHNihHMiVGKiUGEi%UG8h%EHfh%iJfh%fJEh%fJBifJfj6JKj_IdkAIIkiI2lYHclCHml4Hpl%4H5w%4G$vPF$vFF0wwF1w5F5w%5FVtRDjw5Bjw0zjw$x8v_wZt_wsr%_w5knx8kwxakFxck_xck%_y5k%_yRq_yYsFz$tkA2v$B2vJD2vuEIt5FHs5F$q%5F5ksF8kCFakMFck4Gck%4H5k" /><g i="45" c="309" charCode="236" p="#^vA5k%vA5w%uz$vdz$v3z0wWy1wuy5w%uy5kTy8k0zakazckuzck^RBHi%XAHi%1xfgOw3gIw$ftwRfowIf%iwlf%ow$eAwve8xve%oxveIxCeLxFe_xQefy7fxypfIyyf" /><g i="46" c="310" charCode="361" p="#^4H5k%4H5w%4G$vPF$vFF0wwF1w5F5w%5FVtRDjw5Bjw0zjw$x8v_wZt_wsr%_w5knx8kwxakFxck_xck%_y5k%_yRq_yYsFz$tkA2v$B2vJD2vuEIt5FHs5F$q%5F5ksF8kCFakMFck4Gck^5z2i%ry2iEy2hhzmgXzFfNAFfbBFfkBIf%oCfgPCvgeDFglDHgxDLgJDOgNDOg$DOgdEGgsEygAEngJEbgQEWfYEFf1Fvf%EFvfrFygSEfhdE2ihD2iVC2iLC$hBCYhHBvhdBfh$A8hzAYghAYg%Nz2hyz8hlzrh9zKh5z2i" /><g i="47" c="311" charCode="120" p="#^iB9q%Lw5k2x8kjxakBxck_xckwyckPy9k7z5kiz5kQz4lQAxmLBTnvCLo%UDYm%$F5kbG8koGakBGckRGck2HckjHakAH7kLH5kLGalqFIm0Eko5Dvp%LHPv%LH5w%BG$viG$vXF1wBF4wpF5wNE4vQDFtUCesUBUqZA6s6AktXy$uiy5w_x1wSx0wLx$vyx$vjx$v6x1wWw4wOw5w%OwPv" /><g i="48" c="312" charCode="272" p="#^fzlm%fzYe%VFYeLHYeMIafgKvfoLsgLMyhqNdj5OTk5OIm5OcpdN6rtMLsXK5uRJ2veIxvEG$voD$v%fz$v%fzsn%fysn%fylm^rBYf%rBlm%eGlm%eGsn%rBsn%rBSuOBSufCVuDD2v2E2v%yE$uyG$u2IfuXJitRKkrFLApFL5nFLbjZJwhiIRfBERf5ERfRCVfBBYfrBYf" /><g i="49" c="313" charCode="7875" p="#^5Hvt%2HOu4Gvv_EVvUDjwKCjw5AjwtyFuRw$sRw6qRwoniyJlRzYjBCYjHEYj5GklEHRmEHzp%EH6qMG6qJE3qHC$pBC$p%2z$p%_yvq_yvs9ARtkBbvoDbvwEbvDFBujGeu5Hvt^2z6p%HF6pHFcn3F5mhELkBCLkXALkXz7m2znn2z6p^nzYi%xyYi%DBLe%_CLe%4GYi%eFYi%kCig^vDoc%MDJbRDxb3ElbgE5bSETasFFa3GFawGFaHGHaSGJalHUaQH2b3IlbFIYbFIOcFI6doIyd8IZdIHve%4HZe%CGifpGtflGIfhGWfgGigfGFgfGIg%CFIg%CFWfCFIfGFpfKF6fPFZe%OGFd%1Had9HOccHoccHvb0GlbmFsb6FObfF6cjFocjFNc5F2dUEidsEld4EldND3dvDNcvDoc" /><g i="50" c="314" charCode="7855" p="#^lG9o%lGYt%iGiuiGOuqG1vyGfvYGfv%LH5v%LHEvqHQv$GVv%5G$vnF$vXEFvvEivpEsu%cEIuBCjwvAjw5zjw6ysv8xAu8xct8xKr$xWqTy6qOBCp3DoptDhpsEXosEYnsEymIDNlYC$kvB$kgA$kozFlIy9myyLm%fyLm%fymldzGkbAjkaBYjiCYjlGYjlG9o^lEvt%lERp%sD$pdBsqIAIqcznrczRscz0uQzCutAbvFBbvaCbvKCWuiDEuEDfuRD5u5ERtlEBtlEvt^EFLfnF7hvEVhEDHi9CHiQAHiXzRh2z$gRyLf%OzLf9AtgOAUgrBihiCih5EihOELf^_Eic7F9cpFTbHFAbXFob4GkbeGfb%rGfb6HfbhHLb%hH2chHlceHrcXGJcDG$c%GCsf%QBsf" /><g i="51" c="315" charCode="7907" p="#^fCOzOBOzrBrz5B5z5BFy5BcyrBRxOBvxfCvxJCvx2DQxoDayoDFyoD5z1DrzHCOzfCOz^2GsljGplAGjlSGcl0H_kbHLkbHmkbHak5H2k0HVjUGNjPGEjrGDj4GBj2Gxj%2G0i%OG7i%rI7i%oIxi%oItjoIckjICkfI$kRHslmH$lEG9mLHJnLH3qLHDsjGnuKEjw5CjwRzjwlyLuLw5tLwzq%Ow$pOwknpyEl0AYjvCYjyEYj2Gsl^rCLkwALkyzymLy1oLylqLytsyzRtvAvviCvv2Evv$EttKFTrKFXpKFUn3FxmbELkrCLk" /><g i="52" c="316" charCode="227" p="#^lG9o%lGYt%iGiuiGOuqG1vyGfvYGfv%LH5v%LHEvqHQv$GVv%5G$vnF$vXEFvvEivpEsu%cEIuBCjwvAjw5zjw6ysv8xAu8xct8xKr$xWqTy6qOBCp3DoptDhpsEXosEYnsEymIDNlYC$kvB$kgA$kozFlIy9myyLm%fyLm%fymldzGkbAjkaBYjiCYjlGYjlG9o^lEvt%lERp%sD$pdBsqIAIqcznrczRscz0uQzCutAbvFBbvaCbvKCWuiDEuEDfuRD5u5ERtlEBtlEvt^qz2i%My2i_y2hDzmggAFf7BFfwBFfGBIf%JCfg9DvgzDFgGDHgSDLg2EOg7EOglEOgzEGgOEygWEng2FbgaFWfiFFfnFvf%ZFvfNFygbFfhyE2iDD2ifD2i4D$hWCYh0CvhyBfhkB8hUAYgDAYg%7A2hTz8hHzrhvzKhqz2i" /><g i="53" c="317" charCode="225" p="#^lG9o%lGYt%iGiuiGOuqG1vyGfvYGfv%LH5v%LHEvqHQv$GVv%5G$vnF$vXEFvvEivpEsu%cEIuBCjwvAjw5zjw6ysv8xAu8xct8xKr$xWqTy6qOBCp3DoptDhpsEXosEYnsEymIDNlYC$kvB$kgA$kozFlIy9myyLm%fyLm%fymldzGkbAjkaBYjiCYjlGYjlG9o^lEvt%lERp%sD$pdBsqIAIqcznrczRscz0uQzCutAbvFBbvaCbvKCWuiDEuEDfuRD5u5ERtlEBtlEvt^7CyfhCpfyC7fQCQe3DFedDAenDve%zDvefEveqE$e%qEifqECfnEIf3EZfNDfg%QzHi%_yHi" /><g i="54" c="318" charCode="224" p="#^lG9o%lGYt%iGiuiGOuqG1vyGfvYGfv%LH5v%LHEvqHQv$GVv%5G$vnF$vXEFvvEivpEsu%cEIuBCjwvAjw5zjw6ysv8xAu8xct8xKr$xWqTy6qOBCp3DoptDhpsEXosEYnsEymIDNlYC$kvB$kgA$kozFlIy9myyLm%fyLm%fymldzGkbAjkaBYjiCYjlGYjlG9o^lEvt%lERp%sD$pdBsqIAIqcznrczRscz0uQzCutAbvFBbvaCbvKCWuiDEuEDfuRD5u5ERtlEBtlEvt^qEHi%zDHi%DzfgjzZf1zIf_yCf_yif%_y$e9zveQzve%1AveaAAekAFeAAQeRA7f7BpfhByf" /><g i="55" c="319" charCode="78" p="#^$MYe%$M5w%eM5wPLqvXKyu%8ABi%UzBi%Uz5wBz2wtz0wlz$vbz$v0z$vPy1wCy4wuy5w%uyYe%uzYe%lLRr%BLRr%BLYeUL$e0M1f8M2fhM2ftM2fGM0fTMZe$MYe" /><g i="56" c="320" charCode="7847" p="#^lG9o%lGYt%iGiuiGOuqG1vyGfvYGfv%LH5v%LHEvqHQv$GVv%5G$vnF$vXEFvvEivpEsu%cEIuBCjwvAjw5zjw6ysv8xAu8xct8xKr$xWqTy6qOBCp3DoptDhpsEXosEYnsEymIDNlYC$kvB$kgA$kozFlIy9myyLm%fyLm%fymldzGkbAjkaBYjiCYjlGYjlG9o^lEvt%lERp%sD$pdBsqIAIqcznrczRscz0uQzCutAbvFBbvaCbvKCWuiDEuEDfuRD5u5ERtlEBtlEvt^1zYi%ayYi%hBLe%DCLe%JFYi%TEYi%ZBig^AGOe%JFOe%NBlctB4caBOb7BIb7Bob%7B5biBBaZBBa%aCBakCGatCLaJCXa$CdbhDvbqDFb" /><g i="57" c="321" charCode="87" p="#^OALs%iwYeBw$eSw1f8x2fux2f%FyYe%ozBh%RAIm%YCit%bDitZD4r0F1ogGqkSGBiPHLf2IYerI2fLI2fWI2f6J0fjJZerJYe%bOit%rOitHOBsZOTraPirsPsq%lS$g%XSYeaT$enT1fAT2fRT2f%HUYetUtfVTVgATQhrT8i%HO5wtO2whO0w5O$vRN$vyN$v2N5w%uI2i%iI2i%sD5wdD2w2D0wTC$vEC$vgC$v5C1wTB5wOB5w" /><g i="58" c="322" charCode="243" p="#^Ow$pOwknpyEl0AYjvCYjREYjiGDlLHinLH3qLHDsjGnuKEjw5CjwRzjwlyLuLw5tLwzq^rCLkwALkyzymLy1oLylqLytsyzRtvAvviCvv2Evv$EttKFTrKFXpKFUn3FxmbELkrCLk^6CyfgCpfxC7fPCQe3DFedDAenDve%zDveeEveqE$e%qEifqECfmEIf3EZfMDfg%QzHi%ZyHi" /><g i="59" c="323" charCode="244" p="#^Ow$pOwknpyEl0AYjvCYjREYjiGDlLHinLH3qLHDsjGnuKEjw5CjwRzjwlyLuLw5tLwzq^rCLkwALkyzymLy1oLylqLytsyzRtvAvviCvv2Evv$EttKFTrKFXpKFUn3FxmbELkrCLk^jzYi%tyYi%zBLe%WCLe%0GYi%aFYi%hCig" /><g i="60" c="324" charCode="7879" p="#^5Hvt%2HOu4Gvv_EVvUDjwKCjw5AjwtyFuRw$sRw6qRwoniyJlRzYjBCYjHEYj5GklEHRmEHzp%EH6qMG6qJE3qHC$pBC$p%2z$p%_yvq_yvs9ARtkBbvoDbvwEbvDFBujGeu5Hvt^2z6p%HF6pHFcn3F5mhELkBCLkXALkXz7m2znn2z6p^jzYi%tyYi%zBLe%WCLe%0GYi%aFYi%gCig^rCOz$BOzEBrziB5ziBFyiBcyEBRx$BvxrCvxWCvxfDQxBDayBDFyBD5zeDrzUCOzrCOz" /><g i="61" c="325" charCode="7921" p="#^2COzBBOzeBrzTA5zTAFyTAcyeBRxBBvx2CvxwCvxRCQxbDaybDFybD5zRCrzvCOz2COz^4HEkzHxkLHgkXH$jXHBjXH5jLHViFHNihHMiVGKiUGEi%UG8h%EHfh%iJfh%fJEh%fJBifJfj6JKj_IdkAIIkiI2lYHclCHml4Hpl%4H5w%4G$vPF$vFF0wwF1w5F5w%5FVtRDjw5Bjw0zjw$x8v_wZt_wsr%_w5knx8kwxakFxck_xck%_y5k%_yRq_yYsFz$tkA2v$B2vJD2vuEIt5FHs5F$q%5F5ksF8kCFakMFck4Gck%4H5k" /><g i="62" c="326" charCode="7889" p="#^Ow$pOwknpyEl0AYjvCYjREYjiGDlLHinLH3qLHDsjGnuKEjw5CjwRzjwlyLuLw5tLwzq^rCLkwALkyzymLy1oLylqLytsyzRtvAvviCvv2Evv$EttKFTrKFXpKFUn3FxmbELkrCLk^jzYi%tyYi%zBLe%WCLe%0GYi%aFYi%hCig^xJfd%AFIf%KEIf%UHyc%uIYbSIIbeJsb%oJsb0KsbbK$b%eKoceKCc8KIc5KRcSJ0dEJadxJfd" /><g i="63" c="327" charCode="33" p="#^lB5h%rAFr%XzFr%$y5h%YylgYyFfdz8fuzCe9ACeIACeZAYelBqflBpg^FyLuFy8u7zItBzftcAftOAftdBItFB8uFBLuFBpvdBSvOAjwcAjwyzjw5zSvFypvFyLu" /><g i="64" c="328" charCode="72" p="#^_K9m%_KYefL$evL1fLL2f5M2fwM2fNM$e2NYecNYe%cN5wUM2wEM0woM$v5M$vOL$vuL1waL4w_K5w%_Ksn4KsnZHpnTFlnKFlnRElnLCpnFAsnrAsn%rA5w9A2wVz0wFz$vlz$v4z$vUy0wJy1wfy5w%fyYeIy$eSy1f0z2flz2fMz2f1A$eiAYerAYe%rA9mnB9mvDcmEFfmKFfmEGfmJIcmPK9m_K9m" /><g i="65" c="329" charCode="112" p="#^FzoqFzysxAOtvBbvlDbv5FbvZFBtLGasLGOpLGDn2GnmaFOkiDOklBOkoAJmFzfoFzoq^FzvCozrC9zpCXyoCFyoCoyoC5yqCPxtCExvC%Ex5kUx8k6yaklyckFyckUyckbzakuz7kFz5k%FzFmoAplQA$k$BYjYDYjfGYjEHIlYIknYIIpYIKssHxuZFjwyDjwdCjwiBIvnA4vIzRt" /><g i="66" c="330" charCode="66" p="#^oy$v%oyYe%hDYe8GYeuHKfRIwgRIpiRI5kHHilEGrmUERmGGRmVHInuJLouJLquJstfH$upGBvlFOvhE$vUC$v^BAVf%BAvm%yBymoCymcDpm0EgmKEYlHG5lHGYiHGfhyFwgyEVfrCVf^BAon%BA2v%YC2vNE2vYF_t8HVs8Hcr8H7pHFcosEon$Bon" /><g i="67" c="331" charCode="7903" p="#^$BRi%$BAi$Bmi2C2i6CKhbCBh%bDhg%pDOfxDqfBD0fBD7eoCZdKB4evBqeEBKeHB0fHBpftBGfgBWfQAZftAZfaAHfTzpfTz0f%8AledA9erAZdEAJdeBvdQBhdrChdUChd3DjdeDldJDwddEGdrEZd1FAe1Fqf1FKfMEagwEBg5E7h%sDBh%_CWhNC7iLCfiJCniHCsi%GCRi^2GsljGplAGjlSGcl0H_kbHLkbHmkbHak5H2k0HVjUGNjPGEjrGDj4GBj2Gxj%2G0i%OG7i%rI7i%oIxi%oItjoIckjICkfI$kRHslmH$lEG9mLHJnLH3qLHDsjGnuKEjw5CjwRzjwlyLuLw5tLwzq%Ow$pOwknpyEl0AYjvCYjyEYj2Gsl^rCLkwALkyzymLy1oLylqLytsyzRtvAvviCvv2Evv$EttKFTrKFXpKFUn3FxmbELkrCLk" /><g i="68" c="332" charCode="7911" p="#^4H5k%4H5w%4G$vPF$vFF0wwF1w5F5w%5FVtRDjw5Bjw0zjw$x8v_wZt_wsr%_w5knx8kwxakFxck_xck%_y5k%_yRq_yYsFz$tkA2v$B2vJD2vuEIt5FHs5F$q%5F5ksF8kCFakMFck4Gck^ABRi%ABAiABmiEB2iIBKhNBBh%NChg%$COf6DqfaD0faD7eZBZdkB4e4BqedBKehB0fhBpf3BGfRAWfqAZf2AZfLzHftzpftz0f%JzleOz9e1AZddAJdPAvdqBhd0ChdtChdECjdQCldjDwdODGd0EZdDEAeDEqfDEKfmEag5EBgGD7h%2DBh%zCWhnC7ikCfiiCnihCsi%fCRi" /><g i="69" c="333" charCode="7883" p="#^vA5k%vA5w%uz$vcz$v3z0wWy1wuy5w%uy5kTy8k0zak9zckuzck^BzOz8zOzNyrzry5zryFyrycyNyRx8zvxBzvx3AvxoAQxKAayKAFyKA5zoArz2AOzBzOz^Bz2h8z2hNyIgrylgryVfrysfNy6f8zLeBzLe3ALeoA5fKAqfKAVfKAlgoAIg2A2hBz2h" /><g i="70" c="334" charCode="88" p="#^XzFr%HCsn%RzLi%lxYeIx$e$x1fiy2fHy2f0z2fpz0fOzZe2AYe%lB5h%$DFl5GiibIYeqI$eCI1fPI2f5J2fjJ2fBJ0fTJZe1KYe%BJsf%OFOk%yEFm%lK5w_J2wGJ0wmJ$v_I$vDI$vdI1wPH4wBH5wzF0shDso5CdqXAasXzRtLy5wwy2wjy0w6y$vRx$vBx$vjx1w1x4wUw5w" /><g i="71" c="335" charCode="7859" p="#^lG9o%lGYt%iGiuiGOuqG1vyGfvYGfv%LH5v%LHEvqHQv$GVv%5G$vnF$vXEFvvEivpEsu%cEIuBCjwvAjw5zjw6ysv8xAu8xct8xKr$xWqTy6qOBCp3DoptDhpsEXosEYnsEymIDNlYC$kvB$kgA$kozFlIy9myyLm%fyLm%fymldzGkbAjkaBYjiCYjlGYjlG9o^lEvt%lERp%sD$pdBsqIAIqcznrczRscz0uQzCutAbvFBbvaCbvKCWuiDEuEDfuRD5u5ERtlEBtlEvt^EFLfnF7hvEVhEDHi9CHiQAHiXzRh2z$gRyLf%OzLf9AtgOAUgrBihiCih5EihOELf^Zz2c%dAnbiAabwA$aJALajBxaWBiawCiaZCia8DlakDnaPDyaiEIawE$a7FCb7Frc7FLcSEbdBEDdaE9e%yDDe%3DYeTC9fQChfOCpfNCtf%JClg%3Clg%3CCf3Cnf7C3fcCLehCDe%hDid%vDQcDDrcGD2cGD9btC$aQB5bzBsbJBLbNB2cNBqczBHclBXcWA$cyA$cfAJcZzqcZz2c" /><g i="72" c="336" charCode="7915" p="#^pEHi%zDHi%CzfgjzZf0zIfYyCfYyif%Yy$e8zvePzve%$zve9AAejAFezAQeQA7f6BpfgByf^4HEkzHxkLHgkXH$jXHBjXH5jLHViFHNihHMiVGKiUGEi%UG8h%EHfh%iJfh%fJEh%fJBifJfj6JKj_IdkAIIkiI2lYHclCHml4Hpl%4H5w%4G$vPF$vFF0wwF1w5F5w%5FVtRDjw5Bjw0zjw$x8v_wZt_wsr%_w5knx8kwxakFxck_xck%_y5k%_yRq_yYsFz$tkA2v$B2vJD2vuEIt5FHs5F$q%5F5ksF8kCFakMFck4Gck%4H5k" /><g i="73" c="337" charCode="7897" p="#^Ow$pOwknpyEl0AYjvCYjREYjiGDlLHinLH3qLHDsjGnuKEjw5CjwRzjwlyLuLw5tLwzq^rCLkwALkyzymLy1oLylqLytsyzRtvAvviCvv2Evv$EttKFTrKFXpKFUn3FxmbELkrCLk^jzYi%tyYi%zBLe%WCLe%0GYi%aFYi%hCig^fCOzOBOzrBrz5B5z5BFy5BcyrBRxOBvxfCvxJCvx2DQxoDayoDFyoD5z1DrzHCOzfCOz" /><g i="74" c="338" charCode="100" p="#^bIid%bI5w%bH$vVG$vMG0wDG1wbG5w%bGEtBEjwUBjwEzjwjyOuUwctUwcqUwxnmyLlQzYjeCYjyDYjvEAksFclbGpm%bGid%bHld^bGLpbGTnsFBmyE$kNC$kCA$kKzOm5z7o5zzq5zssQzLtJAmvvCmvrEmvpFqtbGVrbGLp" /><g i="75" c="339" charCode="7913" p="#^bDyflDpfCD7fUDQe7EFehEAerEve%DEvejFveuF$e%uFifuFCfrFIf7FZfREfg%TAHi%1AHi^4HEkzHxkLHgkXH$jXHBjXH5jLHViFHNihHMiVGKiUGEi%UG8h%EHfh%iJfh%fJEh%fJBifJfj6JKj_IdkAIIkiI2lYHclCHml4Hpl%4H5w%4G$vPF$vFF0wwF1w5F5w%5FVtRDjw5Bjw0zjw$x8v_wZt_wsr%_w5knx8kwxakFxck_xck%_y5k%_yRq_yYsFz$tkA2v$B2vJD2vuEIt5FHs5F$q%5F5ksF8kCFakMFck4Gck%4H5k" /><g i="76" c="340" charCode="7893" p="#^Ow$pOwknpyEl0AYjvCYjREYjiGDlLHinLH3qLHDsjGnuKEjw5CjwRzjwlyLuLw5tLwzq^rCLkwALkyzymLy1oLylqLytsyzRtvAvviCvv2Evv$EttKFTrKFXpKFUn3FxmbELkrCLk^jzYi%tyYi%zBLe%WCLe%0GYi%aFYi%hCig^vDoc%MDJbRDxb3ElbgE5bSETasFFa3GFawGFaHGHaSGJalHUaRH2b3IlbFIYbFIOcFI6doIyd8IZdIHve%4HZe%CGifpGtflGIfiGWfhGiggGFggGIg%CFIg%CFWfCFIfGFpfKF6fPFZe%PGFd%1Had9HOccHoccHvb0GlbmFsb6FObgF6cjFocjFNc5F2dUEidsEld4EldND3dvDNcvDoc" /><g i="77" c="341" charCode="63" p="#^ECfl%5B$mkARn3AloOzRoOzlpOzXpbAoqBARqbBRqrBRqXBFq%5CLq%NBsrvByr5ByrWzyr6zOqfyZpfyCofyJnEy_mZynmHzFl%bB2k$BfjgCGiyC5iyCyhyCDgRB3g9BvfbAvfEzvf1zQfqy9g5yBg%XxlfCy$eczPeOzCeoACe6CCe7Duf8Elg8ESh8EViODEjtDmkECfl^5zLu5z8uxzIt_zftBAftbBftEBIt5C8u5CLu5CnvFBRvdBjwBAjw_zjwxzSv5zpv5zLu" /><g i="78" c="342" charCode="83" p="#^BxIs%RxIsGy0uvzBuvAivUBivqDivpEfupFbtpFFrpFJpnDIotBTnBz1nyxMlyxpjyx4hczNfIACe5DCe3ECe1FVe0GcfHGOfyG9gkGMg7Gnh$FSh%LFShnFQgzEfgLDFfFCFflBFfqAugvzihvzBivzvkyBylsDpmlFdnpHqopHFqpHhtzFTuRDpwcBpwaApwZy$vMxBv8xVuixvuoxYtvxptBxIs" /><g i="79" c="343" charCode="40" p="#^yBid%2CLdrAYfKzGi8z1l8z9o8zqpjzOquz9sOznt6ABuFAJv5BBw2C2y%yByyoz2wsyBtxx7rxxOnxxGhyBid" /><g i="80" c="344" charCode="7885" p="#^Ow$pOwknpyEl0AYjvCYjREYjiGDlLHinLH3qLHDsjGnuKEjw5CjwRzjwlyLuLw5tLwzq^rCLkwALkyzymLy1oLylqLytsyzRtvAvviCvv2Evv$EttKFTrKFXpKFUn3FxmbELkrCLk^fCOzOBOzrBrz5B5z5BFy5BcyrBRxOBvxfCvxJCvx2DQxoDayoDFyoD5z1DrzHCOzfCOz" /><g i="81" c="345" charCode="41" p="#^rxyy%Xw2yOxJwkyEvTyyuazmttzasDzUqNzCpNz9oNz1lczHixyYfXwLd%rxidqzsfpA6ioBMkoBOnoB6ruABtBz4wrxyy" /><g i="82" c="346" charCode="82" p="#^rAVf%rALmtALmUAOmkBRmIBRmdCRmxCPmRCMmHDFm7Fjm0GolVGtkVG2jVGlg8EVfWDTfIDSfvDRf6DRf%LCRf^fy5w%fyYe%yDYeqGYeLHUf5JQg5JLi5JMkvH2maG5n$Dvn%8J2u%lKsv%OK5wqK2w6K0wOJ$vlJ$v$I$vNI0wAI1wYH5wyHxvYGIuyG8ulGVt%oD3q%oBIn%rAIn%rA5w9A2wVz0wFz$vlz$v4z$vUy0wJy1wfy5w" /><g i="83" c="347" charCode="81" p="#^iGCeqKCe1NNgOP5jOP5nOPCqONYs5MWucJVv$L1yOO9AiOnANNDAgNTARMcBGMTAIK9zDIkxbHjwOGpwBGpwkCpwLz5u2xIr2xvn2xDjIz7hnCCeiGCe^lNlnlNAl0NjkIM2jLLShPKFgsJ1g5IpfyGpf4DpfcBYhvzfkvzOnvzDrABItqDyvlGyv7Kyv1MeslNUplNln" /><g i="84" c="348" charCode="50" p="#^5zSi%cyEhLzffyCffQEff7GhgyHphyHEjyH5lNGvmaGAnYEUo%$B2s%rAEt%2A8u%9Apu6Bpu$DfuVG5uSH5uOHmuMHAuLHOuLH2vLHhvLHrvMHBvSH$v%5x$v%5xBvayDu9zyt%FA$rrCaqWCCp2EgoBE$mfFvlfFHjfF0iBE8hTD9giC9g9B9gjAUguzDhfzOi" /><g i="85" c="349" charCode="55" p="#^_xff%HIff%HI$fPHqhZFDk0E_nJClqWADtHz5w%Ry$vty$viy1w3y5w_x5w%_xPvwzht3BLqoDXm7EIlzFfjEGfh%xG8h5F8heClhozyh_xyh%5ypg5y5g2yNf0ysf_xff" /><g i="86" c="350" charCode="48" p="#^2DvvZEvvVFntLGorLGBnLGnkWFniZE2gcD2g%6D2gQA2gWz2i9zNj9zFn9zTqGzzsAAvv2Dvv^5x9o5xqkfyciMzff9Dff$FffoHmhOIsjOIBnOIFrcH_tDFjw$CjwOzjwlyYt5xWr5x9o" /><g i="87" c="351" charCode="7923" p="#^IBYv%Ew5kYw8kdxakvxckRxck7ycktyakPy7k2z5kOzsmEADovBNqLCptyDLrFEZoNFamvG5kHG8kUGak5HckmHckyHck8I5kzFQpiFqqiDQuBCsw3BXz2AvCQzrCDzpCrzoCczoCRyoCGyqCryvClyvC^qEHi%zDHi%CzfgjzZf0zIfZyCfZyif%Zy$e8zveQzve%0Ave9AAekAFezAQeQA7f6BpfhByf" /><g i="88" c="352" charCode="58" p="#^_xLu_x8uryItUyftuzft5AftyAIt$A8u$ALu$AnvyARv6AjwuzjwUyjwrySv_xpv_xLu^_xLl_x7lqyHkTyfkuzfk5AfkyAIk$A8l$ALl$AlmyAOm5AfnuzfnUyfnryOm_xlm_xLl" /><g i="89" c="353" charCode="68" p="#^HAYf%HASu6BSubCYugD2vRD2v3F2v5GSu8HGu1IfuXJitRKkrELApEL5nEL8jQJvh1IRfRDRflDRf5CVfRAYfHAYf^uy$v%uyYe%UFYeLHYeMIafgKvfoLsgKMyhpNdj5OTk5OIm5OcpdN6rtMLsXK5uRJ2veIxvEG$voD$v" /><g i="90" c="354" charCode="7861" p="#^lG9o%lGYt%iGiuiGOuqG1vyGfvYGfv%LH5v%LHEvqHQv$GVv%5G$vnF$vXEFvvEivpEsu%cEIuBCjwvAjw5zjw6ysv8xAu8xct8xKr$xWqTy6qOBCp3DoptDhpsEXosEYnsEymIDNlYC$kvB$kgA$kozFlIy9myyLm%fyLm%fymldzGkbAjkaBYjiCYjlGYjlG9o^lEvt%lERp%sD$pdBsqIAIqcznrczRscz0uQzCutAbvFBbvaCbvKCWuiDEuEDfuRD5u5ERtlEBtlEvt^yFLfhF7hpEVhyDHi2CHiJAHiQzRhXy$gLyLf%IzLf2AtgHAUglBihcCih$DihHELf^CBOe%XAOe9BOdOB5drCociDocIDocRDrc%VE$ckFfdLFodRFqd1GvddGzdiGzdwGzdKGrdZGid5H6ddHWclHFctHocyHfc%8IfcYHidnH$dJGOeOFOeqFOefFLe5FIecEfeKD$dvDUd3DIdOCId%iCOd2CUdSBbeGBteCBOe" /><g i="91" c="355" charCode="75" p="#^yKYe%VEpk%LCymOF$pRIst%RKYv%RK5w%vJ$v7J$vJI1wjI4w5I5wDHnveHTuSGmulGOt%UAonRAlnNAlnJAknBAin%vAln%vA5wcA2wYz0wIz$voz$v5z$vNy1wty4wiy5w%iyYexy$eNy1f2z2foz2fQz2f4A$elAYevAYe%vAIm%BAOmJAOm0BBmkBnmDB5mWBPlrCil%BIYeZI$e6J1fgJ2fBJ2fPJ2f5K0fnKZeyKYe" /><g i="92" c="356" charCode="253" p="#^IBYv%Ew5kYw8kdxakvxckRxck7ycktyakPy7k2z5kOzsmEADovBNqLCptyDLrFEZoNFamvG5kHG8kUGak5HckmHckyHck8I5kzFQpiFqqiDQuBCsw3BXz2AvCQzrCDzpCrzoCczoCRyoCGyqCryvClyvC^bDyflDpfCD7fUDQe8EFehEAesEve%EEvejFvevF$e%vFifvFCfsFIf8FZfREfg%UAHi%2AHi" /><g i="93" c="357" charCode="7909" p="#^4H5k%4H5w%4G$vPF$vFF0wwF1w5F5w%5FVtRDjw5Bjw0zjw$x8v_wZt_wsr%_w5knx8kwxakFxck_xck%_y5k%_yRq_yYsFz$tkA2v$B2vJD2vuEIt5FHs5F$q%5F5ksF8kCFakMFck4Gck^2COzBBOzeBrzTA5zTAFyTAcyeBRxBBvx2CvxwCvxRCQxbDaybDFybD5zRCrzvCOz2COz" /><g i="94" c="358" charCode="297" p="#^vA5k%vA5w%uz$vdz$v3z0wWy1wvy5w%vy5kTy8k0zakazckuzck^Ow2i%8w2ilw0h_wlgDxFfryFfUyFf2zIf%5AfglApgvAugFAygUADg7BIggBLgqBOgrBOgJBOgZBEgdCtgjCkgqCbgyCWfGCFfLCvf%lDvf8DygzCfhWB2i$A2iDA2isA$hiAYhozvhWyfhGy8hdyYgXxYgOxYgwx2hfx8h2xrhSwKhOw2i" /><g i="95" c="359" charCode="7863" p="#^lG9o%lGYt%iGiuiGOuqG1vyGfvYGfv%LH5v%LHEvqHQv$GVv%5G$vnF$vXEFvvEivpEsu%cEIuBCjwvAjw5zjw6ysv8xAu8xct8xKr$xWqTy6qOBCp3DoptDhpsEXosEYnsEymIDNlYC$kvB$kgA$kozFlIy9myyLm%fyLm%fymldzGkbAjkaBYjiCYjlGYjlG9o^lEvt%lERp%sD$pdBsqIAIqcznrczRscz0uQzCutAbvFBbvaCbvKCWuiDEuEDfuRD5u5ERtlEBtlEvt^GFLfpF7hxEVhGDHiaCHiRAHiYzRh4z$gTyLf%QzLfaAtgPAUgtBihkCih7EihQELf^rCOz$BOzEBrziB5ziBFyiBcyEBRx$BvxrCvxWCvxfDQxBDayBDFyBD5zeDrzUCOzrCOz" /><g i="96" c="362" charCode="7917" p="#^ABRi%ABAiABmiEB2iIBKhNBBh%NChg%$COf6DqfaD0faD7eZBZdkB4e4BqedBKehB0fhBpf3BGfRAWfqAZf2AZfLzHftzpftz0f%JzleOz9e1AZddAJdPAvdqBhd0ChdtChdECjdQCldjDwdODGd0EZdDEAeDEqfDEKfmEag5EBgGD7h%2DBh%zCWhnC7ikCfiiCnihCsi%fCRi^4HEkzHxkLHgkXH$jXHBjXH5jLHViFHNihHMiVGKiUGEi%UG8h%EHfh%iJfh%fJEh%fJBifJfj6JKj_IdkAIIkiI2lYHclCHml4Hpl%4H5w%4G$vPF$vFF0wwF1w5F5w%5FVtRDjw5Bjw0zjw$x8v_wZt_wsr%_w5knx8kwxakFxck_xck%_y5k%_yRq_yYsFz$tkA2v$B2vJD2vuEIt5FHs5F$q%5F5ksF8kCFakMFck4Gck%4H5k" /><g i="97" c="363" charCode="8220" p="#^OFLe%2EjkTDWkIDdlnDLlUCLlwCLlcCulUBdlUBOkUBtk3C7k7C$jrCvj%pFCe^yBLe%OzjkDzWkrzdl7zLlFyLlgyLlYxulExdlExOkExtkPx7kTx$jcyvj%9BCe" /><g i="98" c="364" charCode="8221" p="#^ixyl%2z$fizhfqz6fLzCecACeEACeXARefB4ffBvffBOf9B1g3BfgIARg%LxLl^yByl%iD$fyDhfGD6f$DCesECeVECecFRevF4fvFvfvFOfpF1gjFfgYERg%$BLl" /><g i="99" c="365" charCode="80" p="#^bAco%bA5wUz2wEz0woz$v5z$vOy$vty1w9y4w_x5w%_xYe%rCYe4GYeuHTfUINgUI2jUIglBHrmjGBnyD9o6DcoDCfo8Cio5CioFBio_AfojAcobAco^bAYf%bAfn%hBin%ECfnuE4nxF_lBGTkBGbjBGShXF0hdF5gNDYf%8CVf" /><g i="100" c="366" charCode="7857" p="#^lG9o%lGYt%iGiuiGOuqG1vyGfvYGfv%LH5v%LHEvqHQv$GVv%5G$vnF$vXEFvvEivpEsu%cEIuBCjwvAjw5zjw6ysv8xAu8xct8xKr$xWqTy6qOBCp3DoptDhpsEXosEYnsEymIDNlYC$kvB$kgA$kozFlIy9myyLm%fyLm%fymldzGkbAjkaBYjiCYjlGYjlG9o^lEvt%lERp%sD$pdBsqIAIqcznrczRscz0uQzCutAbvFBbvaCbvKCWuiDEuEDfuRD5u5ERtlEBtlEvt^EFLfnF7hvEVhEDHi9CHiQAHiXzRh2z$gRyLf%OzLf9AtgOAUgrBihiCih5EihOELf^vDsf%FCsf%Iy$coyJc5yrc2ylc2y2c%2yLbdyfbUyfb%5zfbfzkbozobFzAbWzTbcA9clAic" /><g i="101" c="367" charCode="65" p="#^NECe%iM5w0M4wFL1wjL$v_K$vCK$veK1wTJ4wEJ5wtIzs1Hip%HAipEzTr4zotxyVuby5wRx1wHx0wxx$vix$v1x$vNw1wxw4wow5w%bECe^EGfo%UDSh%8Bfo" /><g i="102" c="368" charCode="7881" p="#^vA5k%vA5w%uz$vcz$v3z0wWy1wuy5w%uy5kTy8k0zak9zckuzck^Zw6f%cxqeixdewx3eIxOdjyAdWyldwzldZzld8AodjAqdOABdhBLdwB3e6CFe6Cvf6COfRBfgBBHg9Bch%yAGh%3A$hTzciQzkiNzsiMzxi%Jzpj%3zpj%3zEi3zqi7z6ibzOhgzGh%gAlg%vATfCAvfFA6fFAcetz3eRy9ezyveIyOeMy6fMytfyyKfly$fWx2gxx2gfxMfZwtfZw6f" /></glyphs></font><font id="50" name="UTM AptimaBold Charset1_ 69tRkgrkMAr"><glyphs><g i="0" c="256" charCode="81" p="#^vG$fzD$faCniXAskXAfoXA0r8CQsyDYubGYuMIYufKMsLLzqLLYmLL8kxKfi7J$fvG$f^LImy%2GswQBswlz7uOwKrOwvnOwpjGzVgqCveEGveOKvelNYgUPpjUPonUPsqaOLstM2vxJ$vUM7y2QOz8OaAyMcBwKAzLImy" /><g i="1" c="257" charCode="50" p="#^bI$v%cx$v%cxVutzNsnAQrfCQpfD6ovEWlvEYjvExiRDwh3DlgIBlgCAlgUzBhizGiizVj%lz$j%5z2kGyyj8y5jDxEi8xpiLxOgfzZfAAffoCffTEffpGhgbIthbISjbIvlfHVmVGsndG9oLFDo$Eip7CNr6BOs%6BYs%iEYsYEYsfGSsyHLsbILs7Iyt2Imu7IavbI$v" /><g i="2" c="260" charCode="112" p="#^2DIudEBuOEotoFasoF6qoFRnVEImmEplbDplNBplbBdnOAsoOAfqOA0s6B0tFBIu2DIu^oxvC%ox$jOx2k9y4kxy5k5z5kuz5kZz3ktA1kKA$j%KAcm9B2l2CpkYCLj8ELjGGLjZHBl5Jcn5JRp5J0tAHNubGmw5EmwWCmw3CQvnBpvRAyu%RAvCwAtCdArClzlC8zlCRylCgyqCIxvCoxvC" /><g i="3" c="261" charCode="108" p="#^cB6d%cB8wTA7wzA5wIz$vuz$vcz$vDy3w2y8wLx8w%Lx6d2y6dDybdczfduzfdRzfdiAcdMA9dcB6d" /><g i="4" c="262" charCode="97" p="#^oD$r%oDzpFCQpcCZpnBhqVAEqrA$qgAur5AZr5AIs5AytpA7uJAIuvBIuwCIu$CQtoD5toD$r^SG5n%SGVtSG8vVH8v%5I5v%5IEvAHVvXG7wiGmwRFmw$EmwlESvIDmvoDvuWCmv2CSvaBmwcAmwAymwAxvvBwEuBw2tBwkrIxvqByQpcBcpNB2p6CXoFCNo$CyocDnoiD7ooDTnoDBnoDImEC3mUBpl$AplWzplWy$l5yvmYxYm%OxYm%sxsliyGkBzdkUALj6CLjZDLjfFtkSGnlSG5n" /><g i="5" c="263" charCode="121" p="#^lyvC%yB2w%uw$jOw$jxx2khy5koy5kHy5krz2kbA$jhA$jXASlmB$mNB7ohDLr%eEcpKEUnYEgnxFLl8G$jpG2kEG2kUG2k7H2k%xH2kHH2kSH2k4I$jbI$j%EFIp3EitVC5wMBVyrAvC9ArCXzpCJzoCozoC8zoCQyqCwytClyvC" /><g i="6" c="264" charCode="32" p="#" /><g i="7" c="265" charCode="110" p="#^ox8w%ox$jOx2k9y4kxy5k2z5krz5kWz3kqA1kHA$j%HASlwBTkoCmkqDLjyELjLGLjHH8luIlmuIOo%uI8waI7wSH5w_G$vOG$vuG$vVF3wlF8w2F8w%2FUp2FTnHE$mdESl$CSlBBSl6BvnRAsoRAlq%RA8wyA8wZz3woz$v5z$vLy$vhy2wPx5wox8w" /><g i="8" c="266" charCode="111" p="#^lCmwMzmwfyJuLw3tLwiqLwknfyylLzLjoCLj$ELjwGml2IYm2ILp2IHsxGxu0FmwlCmw^vCVkcBVkCAsm9AJn9Afq9A7svAkt2BbvlCbvzDbvaEktEEOrEElpEElnaEdmDDVkvCVk" /><g i="9" c="267" charCode="116" p="#^yBBl%yBIsyBYtLBuuZB$uNC$u0D$ucDZuoDWuUDOu%UDLvtCmwhBmwtzmwIybv5yfu5yis%5yBl%owBlrwilrwOk%rwvkrwnkrwfkow4kow$j%5y$j%5y8hHzwgyBCf%yB$j%HD$jBDvkBDOkBD$kHDBl" /><g i="10" c="270" charCode="101" p="#^BARo%hERohEkn2EpmEDVkECVkqBVkWAnmBAknBARo^LH3q%BA3q%yAsqyApslBtteCIu2EIuPEIuAFqulG7u_GBt%iHOt%LGbv5Fmw8Dmw3AmwtyDuUwTsUwLpUw4npyqlXzLjBCLjdFLjyGklLHLmLHip" /><g i="11" c="271" charCode="102" p="#^5yBl%fwBl%fw$j%5y$jgyOiwyWhTyIgozRf6Ate1BPdZB9diD9d%yEfdyEAdtEiepE0fpElf%sEpg%8EygDDhg0D3gqCRfXBRfoBRf5BVfOAYfyA9gtAegoAigfAtgfAIgfA7hFAiiJAsilB$j%UD$jRDdkPDpkNDBkNDOkND$kUDBl%yBBl%yB8wfB8wGA3w5A$vOz$vrz$vZy2wwy5w5y8w" /><g i="12" c="274" charCode="114" p="#^Ix8w%Ix$jqy4kFy5kUy5koz5kIz5kpA2k6B$j9B$j%9B5nzBxlqCJksDLjbFLjbF8k6F$k2FSl2Ffm%5F9n%RElnDEcngE7nWD2nBD2nLB2niBIo6Bop6Biq%9BCr%9B8wRA8wgA3wIz$voz$v2z$vAy2w7y5wIx8w" /><g i="13" c="275" charCode="98" p="#^lx$v%lx6dEx6ddybdOyfd5zfdrzfdVzcdnA9dOA6d%OALliBOkaChk2DLj8ELjtGLjRHAl5Jfn5JFp5J2rOI9sqIwtEHpu$FmwsDmwnCmwtBWvzAtv_zBurzVuEysvXxWvRx$v^OA9qOAQskB0uTBbv$Cbv8EbvMEPtoFqsoF3qoF9o5F9nzEpl8DplHBpl8BanOAgoOA9q" /><g i="14" c="276" charCode="115" p="#^8xYs%OxYs9yWtTyuuCz2vEA2vkB2vXBCuyCauyCytyCDs3BZrxyRqiyGqOwDpOwLnOwVl1yQkgzLj5BLj2CLj$C3kZDnkHEYk%5E9n%oD9neDjmxCHlRB2l2B2liA2lLzplczMlczvmczon7CAo2FLp2Fls2F5uKDevrCmwfAmwcymwOwiv" /><g i="15" c="277" charCode="49" p="#^yB8w%yB$h7ANiByvjgyQiBxfi%Bx2i7zyhhA4hrBBgOEYe%$E6f%$E8wIE8w7E3wyD$vfD$vUC$vqC2wZB5wyB8w" /><g i="16" c="278" charCode="46" p="#^rzmwCymw0yLvrx7vrxiurxtt0ySsCyfsrzfshAfsVASsyBstyBiuyBavXAMvkAmwrzmw" /><g i="17" c="279" charCode="51" p="#^vA2o%vAOm%9BRmDCRmkDPlYDWkYDmjYDaiwDnhZClgUBlgJAlg9AfhJzVhvzmj%9zmjByOijyxiLxYhsxIhgylgDzLfLAffrCffVEffgGhgEHihEH2jEHAkOGxl2GnmyEVm%cE2n%9Ecn9EinsElnLEonVEonBGWn4HgojIcpjIirjIytpGYuwEmwUBmwlAmwdzYvTxtv2xpuqxVtSxjtjyIsByfs%Yyis7zBtJzkusAbvIBbv$CbvRD0uBEZsBEFrBEvpADGoOC2ofB2o" /><g i="18" c="280" charCode="272" p="#^_x6o%_xpm%_ypm%_yYe%HGYerKYetMqheOBjeO$meO9rCLDt5J$v8F$v%_y$v%_y6o^KCpg%KCpm%eGpm%eG6o%KC6o%KCyu%$DyuRGyulIYs5K4r5KYm5KyjxIWh4HpglEpg" /><g i="19" c="281" charCode="193" p="#^iGUq%rAUqXzksLzWs0z$uIy5wty4way1wUx$vxx$vfx$vUw1wxw4wlw5w%vDLeJDOeYDOebEOesEOe%NEOeVEOe3FOeiFLeoFLe%lM8wRL8wzL7wfK$vcK$vIJ$vqJ1w5I8w1I8waH5tiGUq^8Blp%HFlp%vDyj^YEB9rF49HFW84GI8DGI87HI8qH19JHm9JHO9JHjaiHJa5HUapGib%aDld%MBld%YEB9" /><g i="20" c="282" charCode="80" p="#^yBCo%yB8wfB8wCA3w_z$vIz$vnz$vLy3w7y8wOx8w%OxYe%YDYeiJYeiJbjiJjm7HAnlFCoyBCo^yBig%yBcnrCcnbD2nnEJmYELlsFVksFEjsF8iMEdh5Eig5Dig" /><g i="21" c="283" charCode="78" p="#^5y5w%5yYe%CAYe$FOkpLFq%pLYeML$eWL1f4M2foM2f%oNYe%oN8w%fL5w7JKt0HlreFlpRCOm%5AYj%5A5wJz2wAz0wrz$v5z$v" /><g i="22" c="284" charCode="83" p="#^5Gci%LFcilF8hDEAgWD$fRC$ftB$fNAGg5Alh5Asi5APj3CTkyFOmKFYmHHvoHHYqHHltRFVu$Dsw6Bsw_zswXybwVxWv2xmvgxyuuxJtIxTsOxcs%fycsyyttuzduqAYuIBYuYCYuLDiuFEAtFElsFELqJCIpWALo9zOncxjmcxLjcxvhFy2gcAveYCveeEvejFTepGffVGIfGGigsG2heGNh5Gci" /><g i="23" c="285" charCode="65" p="#^iGUq%rAUqXzksLzWs0z$uIy5wty4way1wUx$vxx$vfx$vUw1wxw4wlw5w%vDLeJDOeYDOebEOesEOe%NEOeVEOe3FOeiFLeoFLe%lM8wRL8wzL7wfK$vcK$vIJ$vqJ1w5I8w1I8waH5tiGUq^8Blp%HFlp%vDyj" /><g i="24" c="286" charCode="73" p="#^iy8w%iyYeByYedz1fRz6f9A6ftA6f5B1fJBYe2CYe%2C8wJB8w5B3wtA$v9A$vRz$vdz3wBy8wiy8w" /><g i="25" c="287" charCode="52" p="#^oDYr%RwYrWwlr_wLq_wvqXwaqUwRpRwzpuxFoMyLm2AQkRABjlCqhHCVghD$fKDff7EifsEkfNElfiFlfGFlf7GjfAGhfRGff%RGfp%UIfpRICpPIVpOIcqOICqOIWqPIhrRIDrUIYr%RGYr%RG8wyG8wZF3woF$v5F$vKE$vgE2wPD5woD8w^oDfp%oD$h%Ey6p%Lyfp" /><g i="26" c="288" charCode="105" p="#^Kx8w%Kx$j1y$jJy2kqz5kuz5kWz5kqA3kWA1kbB$j%bB8wSA7wzA5wHz$vuz$vbz$vCy3w1y8wKx8w^uxpfuxCe3y1eEyrdrzrdeArdQA1erBCerBpfrBegRAQggAphrzphEyph3yPguxcguxpf" /><g i="27" c="289" charCode="117" p="#^pH$j%pH8wBG4wOF$vtF$v1F2wBE5wbE8w%bEiunDbv$CvvXBmwyAmwAzmwJyZvTxAvlxOuZweuOwrtEwDsEwLr%IwUq%Iw$j%ly5kFy5kjz2kZz$j2A$j%2AUq2A0s4Ajs7ABsiAYsyABtXAWtlBfu$BfunDfuQDZs5Ecs5Evq%5E$jvE2kTE4kfF5kKF5k8G5kDG3k7H1kpH$j" /><g i="28" c="290" charCode="109" p="#^lx8w%lx$j3y4kiy5kxy5k2z5klz5k2A2kLA$jOA$j%OASllBWklClklDLjsELjGFLjwGkkmHVkOH2mrI$kqJnkqKLjBLLjFNLjCOWkvP1mvP9o%vP8wbP8wCO3w2O$vKN$voN$vWM2wtM5w2M8w%2Mlp2MfnALzm6LSlcKSl_ISlwIBm8Icn8Iyo%8I8wRH8wgH3wHG$voG$v2G$vAF2w7F5wHE8w%HElpHEfndEzmMDSlRCSlHBSlbBOmOAynOAOo%OA8wvA8wWz3wlz$v2z$vIy$vey2wMx5wlx8w" /><g i="29" c="291" charCode="53" p="#^Xypf%fHpfbHNf9H7g8Hsg8HRg8Heh9HChbHZhfHmi%5Ami%UzIm%2ALmBAsmdBkmRBcmyCcmMDcmFEsmyFImoGonXHJoXHRqXH7smHbtOGfuKF$uTEDvCD$vlCmwbBmwZzmwSy0wLxGvOwYuzxQt1yps%oypsIyytizhu2Abv8BbvMCbvzDVteEOseE6reEDpoDyo$C4orCOnUBvniBvnHAvn7ANnzz2o9zvo%xy9o" /><g i="30" c="292" charCode="54" p="#^uGlg%lGBg0GsgsFpgVElgRElg0ElghDOgzCeh2CYhFBqiqBZigBkjWAGkBA$lBAcn%KAinUB$lBD$lOF$leHjnHICoHIOqHIft_GPuiFmwNCmwaCmwoBbwCA1w8ALvZybvey5uzx9tfxXrXwJqXwopXwOmIxAkEyYhrAygjBVfsCAfBDffNEff7FffqFgfJFhf1Glf5GzfdGQfmG5guGlg^EA2rEAKsXAEtrBbvKCbvUDbvwEQt_ELs_Esr_EUpDEWo2EsnKCsnBBsn2BJoEAGpEA2r" /><g i="31" c="293" charCode="55" p="#^Expf%2Jpf%fJRfNG1kOEQnvCesRA8w1A4wcz$vRy$vqy2w$x5wBx8wWzBs9C1pBE4l$FBi%ExOiGxviKxVhOxihOx5hOxLgLxigIxQfExpf" /><g i="32" c="294" charCode="100" p="#^rI6d%rI8wDH4wOG$vsG$v$F2wyF5w8F8w%8FVtJE1vPDIvWCmwHBmw6zmwTxquOwNsOw3qOwsnXxJlgzLjBBLjOCLjDDaktEBk$Eyl%$E6diF6dTFbdsGfdLGfd5HfdzHcd1I9drI6d^UCplvBplUAanvAlovA9qvATrQAYslBIuHCIu5EIuHETs5FFr5FRp5FaoKE5nbEplUCpl" /><g i="33" c="295" charCode="75" p="#^Rx8w%RxYe9yYeMy1foz6fIz6f0A6fEA1fhBYeBBYe%BBOmaDWkSEViMGBg5IYeMI0frJ6fIJ6f2K3foK$eLKYe%LK9f%EGsj%hE5m%_KLv%_K8wIK8w3K3wrJ$v8J$vPI$vbI3wAH8wfH8w%BB9o%BB8whB8wEA3w0A$vIz$voz$vMy3w9y8wRx8w" /><g i="34" c="298" charCode="7870" p="#^XxYe%rJYeoJeflJCfiJZfiJ2gmJzgrJ5haIZgfGSglELgBCLg%HBLg%HB9m%HF9mSG9msH7m3I4mlJVlfJsm8J$m8JcncJvngJOnlJ2oHI$nxHWnoGRnHFRn%HBRn%HBcuSDcuXF6u1I$trJRtmJnuiJVuiJ7vlJqvoJJvrJ$v%Xx$v^FJP58Ki5oK85MKV4jLV4PLV46Mf5qMA5qM06qMx6_LX6OL676Lw7%SHz9%tGz9%FJP5^vCc9%REc9%UHCd%uGCd%HD5b%RACd%uzCd" /><g i="35" c="299" charCode="84" p="#^UELg%UE8wBE8wZD3wlD$v2D$vJC$v5C3wtB8w8B8w%8BLgUzLgIyRgxxWguw5hxwNgAwrgEw5gEw$fEwNfAwwfxwefuwYe%oJYejJtfeJ$feJfghJyglJRgoJ5h6IWg1HRgZFLgUELg" /><g i="36" c="300" charCode="85" p="#^Xx9p%XxYeMy0fBz6fqA0feBYe%eB2meBfnfBuogBJpoBOqEB0sMBls0C2tBCEtDDLu5FLuEGLuxH2urIlt1JIrfJ9rlJXprJIorJym%rJYeLJ$eTJ1f0K2fiK2fwK2fMK0f1LZebLYe%bLRnbLFqUKTrqKTtRI5v_HQvWG8wSFswEEswkCswMAAvRyvuiyfs6yvr0yMqXx1qXx9p" /><g i="37" c="301" charCode="7842" p="#^iGUq%rAUqXzksLzWs0z$uIy5wty4way1wUx$vxx$vfx$vUw1wxw4wlw5w%vDLeJDOeYDOebEOesEOe%NEOeVEOe3FOeiFLeoFLe%lM8wRL8wzL7wfK$vcK$vIJ$vqJ1w5I8w1I8waH5tiGUq^8Blp%HFlp%vDyj^iHW8%kH99%iHG9iHaaAGRa3GlbhFObOE1cCEicrEDcnEJc%hE9d%hEvd%FDvd%FDucFD7cOEJalF2alFj9lF198FA8YE78GEZ7nEL7NDL7GDL7pDZ79Da84Df8oDu8wDF8FDQ8FD59FDy9gDU9UCdapCdaYBdaFBV9mBA9mB59%pBQ8IBc8fCM76D77nE77LF77zGM76Hd8iHW8" /></glyphs></font><font id="60" name="CambriaBold Charset1_ 6j08mXsaWkZ"><glyphs><g i="0" c="888" charCode="49" p="#^OFBsOFitTFFtYF0u8GfulGtuJGCu6HKuGHOufISucJUu%cJ$v%Fy$v%FyUu0AQuBAKuaBDutBquNBcuWBQt3Cst3CBs%3CMj3CgjTB2jHBQimBQi2BQiuA6jXzojGyfk%WxZi%iE8f%SF8fOFjgOFoi" /><g i="1" c="889" charCode="46" p="%^yAjsyA$vfx$vfxjs" /><g i="2" c="896" charCode="50" p="#^cF0t$F0toGVsNGNs$GvseHcsnHDr%NIDr%vI$v%jx$v%jxbvQx0uOyEsMzgr9BDpuC4oaD4nSD4mcEblyEikyEljyE$hXDehlDtgjCtgkBtgHAah2AShMzlj%zxlj%zxsg2zSfUzDfKAofzBgfoC8flD8f8F8fgGDfpH6gVHXgqILhqISiqIPj3IFkIHulPGymXFBnRDApUCvq4CrrgBmsTAUs%TA0t" /><g i="3" c="897" charCode="51" p="#^Nxmj%NxsgTA8foD8fUE8f1GzfbHZfPHNgsIAhsIIisILj1IxkDHjlTGVl7GumWE2n%WE9n_FlnSGTnKHoofIhpMI9qMIjrMIKs4IRtoHXu_FzvAEbwACbwcBbwSzXvxyHvyxfv%yxas%Lzas5AAtKAcuoBQurCQu1FQu1FDr1FVp7E3pdDdomBdo%oAdo%oAQmwCLmCDRlJEWkJEcjJEShaEahDDtgzCtgZBtgsBKgYA$gyAFh9Aii_zmj" /><g i="4" c="898" charCode="52" p="%^TBbv#jC4vACXu#RCOuZCzu#6Dju8DXt#aDztaD_saDarEwarEwRp2EffOGffOGDpaHDp#MHDp$Hyp#fItpqIfp#CI1pMIto2KtoVJarOGarOG_s#OGDtRG0u#VGpu2HEu#cHSusHZu#JH4v6Ibv6I$vTB$v^$yDpaDDpaDQm#aD4liD8jaD8j$yqp" /><g i="5" c="899" charCode="81" p="#^gHPv%1ISwjIfxzIyxQISx7J4yqJiyHJoyYJuygKuyFKuyWKpybLlytLayML$x9MGx%0NKycMvzzLVzWKkAkKvALJGAZIGA7IGArHtAMGhA7GNzuFhzVEoy%sD8wuBXv7A0vMy5u1yjsixwqixPnix3lay7j2zahKA9grC8fNE8fqI8ffKeh5Mkj5Msn5MPqTKXsGJ2vgHPv^aBunaBar3CZsYCMuMEMuIFMumGgu0HLtqHRsRHXr0IHqbIrpbIYnbIxlOHUjqHfiEGphTFzgGEzgUCzg1CgiaBYjaBun" /><g i="6" c="907" charCode="55" p="%^yJ8gNC1wgA1wgAbvpGNipGBiZABi#rABi5AHi#MzMizzYi#mz8jdzsj#5zLjYypkxxpkSxlfyJlf" /></glyphs></font></bwFonts>